customer_id,churn_probability,risk_level,retention_priority,tenure,MonthlyCharges,TotalCharges,Contract,InternetService,PaymentMethod,TechSupport,OnlineSecurity,PaperlessBilling,actual_churn
8406-LNMHF,0.06764878458805029,LOW,MONITOR,59,82.95,4903.15,One year,Fiber optic,Credit card (automatic),No,Yes,Yes,No
9488-FYQAU,0.08661427050763326,LOW,MONITOR,63,109.25,6841.4,Two year,Fiber optic,Bank transfer (automatic),Yes,No,Yes,No
0114-IGABW,0.013153082229259908,LOW,MONITOR,71,58.25,4145.9,Two year,DSL,Bank transfer (automatic),Yes,No,No,No
7802-EFKNY,0.5967814635895893,MEDIUM,ENGAGE,5,24.95,100.4,Month-to-month,DSL,Electronic check,No,No,Yes,Yes
7503-EPSZW,0.004247245971055082,LOW,MONITOR,64,24.05,1559.15,Two year,No,Mailed check,No internet service,No internet service,Yes,No
5386-THSLQ,0.03176604229157257,LOW,MONITOR,66,45.55,3027.25,One year,DSL,Bank transfer (automatic),No,No,No,No
4291-SHSBH,0.6587475008185846,HIGH,URGENT,7,69.55,521.35,Month-to-month,Fiber optic,Electronic check,No,No,Yes,No
0042-RLHYP,0.001885752796332112,LOW,MONITOR,69,19.7,1396.9,Two year,No,Bank transfer (automatic),No internet service,No internet service,No,No
5863-OOKCL,0.1370265080542058,LOW,MONITOR,10,18.85,163.2,Month-to-month,No,Mailed check,No internet service,No internet service,No,No
2607-FBDFF,0.30782152209871383,MEDIUM,ENGAGE,1,49.0,49.0,Month-to-month,DSL,Credit card (automatic),Yes,No,No,No
9079-LWTFD,0.17575456833917627,LOW,MONITOR,47,100.75,4669.2,Month-to-month,Fiber optic,Mailed check,Yes,Yes,No,No
6429-SHBCB,0.35852641371658217,MEDIUM,ENGAGE,19,69.6,1394.55,Month-to-month,DSL,Mailed check,No,No,No,No
3137-LUPIX,0.4452501536185308,MEDIUM,ENGAGE,4,64.4,253.0,Month-to-month,DSL,Mailed check,Yes,No,Yes,No
5206-HPJKM,0.19072781947444997,LOW,MONITOR,17,55.5,934.15,Month-to-month,DSL,Credit card (automatic),No,Yes,Yes,No
9199-PWQVC,0.04807324102591187,LOW,MONITOR,63,79.7,4786.15,One year,DSL,Credit card (automatic),No,Yes,Yes,No
6171-ZTVYB,0.06394637653210565,LOW,MONITOR,43,66.25,2907.35,Month-to-month,DSL,Bank transfer (automatic),Yes,Yes,No,No
1456-TWCGB,0.2934840634547625,LOW,MONITOR,4,49.25,208.45,Month-to-month,DSL,Mailed check,No,No,No,No
3313-QKNKB,0.18153432268521563,LOW,MONITOR,59,85.55,5084.65,One year,Fiber optic,Electronic check,No,No,No,Yes
8232-CTLKO,0.01493699500110952,LOW,MONITOR,66,59.75,3996.8,Two year,DSL,Electronic check,No,Yes,Yes,No
2984-AFWNC,0.6864121349156415,HIGH,URGENT,3,95.4,293.15,Month-to-month,Fiber optic,Electronic check,No,No,No,No
3623-FQBOX,0.10532571459927248,LOW,MONITOR,21,19.95,416.4,Month-to-month,No,Mailed check,No internet service,No internet service,Yes,No
7812-FZHPE,0.10861932462296789,LOW,MONITOR,17,24.1,409.9,Month-to-month,No,Mailed check,No internet service,No internet service,No,Yes
2233-FAGXV,0.22547119044493696,LOW,MONITOR,5,24.3,132.25,Month-to-month,No,Mailed check,No internet service,No internet service,Yes,No
1091-SOZGA,0.2011657054337256,LOW,MONITOR,56,99.8,5515.45,One year,Fiber optic,Credit card (automatic),No,No,Yes,No
0754-UKWQP,0.7513766774560249,HIGH,URGENT,2,95.85,197.7,Month-to-month,Fiber optic,Electronic check,No,No,Yes,Yes
7980-MHFLQ,0.002249228312836565,LOW,MONITOR,72,24.9,1859.2,Two year,No,Mailed check,No internet service,No internet service,No,No
5847-MXBEO,0.04122267861097819,LOW,MONITOR,22,20.3,475.1,One year,No,Mailed check,No internet service,No internet service,No,No
5003-XZWWO,0.01605894148000164,LOW,MONITOR,71,84.2,5956.85,Two year,DSL,Credit card (automatic),Yes,No,No,No
8215-NGSPE,0.006783966060609459,LOW,MONITOR,42,20.0,833.55,Two year,No,Mailed check,No internet service,No internet service,No,No
6087-YPWHO,0.004900915460657791,LOW,MONITOR,72,68.15,4808.7,Two year,DSL,Mailed check,Yes,Yes,No,No
6461-SZMCV,0.012394153714466822,LOW,MONITOR,71,87.95,6365.35,Two year,DSL,Bank transfer (automatic),Yes,Yes,No,No
9953-ZMKSM,0.004037213957060837,LOW,MONITOR,63,25.25,1559.3,Two year,No,Mailed check,No internet service,No internet service,No,No
6839-ITVZJ,0.2288887435653506,LOW,MONITOR,26,60.05,1616.15,Month-to-month,DSL,Electronic check,Yes,No,Yes,Yes
6000-UKLWI,0.008407428428072777,LOW,MONITOR,41,20.15,802.35,Two year,No,Mailed check,No internet service,No internet service,No,No
0708-SJDIS,0.16186157019591668,LOW,MONITOR,34,65.0,2157.5,Month-to-month,DSL,Mailed check,Yes,No,No,No
3751-KTZEL,0.5467671893053889,MEDIUM,ENGAGE,1,35.05,35.05,Month-to-month,DSL,Mailed check,No,No,No,Yes
5245-VDBUR,0.028368183801691916,LOW,MONITOR,52,35.45,1958.95,One year,DSL,Mailed check,No,Yes,No,No
9314-QDMDW,0.27765876754754854,LOW,MONITOR,11,61.25,729.95,One year,DSL,Electronic check,No,No,Yes,No
2187-LZGPL,0.526221578797924,MEDIUM,ENGAGE,7,40.1,293.3,Month-to-month,DSL,Credit card (automatic),No,No,Yes,Yes
3588-WSTTJ,0.5889477374879352,MEDIUM,ENGAGE,35,99.05,3554.6,Month-to-month,Fiber optic,Electronic check,No,Yes,Yes,No
6035-BXTTY,0.11751599704975281,LOW,MONITOR,32,54.65,1830.1,Month-to-month,DSL,Bank transfer (automatic),Yes,No,No,No
8292-ITGYJ,0.011386203800302449,LOW,MONITOR,45,24.65,1138.8,Two year,No,Bank transfer (automatic),No internet service,No internet service,Yes,No
4163-NCJAK,0.024569243767284987,LOW,MONITOR,46,24.45,1066.15,One year,No,Bank transfer (automatic),No internet service,No internet service,Yes,No
4389-UEFCZ,0.0952621574260724,LOW,MONITOR,72,105.5,7544.0,Two year,Fiber optic,Electronic check,No,Yes,Yes,No
5442-PPTJY,0.028235654478275286,LOW,MONITOR,12,19.7,258.35,Two year,No,Mailed check,No internet service,No internet service,No,No
5680-LQOGP,0.012596533175939692,LOW,MONITOR,68,82.45,5646.6,Two year,DSL,Credit card (automatic),Yes,Yes,Yes,No
6574-MCOEH,0.1638628931711349,LOW,MONITOR,33,79.15,2531.4,One year,DSL,Electronic check,Yes,No,Yes,No
9501-UKKNL,0.15410047238793145,LOW,MONITOR,59,51.7,3005.8,Month-to-month,DSL,Electronic check,Yes,No,Yes,No
1427-VERSM,0.3338962526738964,MEDIUM,ENGAGE,56,98.7,5669.5,Month-to-month,Fiber optic,Electronic check,Yes,No,Yes,No
1215-FIGMP,0.2627979798071798,LOW,MONITOR,60,89.9,5450.7,Month-to-month,Fiber optic,Bank transfer (automatic),No,No,Yes,No
2501-XWWTZ,0.5554659649149276,MEDIUM,ENGAGE,11,70.2,760.05,Month-to-month,Fiber optic,Electronic check,No,No,No,No
5832-TRLPB,0.1270036031447721,LOW,MONITOR,29,75.35,2243.9,One year,DSL,Bank transfer (automatic),Yes,No,Yes,No
6266-QHOJZ,0.08733550322385526,LOW,MONITOR,65,89.85,5844.65,One year,Fiber optic,Electronic check,Yes,Yes,Yes,No
8679-JOEVF,0.33778317762120535,MEDIUM,ENGAGE,16,59.4,1023.9,Month-to-month,DSL,Electronic check,Yes,No,No,Yes
5569-OUICF,0.5784940925317326,MEDIUM,ENGAGE,28,101.3,2812.2,Month-to-month,Fiber optic,Credit card (automatic),Yes,No,Yes,Yes
0666-UXTJO,0.41318209845630754,MEDIUM,ENGAGE,34,85.2,2874.45,Month-to-month,Fiber optic,Credit card (automatic),No,No,Yes,No
4837-PZTIC,0.014759091580538227,LOW,MONITOR,47,41.9,1875.25,Two year,DSL,Mailed check,Yes,Yes,No,No
9605-WGJVW,0.7463308904609738,HIGH,URGENT,1,70.2,70.2,Month-to-month,Fiber optic,Electronic check,No,No,Yes,No
4195-SMMNX,0.1862969921830499,LOW,MONITOR,2,20.35,33.2,Month-to-month,No,Mailed check,No internet service,No internet service,No,Yes
5849-ASHZJ,0.028425353162964486,LOW,MONITOR,27,20.05,552.9,One year,No,Credit card (automatic),No internet service,No internet service,No,No
7623-HKYRK,0.13314827795486495,LOW,MONITOR,6,19.7,111.65,Month-to-month,No,Mailed check,No internet service,No internet service,No,No
7823-JSOAG,0.6871251525364889,HIGH,URGENT,3,74.5,217.45,Month-to-month,Fiber optic,Electronic check,No,No,No,No
3318-ISQFQ,0.12092478043507428,LOW,MONITOR,20,19.5,413.0,Month-to-month,No,Bank transfer (automatic),No internet service,No internet service,Yes,No
5236-XMZJY,0.05956850482899462,LOW,MONITOR,42,59.65,2536.55,Month-to-month,DSL,Bank transfer (automatic),No,Yes,No,No
7623-TRNQN,0.3134183480967893,MEDIUM,ENGAGE,1,49.9,49.9,Month-to-month,DSL,Mailed check,Yes,No,Yes,Yes
4301-VVZKA,0.6443340532058461,HIGH,URGENT,16,75.4,1189.4,Month-to-month,Fiber optic,Electronic check,No,No,Yes,No
5140-FOMCQ,0.16151803645719565,LOW,MONITOR,59,109.15,6557.75,One year,Fiber optic,Credit card (automatic),No,Yes,Yes,No
8676-OOQEJ,0.47654333787546554,MEDIUM,ENGAGE,4,30.5,118.4,Month-to-month,DSL,Electronic check,Yes,No,No,No
1724-IQWNM,0.20704766470554792,LOW,MONITOR,1,19.3,19.3,Month-to-month,No,Mailed check,No internet service,No internet service,Yes,No
5457-COLHT,0.0075845817445814034,LOW,MONITOR,69,80.65,5542.55,Two year,DSL,Bank transfer (automatic),Yes,Yes,No,No
2108-XWMPY,0.3914160084768898,MEDIUM,ENGAGE,3,35.45,106.85,Month-to-month,DSL,Mailed check,No,Yes,Yes,Yes
6823-SIDFQ,0.03205001987565511,LOW,MONITOR,28,18.25,534.7,One year,No,Credit card (automatic),No internet service,No internet service,No,No
0565-IYCGT,0.022690663235078876,LOW,MONITOR,69,78.6,5356.45,One year,DSL,Credit card (automatic),Yes,Yes,Yes,Yes
9964-WBQDJ,0.003934148775299141,LOW,MONITOR,71,24.4,1725.4,Two year,No,Credit card (automatic),No internet service,No internet service,Yes,No
0650-BWOZN,0.5755486832697059,MEDIUM,ENGAGE,18,73.55,1359.45,Month-to-month,Fiber optic,Electronic check,No,No,Yes,No
2694-CIUMO,0.5490421745011541,MEDIUM,ENGAGE,12,79.55,958.25,Month-to-month,Fiber optic,Credit card (automatic),Yes,No,Yes,No
8625-AZYZY,0.6430671506908715,HIGH,URGENT,24,104.65,2542.45,Month-to-month,Fiber optic,Electronic check,No,No,Yes,Yes
8070-AAWZP,0.19869183560263823,LOW,MONITOR,24,34.25,828.2,Month-to-month,DSL,Mailed check,Yes,No,No,No
7074-STDCN,0.23659111823345524,LOW,MONITOR,39,40.6,1494.5,Month-to-month,DSL,Electronic check,Yes,No,Yes,No
7706-DZNKK,0.17278619225175626,LOW,MONITOR,11,20.45,237.3,Month-to-month,No,Credit card (automatic),No internet service,No internet service,Yes,No
3511-BFTJW,0.004294997229856521,LOW,MONITOR,72,38.5,2763.0,Two year,DSL,Credit card (automatic),No,Yes,No,No
1936-CZAKF,0.03941689920120375,LOW,MONITOR,49,49.65,2409.9,Two year,DSL,Credit card (automatic),No,No,No,No
0670-KDOMA,0.25143342957311615,LOW,MONITOR,1,20.25,20.25,Month-to-month,No,Mailed check,No internet service,No internet service,Yes,No
0725-CXOTM,0.11324037938339421,LOW,MONITOR,36,89.65,3348.1,One year,DSL,Credit card (automatic),Yes,Yes,Yes,No
2451-YMUXS,0.010473181397373008,LOW,MONITOR,67,64.55,4250.1,Two year,DSL,Bank transfer (automatic),Yes,Yes,Yes,No
7246-ZGQDF,0.26535761765342775,LOW,MONITOR,1,54.5,54.5,Month-to-month,DSL,Electronic check,Yes,Yes,No,No
8165-ZJRNM,0.0022472160394449102,LOW,MONITOR,72,23.75,1679.25,Two year,No,Bank transfer (automatic),No internet service,No internet service,No,No
3948-FVVRP,0.1688321611504144,LOW,MONITOR,9,54.8,452.8,Month-to-month,DSL,Mailed check,Yes,No,No,No
5296-PSYVW,0.0039495896757444585,LOW,MONITOR,72,24.55,1750.7,Two year,No,Electronic check,No internet service,No internet service,No,No
0804-XBFBV,0.4297412929448177,MEDIUM,ENGAGE,11,25.2,321.05,Month-to-month,DSL,Electronic check,No,No,No,No
1658-XUHBX,0.28650544537614453,LOW,MONITOR,59,88.75,5348.65,Month-to-month,Fiber optic,Credit card (automatic),No,No,Yes,No
7216-KAOID,0.01369895422475475,LOW,MONITOR,41,19.5,798.2,One year,No,Bank transfer (automatic),No internet service,No internet service,No,No
3585-YNADK,0.036789239232554255,LOW,MONITOR,57,74.6,4368.95,One year,DSL,Bank transfer (automatic),Yes,No,No,No
5222-IMUKT,0.4990171176038496,MEDIUM,ENGAGE,32,91.05,2871.5,Month-to-month,Fiber optic,Electronic check,No,No,No,No
9048-JVYVF,0.5246242364118392,MEDIUM,ENGAGE,3,69.35,191.35,Month-to-month,DSL,Electronic check,Yes,No,Yes,Yes
9574-BOSMD,0.002650427966217169,LOW,MONITOR,68,25.4,1620.2,Two year,No,Bank transfer (automatic),No internet service,No internet service,No,No
1231-YNDEK,0.004895558457082447,LOW,MONITOR,58,19.15,1035.5,Two year,No,Bank transfer (automatic),No internet service,No internet service,Yes,No
5949-EBSQK,0.2832654031456337,LOW,MONITOR,4,61.45,229.55,Month-to-month,DSL,Credit card (automatic),Yes,No,No,Yes
7945-HLKEA,0.02819508948743285,LOW,MONITOR,60,64.75,4039.5,One year,DSL,Electronic check,Yes,Yes,No,No
1306-RPWXZ,0.005333273793621603,LOW,MONITOR,49,20.45,1024.65,Two year,No,Credit card (automatic),No internet service,No internet service,No,No
2485-ITVKB,0.6903131506139942,HIGH,URGENT,2,35.1,68.75,Month-to-month,DSL,Electronic check,No,No,Yes,Yes
2429-AYKKO,0.001912309632363364,LOW,MONITOR,72,19.85,1434.1,Two year,No,Bank transfer (automatic),No internet service,No internet service,No,No
5032-USPKF,0.08151984129063024,LOW,MONITOR,38,84.1,3187.65,One year,DSL,Bank transfer (automatic),No,Yes,No,No
8701-DGLVH,0.005192914983900307,LOW,MONITOR,51,20.45,1042.65,Two year,No,Mailed check,No internet service,No internet service,No,No
2126-GSEGL,0.02304791860129666,LOW,MONITOR,70,84.8,5917.55,Two year,DSL,Bank transfer (automatic),Yes,No,Yes,No
4896-CPRPF,0.013026002350158371,LOW,MONITOR,35,25.45,809.25,Two year,No,Bank transfer (automatic),No internet service,No internet service,No,No
8884-MRNSU,0.04409092422472593,LOW,MONITOR,17,19.9,329.75,One year,No,Bank transfer (automatic),No internet service,No internet service,No,No
7013-PSXHK,0.11848067260595238,LOW,MONITOR,40,80.75,3208.65,One year,DSL,Mailed check,Yes,No,Yes,No
7562-GSUHK,0.5251773794313119,MEDIUM,ENGAGE,16,93.2,1573.7,Month-to-month,Fiber optic,Credit card (automatic),No,No,Yes,Yes
9360-OMDZZ,0.6968927954188785,HIGH,URGENT,24,94.1,2322.85,Month-to-month,Fiber optic,Electronic check,No,No,Yes,No
4690-LLKUA,0.39404750335711886,MEDIUM,ENGAGE,17,45.05,770.6,Month-to-month,DSL,Electronic check,No,No,Yes,Yes
1716-LSAMB,0.010496374911440242,LOW,MONITOR,45,54.65,2553.7,Two year,DSL,Bank transfer (automatic),Yes,Yes,No,No
6421-SZVEM,0.1926301172051852,LOW,MONITOR,28,82.85,2320.8,One year,Fiber optic,Bank transfer (automatic),No,Yes,Yes,No
9036-CSKBW,0.15158142127454424,LOW,MONITOR,51,107.45,5680.9,One year,Fiber optic,Bank transfer (automatic),No,Yes,No,No
2077-DDHJK,0.007167514414747022,LOW,MONITOR,68,70.9,4911.35,Two year,DSL,Credit card (automatic),Yes,Yes,No,No
8749-TZYEC,0.0027890225926822266,LOW,MONITOR,72,24.8,1874.3,Two year,No,Credit card (automatic),No internet service,No internet service,No,No
9931-KGHOA,0.07856533839424774,LOW,MONITOR,46,55.0,2473.95,Month-to-month,DSL,Bank transfer (automatic),No,Yes,No,No
7593-JNWRU,0.33539040884563043,MEDIUM,ENGAGE,6,44.6,260.8,Month-to-month,DSL,Bank transfer (automatic),No,No,Yes,Yes
0774-RMNUW,0.00817654462971012,LOW,MONITOR,71,59.7,4122.65,Two year,DSL,Bank transfer (automatic),Yes,Yes,No,No
1086-LXKFY,0.573504060921605,MEDIUM,ENGAGE,1,69.1,69.1,Month-to-month,Fiber optic,Mailed check,No,No,Yes,Yes
7614-QVWQL,0.08263480159611869,LOW,MONITOR,49,51.8,2541.25,One year,DSL,Bank transfer (automatic),No,No,Yes,Yes
2474-LCNUE,0.3415737335041307,MEDIUM,ENGAGE,23,73.65,1642.75,Month-to-month,DSL,Credit card (automatic),Yes,No,Yes,No
2995-YWTCD,0.03885208520111875,LOW,MONITOR,19,24.9,467.7,Two year,No,Bank transfer (automatic),No internet service,No internet service,Yes,No
2604-IJPDU,0.4130916182814103,MEDIUM,ENGAGE,20,96.55,1901.65,Month-to-month,Fiber optic,Electronic check,Yes,Yes,Yes,No
3512-IZIKN,0.00728094572824072,LOW,MONITOR,70,65.3,4759.75,Two year,DSL,Credit card (automatic),Yes,Yes,No,Yes
8780-YRMTT,0.008275583978745185,LOW,MONITOR,66,47.4,3177.25,Two year,DSL,Mailed check,Yes,Yes,Yes,No
3144-AUDBS,0.4054255418684812,MEDIUM,ENGAGE,6,49.15,270.8,Month-to-month,DSL,Electronic check,Yes,No,Yes,Yes
6425-YQLLO,0.18661076304025023,LOW,MONITOR,66,105.95,6975.25,One year,Fiber optic,Credit card (automatic),Yes,No,Yes,Yes
5186-PEIZU,0.04566916483328081,LOW,MONITOR,35,19.25,617.65,Month-to-month,No,Bank transfer (automatic),No internet service,No internet service,No,No
4083-BFNYK,0.1903139387476862,LOW,MONITOR,38,95.0,3591.25,One year,Fiber optic,Credit card (automatic),No,Yes,No,No
1984-FCOWB,0.18104806057909675,LOW,MONITOR,70,109.5,7674.55,One year,Fiber optic,Electronic check,Yes,No,Yes,Yes
0164-XAIRP,0.028218982298177767,LOW,MONITOR,24,19.55,470.2,Two year,No,Bank transfer (automatic),No internet service,No internet service,Yes,No
3339-EAQNV,0.16765605289208563,LOW,MONITOR,72,97.25,7133.1,One year,Fiber optic,Credit card (automatic),No,No,Yes,No
4198-VFOEA,0.1652711219403122,LOW,MONITOR,12,33.6,435.45,One year,DSL,Mailed check,Yes,Yes,Yes,No
6260-XLACS,0.09500986566726649,LOW,MONITOR,4,19.7,117.8,One year,No,Mailed check,No internet service,No internet service,No,No
4109-CYRBD,0.3421669180101319,MEDIUM,ENGAGE,29,51.6,1442.0,Month-to-month,DSL,Electronic check,No,No,Yes,No
0383-CLDDA,0.020058877712641924,LOW,MONITOR,69,85.35,5897.4,Two year,DSL,Credit card (automatic),Yes,Yes,Yes,No
3871-IKPYH,0.6768661858293585,HIGH,URGENT,1,69.1,69.1,Month-to-month,Fiber optic,Electronic check,No,No,No,Yes
7446-YPODE,0.2583750938861019,LOW,MONITOR,11,60.25,662.95,Month-to-month,DSL,Bank transfer (automatic),No,Yes,No,No
5781-RFZRP,0.008415840349553965,LOW,MONITOR,71,73.5,5357.75,Two year,DSL,Credit card (automatic),Yes,Yes,No,No
7905-NJMXS,0.2977563501332509,LOW,MONITOR,7,64.2,475.0,Month-to-month,DSL,Electronic check,Yes,Yes,No,No
8226-BXGES,0.05425331936839937,LOW,MONITOR,64,89.45,5692.65,One year,Fiber optic,Bank transfer (automatic),No,Yes,No,No
2205-LPVGL,0.06850331929532451,LOW,MONITOR,58,89.85,5125.75,One year,Fiber optic,Bank transfer (automatic),Yes,Yes,Yes,No
3896-RCYYE,0.08250644243722999,LOW,MONITOR,67,53.4,3579.15,Month-to-month,DSL,Credit card (automatic),Yes,No,Yes,No
6680-WKXRZ,0.6200134285708466,HIGH,URGENT,3,74.4,215.8,Month-to-month,Fiber optic,Bank transfer (automatic),No,No,No,Yes
0231-LXVAP,0.6430097351030367,HIGH,URGENT,1,75.9,75.9,Month-to-month,Fiber optic,Electronic check,Yes,No,Yes,Yes
4495-LHSSK,0.17901239956092535,LOW,MONITOR,18,57.65,992.7,Month-to-month,DSL,Mailed check,No,Yes,No,No
6710-HSJRD,0.37990449621405953,MEDIUM,ENGAGE,61,114.1,7132.15,Month-to-month,Fiber optic,Electronic check,Yes,No,Yes,No
3831-YCPUO,0.031180236539585154,LOW,MONITOR,72,109.5,7854.9,Two year,Fiber optic,Credit card (automatic),Yes,Yes,Yes,No
7279-NMVJC,0.056797578466473736,LOW,MONITOR,17,19.9,323.15,One year,No,Bank transfer (automatic),No internet service,No internet service,No,No
4116-TZAQJ,0.47315837359939306,MEDIUM,ENGAGE,9,74.25,639.65,Month-to-month,Fiber optic,Credit card (automatic),No,Yes,Yes,Yes
7319-ZNRTR,0.041033786002158956,LOW,MONITOR,25,19.6,411.15,One year,No,Electronic check,No internet service,No internet service,No,No
4360-QRAVE,0.19430931158415435,LOW,MONITOR,37,36.65,1315.0,Month-to-month,DSL,Electronic check,No,No,No,No
1268-ASBGA,0.6721737329962715,HIGH,URGENT,16,85.35,1375.15,Month-to-month,Fiber optic,Credit card (automatic),No,No,Yes,Yes
4001-TSBTV,0.2494674564511702,LOW,MONITOR,58,91.55,5511.65,Month-to-month,Fiber optic,Electronic check,No,No,Yes,No
6641-XRPSU,0.35286417055739955,MEDIUM,ENGAGE,34,70.0,2416.1,Month-to-month,Fiber optic,Credit card (automatic),No,No,Yes,Yes
9426-SXNHE,0.20182529194892385,LOW,MONITOR,2,18.75,53.15,Month-to-month,No,Bank transfer (automatic),No internet service,No internet service,No,No
8149-RSOUN,0.825647989657317,HIGH,URGENT,1,93.85,93.85,Month-to-month,Fiber optic,Electronic check,No,No,Yes,Yes
8160-HOWOX,0.5757980755630748,MEDIUM,ENGAGE,7,66.85,458.1,Month-to-month,DSL,Electronic check,No,No,Yes,No
7517-SAWMO,0.46470506209645424,MEDIUM,ENGAGE,19,73.2,1441.1,Month-to-month,Fiber optic,Electronic check,No,Yes,Yes,Yes
3170-GWYKC,0.18605625328315145,LOW,MONITOR,60,104.95,6236.75,Month-to-month,Fiber optic,Bank transfer (automatic),Yes,Yes,Yes,No
8397-MVTAZ,0.6130180504417401,HIGH,URGENT,34,100.05,3480.0,Month-to-month,Fiber optic,Electronic check,No,No,Yes,Yes
4827-LTQRJ,0.11247499834961783,LOW,MONITOR,66,110.6,7210.85,One year,Fiber optic,Credit card (automatic),Yes,Yes,Yes,No
9313-CDOGY,0.04317083622722988,LOW,MONITOR,38,19.6,717.3,Month-to-month,No,Electronic check,No internet service,No internet service,No,No
9134-CEQMF,0.7677098746791962,HIGH,URGENT,7,89.5,676.7,Month-to-month,Fiber optic,Electronic check,No,No,Yes,Yes
9158-VCTQB,0.3109361094228387,MEDIUM,ENGAGE,41,113.6,4594.95,Month-to-month,Fiber optic,Bank transfer (automatic),Yes,Yes,Yes,Yes
2229-VWQJH,0.22257715039633655,LOW,MONITOR,24,49.3,1233.25,Month-to-month,DSL,Credit card (automatic),No,No,Yes,No
0117-LFRMW,0.07460333475291961,LOW,MONITOR,37,40.2,1448.8,Month-to-month,DSL,Bank transfer (automatic),No,Yes,No,Yes
8735-IJJEG,0.23159730051244568,LOW,MONITOR,14,50.2,668.85,Month-to-month,DSL,Credit card (automatic),No,No,No,No
0323-XWWTN,0.07651134124218079,LOW,MONITOR,3,26.4,121.25,Two year,No,Mailed check,No internet service,No internet service,Yes,No
1891-FZYSA,0.29668884422396524,LOW,MONITOR,69,89.95,6143.15,Month-to-month,Fiber optic,Electronic check,No,No,Yes,Yes
4373-MAVJG,0.5661617794848927,MEDIUM,ENGAGE,14,90.9,1259.0,Month-to-month,Fiber optic,Bank transfer (automatic),No,No,Yes,Yes
6258-NGCNG,0.18961775311756515,LOW,MONITOR,7,23.5,173.0,Month-to-month,No,Mailed check,No internet service,No internet service,No,No
8265-HKSOW,0.025557705768921496,LOW,MONITOR,72,107.45,7658.3,Two year,Fiber optic,Credit card (automatic),Yes,Yes,No,No
0003-MKNFE,0.39725853910781755,MEDIUM,ENGAGE,9,59.9,542.4,Month-to-month,DSL,Mailed check,No,No,No,No
6508-NJYRO,0.055112256136098575,LOW,MONITOR,15,18.8,294.95,One year,No,Mailed check,No internet service,No internet service,No,No
1389-CXMLU,0.7352156582303851,HIGH,URGENT,3,91.05,289.1,Month-to-month,Fiber optic,Electronic check,No,No,No,Yes
1143-NMNQJ,0.7975279598013625,HIGH,URGENT,2,85.7,169.8,Month-to-month,Fiber optic,Electronic check,No,No,Yes,Yes
4385-GZQXV,0.6690943714898774,HIGH,URGENT,16,94.45,1511.2,Month-to-month,Fiber optic,Electronic check,Yes,No,Yes,Yes
9774-NRNAU,0.2931050020378017,LOW,MONITOR,27,84.8,2309.55,Month-to-month,DSL,Bank transfer (automatic),Yes,No,Yes,No
7771-ZONAT,0.09903383928120811,LOW,MONITOR,22,56.75,1304.85,Two year,DSL,Bank transfer (automatic),Yes,No,No,No
0621-HJWXJ,0.19270635367518538,LOW,MONITOR,63,81.55,5029.05,Month-to-month,Fiber optic,Bank transfer (automatic),No,No,Yes,No
7969-AULMZ,0.7339736524872387,HIGH,URGENT,21,97.35,2119.5,Month-to-month,Fiber optic,Electronic check,No,No,Yes,Yes
5160-UXJED,0.10159806055244576,LOW,MONITOR,17,44.6,681.4,One year,DSL,Mailed check,No,No,No,No
9480-BQJEI,0.10600516350232272,LOW,MONITOR,62,92.3,5731.45,One year,Fiber optic,Bank transfer (automatic),No,Yes,Yes,No
1171-TYKUR,0.04700481330338728,LOW,MONITOR,47,25.4,1139.2,Month-to-month,No,Electronic check,No internet service,No internet service,No,No
8757-TFHHJ,0.34674797760794546,MEDIUM,ENGAGE,1,49.8,49.8,Month-to-month,DSL,Credit card (automatic),No,Yes,Yes,No
1970-KKFWL,0.016682787722915766,LOW,MONITOR,35,23.3,797.1,Two year,No,Bank transfer (automatic),No internet service,No internet service,No,No
2749-CTKAJ,0.032903170632176515,LOW,MONITOR,22,20.15,419.9,One year,No,Mailed check,No internet service,No internet service,No,No
9714-EDSUC,0.43106503574423194,MEDIUM,ENGAGE,4,94.9,360.55,Month-to-month,Fiber optic,Mailed check,Yes,Yes,Yes,No
1790-NESIO,0.04575562591354925,LOW,MONITOR,13,20.4,261.3,Two year,No,Mailed check,No internet service,No internet service,Yes,No
4750-UKWJK,0.02350504433712398,LOW,MONITOR,37,19.6,727.8,One year,No,Mailed check,No internet service,No internet service,No,No
3454-JFUBC,0.0037027321765189408,LOW,MONITOR,68,20.0,1396.0,Two year,No,Credit card (automatic),No internet service,No internet service,Yes,No
1809-DMJHQ,0.2903082661890277,LOW,MONITOR,5,46.0,221.7,Month-to-month,DSL,Mailed check,No,No,No,Yes
7089-IVVAZ,0.5816648336203627,MEDIUM,ENGAGE,8,103.35,847.3,Month-to-month,Fiber optic,Bank transfer (automatic),Yes,Yes,Yes,Yes
5364-EVNIB,0.5414530447873592,MEDIUM,ENGAGE,13,79.8,973.45,Month-to-month,Fiber optic,Electronic check,No,No,Yes,Yes
9378-FXTIZ,0.09969292240192457,LOW,MONITOR,54,70.15,3715.65,One year,DSL,Credit card (automatic),No,No,Yes,Yes
2091-RFFBA,0.5649014344933843,MEDIUM,ENGAGE,31,73.9,2217.15,Month-to-month,Fiber optic,Electronic check,No,No,Yes,Yes
4397-FRLTA,0.17914998754196249,LOW,MONITOR,4,20.15,84.5,Month-to-month,No,Mailed check,No internet service,No internet service,No,No
9680-NIAUV,0.04385236380639676,LOW,MONITOR,72,109.7,8129.3,Two year,Fiber optic,Credit card (automatic),No,Yes,No,No
3724-BSCVH,0.059252223682132475,LOW,MONITOR,10,20.45,242.4,One year,No,Mailed check,No internet service,No internet service,No,No
5485-WUYWF,0.319638956451916,MEDIUM,ENGAGE,2,66.4,94.55,Month-to-month,DSL,Bank transfer (automatic),No,Yes,No,Yes
4412-YLTKF,0.5845736583671604,MEDIUM,ENGAGE,27,78.05,2135.5,Month-to-month,Fiber optic,Electronic check,No,No,Yes,Yes
9227-YBAXE,0.015414453640357142,LOW,MONITOR,65,82.5,5215.1,Two year,DSL,Bank transfer (automatic),Yes,Yes,Yes,No
4946-EDSEW,0.13892444053326525,LOW,MONITOR,11,19.25,180.3,Month-to-month,No,Mailed check,No internet service,No internet service,Yes,Yes
8981-FJGLA,0.5196767186046254,MEDIUM,ENGAGE,11,78.0,851.8,Month-to-month,Fiber optic,Mailed check,No,No,Yes,No
3583-EKAPL,0.5757891645431076,MEDIUM,ENGAGE,1,55.0,55.0,Month-to-month,DSL,Electronic check,No,No,Yes,Yes
6567-HOOPW,0.774929157626026,HIGH,URGENT,1,79.2,79.2,Month-to-month,Fiber optic,Electronic check,No,No,Yes,Yes
9110-HSGTV,0.014227724656199385,LOW,MONITOR,69,82.45,5555.3,Two year,DSL,Credit card (automatic),Yes,Yes,Yes,No
0319-QZTCO,0.378586341320511,MEDIUM,ENGAGE,3,58.7,168.6,Month-to-month,DSL,Credit card (automatic),No,No,Yes,No
2840-XANRC,0.6343464529284434,HIGH,URGENT,24,93.15,2231.05,Month-to-month,Fiber optic,Electronic check,No,No,Yes,Yes
3873-NFTGI,0.34268330539298275,MEDIUM,ENGAGE,14,55.5,767.55,Month-to-month,DSL,Credit card (automatic),No,No,Yes,No
5288-AHOUP,0.7073864736235775,HIGH,URGENT,11,78.5,874.2,Month-to-month,Fiber optic,Electronic check,No,No,Yes,No
6521-YYTYI,0.7868382925853817,HIGH,URGENT,1,93.3,93.3,Month-to-month,Fiber optic,Electronic check,No,No,Yes,Yes
9522-BNTHX,0.3907151606230176,MEDIUM,ENGAGE,34,56.25,1765.95,Month-to-month,DSL,Electronic check,No,No,Yes,No
3452-ABWRL,0.40368056453375156,MEDIUM,ENGAGE,47,86.05,3865.6,Month-to-month,Fiber optic,Credit card (automatic),No,No,Yes,No
8859-DZTGQ,0.012640857858582485,LOW,MONITOR,33,20.35,689.75,Two year,No,Mailed check,No internet service,No internet service,No,No
0329-GTIAJ,0.6824774512984957,HIGH,URGENT,3,97.9,315.3,Month-to-month,Fiber optic,Electronic check,Yes,No,Yes,Yes
7993-NQLJE,0.28621503285620137,LOW,MONITOR,15,75.1,1151.55,Month-to-month,Fiber optic,Mailed check,No,Yes,No,No
6016-LVTJQ,0.03834738308925547,LOW,MONITOR,34,20.65,716.4,Month-to-month,No,Mailed check,No internet service,No internet service,No,No
5859-HZYLF,0.019922047352614634,LOW,MONITOR,26,19.15,515.75,Two year,No,Credit card (automatic),No internet service,No internet service,Yes,No
6008-NAIXK,0.12242608175865095,LOW,MONITOR,54,55.45,2966.95,One year,DSL,Electronic check,No,No,Yes,No
8938-UMKPI,0.5234086976675159,MEDIUM,ENGAGE,47,106.4,5127.95,Month-to-month,Fiber optic,Electronic check,No,No,Yes,Yes
4312-KFRXN,0.0025082047393915137,LOW,MONITOR,72,25.4,1710.9,Two year,No,Mailed check,No internet service,No internet service,No,No
2673-ZALNP,0.08681033677247942,LOW,MONITOR,7,19.9,173.15,One year,No,Mailed check,No internet service,No internet service,No,No
7923-IYJWY,0.07194132330874117,LOW,MONITOR,67,116.1,7839.85,Two year,Fiber optic,Credit card (automatic),Yes,Yes,Yes,No
2873-ZLIWT,0.32794232411221436,MEDIUM,ENGAGE,40,84.85,3303.05,Month-to-month,Fiber optic,Electronic check,Yes,No,Yes,Yes
5622-UEJFI,0.01896569194150222,LOW,MONITOR,35,25.4,949.8,Two year,No,Credit card (automatic),No internet service,No internet service,Yes,No
4335-BSMJS,0.006374073319680331,LOW,MONITOR,62,25.8,1563.95,Two year,No,Credit card (automatic),No internet service,No internet service,Yes,No
3729-OWRVL,0.10851272731724738,LOW,MONITOR,65,110.35,7246.15,Two year,Fiber optic,Electronic check,Yes,Yes,Yes,No
6650-BWFRT,0.058851668655760546,LOW,MONITOR,72,117.15,8529.5,Two year,Fiber optic,Credit card (automatic),Yes,Yes,Yes,No
2657-ALMWY,0.4962163765568201,MEDIUM,ENGAGE,26,84.95,2169.75,Month-to-month,Fiber optic,Electronic check,No,No,No,Yes
8929-KSWIH,0.13892479202256688,LOW,MONITOR,25,99.3,2513.5,Two year,Fiber optic,Bank transfer (automatic),Yes,No,No,No
0786-VSSUD,0.42660519244368583,MEDIUM,ENGAGE,16,39.0,679.85,Month-to-month,DSL,Mailed check,No,No,Yes,Yes
4572-DVCGN,0.6198792134529694,HIGH,URGENT,10,80.25,846.0,Month-to-month,Fiber optic,Bank transfer (automatic),No,No,Yes,Yes
0508-OOLTO,0.6628157015219052,HIGH,URGENT,2,71.65,135.75,Month-to-month,Fiber optic,Electronic check,No,No,Yes,No
7695-PKLCZ,0.0025401039251556246,LOW,MONITOR,68,20.5,1424.9,Two year,No,Credit card (automatic),No internet service,No internet service,No,No
2845-KDHVX,0.013082752718807383,LOW,MONITOR,64,68.3,4378.8,Two year,DSL,Mailed check,Yes,No,Yes,No
0594-UFTUL,0.12331162758702632,LOW,MONITOR,13,19.85,252.0,Month-to-month,No,Mailed check,No internet service,No internet service,Yes,No
7644-OMVMY,0.049966023283635745,LOW,MONITOR,0,19.85,0.0,Two year,No,Mailed check,No internet service,No internet service,No,No
2665-NPTGL,0.620307971059683,HIGH,URGENT,26,98.1,2510.7,Month-to-month,Fiber optic,Bank transfer (automatic),No,No,Yes,No
1104-FEJAM,0.24601212184737234,LOW,MONITOR,28,64.4,1802.15,Month-to-month,DSL,Electronic check,No,No,No,No
7868-TMWMZ,0.060207140519816474,LOW,MONITOR,60,110.0,6668.35,Two year,Fiber optic,Bank transfer (automatic),Yes,Yes,Yes,No
6652-YFFJO,0.5352179403071852,MEDIUM,ENGAGE,11,64.9,716.1,Month-to-month,DSL,Electronic check,No,No,Yes,No
9661-MHUMO,0.35707756247134803,MEDIUM,ENGAGE,1,49.25,49.25,Month-to-month,DSL,Credit card (automatic),Yes,No,Yes,Yes
5947-SGKCL,0.5832483879358126,MEDIUM,ENGAGE,15,105.35,1559.25,Month-to-month,Fiber optic,Bank transfer (automatic),No,No,Yes,No
7049-GKVZY,0.10191336292410318,LOW,MONITOR,17,79.85,1387.35,One year,DSL,Credit card (automatic),Yes,Yes,No,No
9987-LUTYD,0.08433228204828873,LOW,MONITOR,13,55.15,742.9,One year,DSL,Mailed check,Yes,Yes,No,No
3256-EZDBI,0.1061037203752276,LOW,MONITOR,51,29.45,1459.35,Month-to-month,DSL,Credit card (automatic),No,No,Yes,No
7746-AWNQW,0.20244821222202855,LOW,MONITOR,28,35.75,961.4,Month-to-month,DSL,Mailed check,Yes,No,Yes,No
9251-AWQGT,0.005017864184321077,LOW,MONITOR,48,20.0,935.9,Two year,No,Mailed check,No internet service,No internet service,No,No
4627-MIHJH,0.05550997951029779,LOW,MONITOR,69,110.25,7467.55,Two year,Fiber optic,Credit card (automatic),Yes,Yes,No,No
2320-YKQBO,0.15751263940103225,LOW,MONITOR,7,19.3,144.95,Month-to-month,No,Mailed check,No internet service,No internet service,No,No
9055-MOJJJ,0.012580482765593454,LOW,MONITOR,64,65.8,4068.0,One year,DSL,Mailed check,Yes,Yes,No,No
2452-KDRRH,0.35225449374093837,MEDIUM,ENGAGE,67,101.4,6841.05,Month-to-month,Fiber optic,Credit card (automatic),No,No,Yes,No
3173-WSSUE,0.0017189802107457116,LOW,MONITOR,71,19.7,1415.85,Two year,No,Credit card (automatic),No internet service,No internet service,No,No
5928-QLDHB,0.7056151455855555,HIGH,URGENT,9,76.25,684.85,Month-to-month,Fiber optic,Electronic check,No,No,Yes,No
6305-YLBMM,0.09868499503535197,LOW,MONITOR,69,104.05,7262.0,One year,Fiber optic,Bank transfer (automatic),Yes,No,Yes,Yes
0295-QVKPB,0.3478678538043271,MEDIUM,ENGAGE,5,63.95,318.1,Month-to-month,DSL,Credit card (automatic),Yes,No,Yes,No
2578-JQPHZ,0.0855101464867504,LOW,MONITOR,44,100.1,4378.35,Two year,Fiber optic,Bank transfer (automatic),Yes,No,No,No
6549-NNDYT,0.3455634218074418,MEDIUM,ENGAGE,13,30.85,394.1,Month-to-month,DSL,Bank transfer (automatic),No,Yes,Yes,No
6896-SRVYQ,0.28259463019421754,LOW,MONITOR,44,73.85,3122.4,Month-to-month,Fiber optic,Electronic check,No,No,No,No
7952-OBOYL,0.5410378010516045,MEDIUM,ENGAGE,3,89.85,244.45,Month-to-month,Fiber optic,Mailed check,Yes,No,Yes,No
0023-HGHWL,0.684177813154126,HIGH,URGENT,1,25.1,25.1,Month-to-month,DSL,Electronic check,No,No,Yes,Yes
3763-GCZHZ,0.19187310662996082,LOW,MONITOR,66,104.05,6890.0,One year,Fiber optic,Electronic check,Yes,No,Yes,Yes
2545-EBUPK,0.8207080766988839,HIGH,URGENT,2,84.05,186.05,Month-to-month,Fiber optic,Electronic check,No,No,Yes,No
5555-RNPGT,0.15131354969198754,LOW,MONITOR,10,24.8,223.9,Month-to-month,No,Credit card (automatic),No internet service,No internet service,No,No
4948-WBBKL,0.4412198563664736,MEDIUM,ENGAGE,36,74.9,2659.45,Month-to-month,Fiber optic,Bank transfer (automatic),No,No,Yes,No
1576-PFZIW,0.043029228307140524,LOW,MONITOR,70,105.35,7511.9,Two year,Fiber optic,Credit card (automatic),No,Yes,No,No
9631-XEYKE,0.41627307650782774,MEDIUM,ENGAGE,3,50.4,137.25,Month-to-month,DSL,Bank transfer (automatic),No,No,No,No
1469-LBJQJ,0.3769123997360473,MEDIUM,ENGAGE,66,105.2,6936.85,Month-to-month,Fiber optic,Electronic check,No,No,Yes,No
4753-PADAS,0.16518028287886688,LOW,MONITOR,67,105.7,6816.95,One year,Fiber optic,Bank transfer (automatic),No,No,Yes,No
8845-LWKGE,0.1109282785690455,LOW,MONITOR,30,64.5,1985.15,One year,DSL,Electronic check,Yes,No,Yes,No
5076-YVXCM,0.276226135382212,LOW,MONITOR,51,83.4,4149.45,Month-to-month,Fiber optic,Bank transfer (automatic),No,No,No,No
5902-WBLSE,0.002411189024457634,LOW,MONITOR,70,20.15,1411.2,Two year,No,Credit card (automatic),No internet service,No internet service,Yes,No
7629-WIXZF,0.2717042982604561,LOW,MONITOR,7,59.1,369.25,One year,DSL,Electronic check,No,Yes,Yes,No
5879-SESNB,0.6409248632477286,HIGH,URGENT,11,75.25,888.65,Month-to-month,Fiber optic,Electronic check,No,No,No,No
8387-UGUSU,0.09161738257726798,LOW,MONITOR,15,20.05,284.3,Month-to-month,No,Mailed check,No internet service,No internet service,No,No
3372-KWFBM,0.7245993300132157,HIGH,URGENT,16,86.6,1281.0,Month-to-month,Fiber optic,Electronic check,No,No,Yes,Yes
4727-MCYZG,0.40769184918392093,MEDIUM,ENGAGE,1,55.55,55.55,Month-to-month,DSL,Mailed check,No,No,No,No
1552-TKMXS,0.03351811860709312,LOW,MONITOR,42,20.35,869.9,Month-to-month,No,Credit card (automatic),No internet service,No internet service,No,No
8180-AKMJV,0.45375040588031496,MEDIUM,ENGAGE,1,44.55,44.55,Month-to-month,DSL,Credit card (automatic),No,No,Yes,No
1849-RJYIG,0.4118594281365571,MEDIUM,ENGAGE,8,60.0,487.75,Month-to-month,DSL,Electronic check,No,Yes,Yes,No
2778-OCLGR,0.24985536378187906,LOW,MONITOR,24,39.1,971.3,Month-to-month,DSL,Bank transfer (automatic),No,Yes,No,Yes
1699-HPSBG,0.24211895933018607,LOW,MONITOR,12,59.8,727.8,One year,DSL,Electronic check,Yes,No,Yes,Yes
9845-PEEKO,0.07566727411110556,LOW,MONITOR,59,79.2,4590.35,Two year,Fiber optic,Credit card (automatic),No,No,Yes,No
8063-GBATB,0.6705309712984339,HIGH,URGENT,27,85.25,2287.25,Month-to-month,Fiber optic,Electronic check,No,No,Yes,Yes
4891-NLUBA,0.022660516095941878,LOW,MONITOR,61,61.45,3751.15,Two year,DSL,Bank transfer (automatic),Yes,No,Yes,No
3400-ESFUW,0.005766203784223479,LOW,MONITOR,55,57.55,3046.4,Two year,DSL,Bank transfer (automatic),Yes,Yes,No,Yes
2789-CZANW,0.04194897826921215,LOW,MONITOR,64,110.3,6997.3,Two year,Fiber optic,Bank transfer (automatic),Yes,Yes,No,No
7030-FZTFM,0.04442827399299677,LOW,MONITOR,72,110.9,7922.75,Two year,Fiber optic,Credit card (automatic),Yes,No,No,No
5614-DNZCE,0.00946883473721424,LOW,MONITOR,58,64.9,3795.45,Two year,DSL,Credit card (automatic),Yes,Yes,Yes,No
5791-KAJFD,0.04000156261626576,LOW,MONITOR,56,68.75,3808.0,One year,DSL,Bank transfer (automatic),No,Yes,Yes,No
4778-IZARL,0.043238653113897345,LOW,MONITOR,63,110.1,6705.7,Two year,Fiber optic,Credit card (automatic),Yes,Yes,Yes,No
1750-CSKKM,0.3667902200967929,MEDIUM,ENGAGE,9,55.35,449.75,Month-to-month,DSL,Electronic check,No,No,No,Yes
3538-WZPHD,0.5859269283476352,MEDIUM,ENGAGE,3,29.6,79.45,Month-to-month,DSL,Electronic check,No,No,Yes,Yes
0015-UOCOJ,0.41173411764466594,MEDIUM,ENGAGE,7,48.2,340.35,Month-to-month,DSL,Electronic check,No,Yes,Yes,No
4840-ORQXB,0.413687598004188,MEDIUM,ENGAGE,56,104.75,5841.35,Month-to-month,Fiber optic,Electronic check,No,No,No,No
7133-VBDCG,0.3096578679694571,MEDIUM,ENGAGE,25,79.85,2015.35,Month-to-month,Fiber optic,Bank transfer (automatic),No,Yes,Yes,Yes
7746-QYVCO,0.08461416070525321,LOW,MONITOR,16,55.85,857.8,One year,DSL,Mailed check,No,Yes,Yes,No
8809-RIHDD,0.08907173871531444,LOW,MONITOR,72,103.4,7372.65,Two year,Fiber optic,Electronic check,No,No,Yes,Yes
4195-PNGZS,0.0025589616925528465,LOW,MONITOR,69,24.45,1718.2,Two year,No,Bank transfer (automatic),No internet service,No internet service,No,No
5924-SNGKP,0.02010760432358854,LOW,MONITOR,41,20.25,865.0,One year,No,Credit card (automatic),No internet service,No internet service,Yes,No
6865-JZNKO,0.12276063802191362,LOW,MONITOR,30,55.3,1530.6,Month-to-month,DSL,Bank transfer (automatic),No,Yes,Yes,No
1952-DVVSW,0.07329190615874283,LOW,MONITOR,10,20.1,184.4,One year,No,Mailed check,No internet service,No internet service,No,No
0564-MUUQK,0.4688821022066609,MEDIUM,ENGAGE,20,95.5,1916.2,Month-to-month,Fiber optic,Bank transfer (automatic),Yes,No,Yes,No
7470-MCQTK,0.5099214355204941,MEDIUM,ENGAGE,13,48.75,633.4,Month-to-month,DSL,Bank transfer (automatic),No,No,Yes,Yes
0378-CJKPV,0.03779024113085577,LOW,MONITOR,72,112.1,7965.95,Two year,Fiber optic,Credit card (automatic),Yes,Yes,No,No
4458-KVRBJ,0.004954999017222209,LOW,MONITOR,59,25.0,1510.5,Two year,No,Mailed check,No internet service,No internet service,No,No
1322-AGOQM,0.09115572533490911,LOW,MONITOR,46,30.3,1380.1,Month-to-month,DSL,Bank transfer (automatic),No,No,No,Yes
1626-ERCMM,0.7459157494851646,HIGH,URGENT,20,94.55,1899.65,Month-to-month,Fiber optic,Electronic check,No,No,Yes,Yes
7157-SMCFK,0.0025112331831170244,LOW,MONITOR,61,19.75,1124.2,Two year,No,Mailed check,No internet service,No internet service,No,No
0125-LZQXK,0.6138853508713482,HIGH,URGENT,15,101.35,1553.95,Month-to-month,Fiber optic,Electronic check,Yes,No,Yes,Yes
7711-YIJWC,0.018671316539096865,LOW,MONITOR,61,84.9,5264.5,One year,DSL,Bank transfer (automatic),Yes,Yes,No,No
4176-RELJR,0.004168678209006423,LOW,MONITOR,67,25.1,1672.15,Two year,No,Credit card (automatic),No internet service,No internet service,No,No
8639-NHQEI,0.038938957928115726,LOW,MONITOR,72,95.9,6954.15,Two year,Fiber optic,Bank transfer (automatic),No,Yes,Yes,No
5537-UXXVS,0.09106892972356793,LOW,MONITOR,20,19.25,375.25,Month-to-month,No,Bank transfer (automatic),No internet service,No internet service,No,No
9968-FFVVH,0.013945189081558677,LOW,MONITOR,63,68.8,4111.35,One year,DSL,Bank transfer (automatic),Yes,Yes,No,No
8999-YPYBV,0.01997412061790391,LOW,MONITOR,45,84.35,3858.05,Two year,DSL,Mailed check,Yes,Yes,Yes,No
8949-JTMAY,0.5793076104329682,MEDIUM,ENGAGE,29,98.6,2933.2,Month-to-month,Fiber optic,Credit card (automatic),No,No,Yes,Yes
9947-OTFQU,0.5864984944573589,MEDIUM,ENGAGE,15,74.4,1074.3,Month-to-month,Fiber optic,Electronic check,No,No,Yes,Yes
9600-NAXZN,0.5540675685353433,MEDIUM,ENGAGE,43,101.4,4528.0,Month-to-month,Fiber optic,Electronic check,No,No,Yes,Yes
5712-AHQNN,0.3845360058894443,MEDIUM,ENGAGE,43,91.65,3954.1,Month-to-month,Fiber optic,Electronic check,No,No,Yes,No
7801-CEDNV,0.06291132085025437,LOW,MONITOR,27,48.7,1421.75,One year,DSL,Credit card (automatic),No,Yes,No,No
9851-QXEEQ,0.5387487151730644,MEDIUM,ENGAGE,41,104.7,4346.4,Month-to-month,Fiber optic,Electronic check,No,No,Yes,Yes
5780-INQIK,0.3286686199784007,MEDIUM,ENGAGE,8,49.4,408.25,Month-to-month,DSL,Electronic check,Yes,No,No,No
3572-UOLYZ,0.23201824064051935,LOW,MONITOR,46,84.8,3958.85,Month-to-month,Fiber optic,Bank transfer (automatic),Yes,No,Yes,No
4402-FTBXC,0.13445274652496217,LOW,MONITOR,54,89.8,4667.0,Month-to-month,Fiber optic,Mailed check,No,Yes,No,No
1755-FZQEC,0.017954617703378542,LOW,MONITOR,39,19.9,791.15,One year,No,Mailed check,No internet service,No internet service,No,No
9647-ERGBE,0.6033743258212017,HIGH,URGENT,30,100.05,3046.15,Month-to-month,Fiber optic,Electronic check,No,No,Yes,Yes
0872-JCPIB,0.25975919789264684,LOW,MONITOR,17,65.75,1111.2,Month-to-month,DSL,Bank transfer (automatic),No,Yes,No,No
7143-BQIBA,0.19474467137154997,LOW,MONITOR,10,62.25,612.95,Month-to-month,DSL,Bank transfer (automatic),Yes,Yes,No,No
0048-LUMLS,0.1949482266757408,LOW,MONITOR,37,91.2,3247.55,One year,Fiber optic,Credit card (automatic),No,No,No,No
9512-UIBFX,0.4352818223661462,MEDIUM,ENGAGE,18,95.15,1779.95,Month-to-month,Fiber optic,Mailed check,No,No,No,Yes
2157-MXBJS,0.28997757786364053,LOW,MONITOR,13,75.3,989.45,One year,DSL,Mailed check,No,No,Yes,Yes
2400-XIWIO,0.01742033460166341,LOW,MONITOR,71,90.1,6310.9,Two year,DSL,Electronic check,Yes,Yes,No,No
0458-HEUZG,0.08982516227426947,LOW,MONITOR,13,35.4,450.4,Two year,DSL,Mailed check,Yes,No,No,No
3858-VOBET,0.5907904439431209,MEDIUM,ENGAGE,23,74.95,1710.45,Month-to-month,Fiber optic,Electronic check,No,No,Yes,Yes
4667-QONEA,0.022266527273618796,LOW,MONITOR,60,74.85,4456.35,One year,DSL,Credit card (automatic),Yes,Yes,Yes,No
4795-UXVCJ,0.03529129090463965,LOW,MONITOR,26,19.8,457.3,One year,No,Credit card (automatic),No internet service,No internet service,No,No
2683-BPJSO,0.41110300796405724,MEDIUM,ENGAGE,29,84.45,2467.1,Month-to-month,Fiber optic,Electronic check,No,Yes,Yes,Yes
3791-LGQCY,0.4255309998223978,MEDIUM,ENGAGE,56,100.65,5688.05,Month-to-month,Fiber optic,Bank transfer (automatic),No,No,Yes,Yes
6250-CGGUN,0.06585376267799878,LOW,MONITOR,54,84.4,4484.05,One year,Fiber optic,Electronic check,Yes,Yes,No,No
9227-UAQFT,0.028380510745422284,LOW,MONITOR,16,19.75,284.35,Two year,No,Mailed check,No internet service,No internet service,No,No
2446-PLQVO,0.7054061450071802,HIGH,URGENT,1,70.3,70.3,Month-to-month,Fiber optic,Electronic check,No,No,Yes,Yes
2475-MROZF,0.2646785860174802,LOW,MONITOR,30,95.0,2852.4,Month-to-month,Fiber optic,Credit card (automatic),Yes,Yes,Yes,No
8734-FNWVH,0.1895605558329317,LOW,MONITOR,31,59.7,1825.5,Month-to-month,DSL,Bank transfer (automatic),No,No,No,No
3427-GGZZI,0.649461263015097,HIGH,URGENT,19,89.1,1620.8,Month-to-month,Fiber optic,Electronic check,No,No,Yes,No
7139-JZFVG,0.006328676172597729,LOW,MONITOR,60,60.5,3694.45,Two year,DSL,Bank transfer (automatic),No,Yes,No,No
1430-SFQSA,0.06262823648484805,LOW,MONITOR,29,35.6,1072.6,One year,DSL,Mailed check,Yes,Yes,No,No
3969-JQABI,0.05967650098729533,LOW,MONITOR,58,65.25,3791.6,Month-to-month,DSL,Credit card (automatic),No,Yes,Yes,No
4195-NZGTA,0.5950974160788385,MEDIUM,ENGAGE,1,25.25,25.25,Month-to-month,DSL,Electronic check,No,No,No,No
9432-VOFYX,0.573787077943853,MEDIUM,ENGAGE,17,70.8,1207.0,Month-to-month,Fiber optic,Electronic check,No,No,Yes,No
5498-IBWPI,0.016132127552519027,LOW,MONITOR,66,49.4,3251.85,One year,DSL,Credit card (automatic),Yes,No,Yes,No
8329-UTMVM,0.37846517230104976,MEDIUM,ENGAGE,27,104.65,2964.0,One year,Fiber optic,Bank transfer (automatic),Yes,No,Yes,No
8473-VUVJN,0.7844967706548936,HIGH,URGENT,1,73.65,73.65,Month-to-month,Fiber optic,Electronic check,No,No,Yes,Yes
4701-MLJPN,0.18118520846644195,LOW,MONITOR,31,55.25,1715.65,Month-to-month,DSL,Electronic check,Yes,No,Yes,Yes
2801-NISEI,0.14272192922281282,LOW,MONITOR,24,54.95,1348.5,Month-to-month,DSL,Electronic check,Yes,Yes,No,No
7898-PDWQE,0.008742245150916744,LOW,MONITOR,71,80.4,5727.15,Two year,DSL,Credit card (automatic),Yes,Yes,No,No
7173-TETGO,0.02923768662238936,LOW,MONITOR,72,78.5,5602.25,Two year,Fiber optic,Bank transfer (automatic),No,Yes,No,No
7036-TYDEC,0.08461878041207484,LOW,MONITOR,69,104.0,7028.5,Two year,Fiber optic,Electronic check,Yes,No,No,No
7065-YUNRY,0.4384905389492966,MEDIUM,ENGAGE,1,45.3,45.3,Month-to-month,DSL,Mailed check,No,No,Yes,Yes
2234-XADUH,0.1245832474316543,LOW,MONITOR,72,103.2,7362.9,One year,Fiber optic,Credit card (automatic),No,No,Yes,No
0181-RITDD,0.027462926339153794,LOW,MONITOR,62,108.15,6825.65,Two year,Fiber optic,Mailed check,Yes,Yes,No,No
4393-OBCRR,0.10361528835495738,LOW,MONITOR,3,20.25,71.2,One year,No,Mailed check,No internet service,No internet service,No,No
2153-MREFK,0.2445510214507846,LOW,MONITOR,37,99.2,3754.6,One year,Fiber optic,Electronic check,Yes,Yes,Yes,Yes
2853-CWQFQ,0.358425464289682,MEDIUM,ENGAGE,1,59.55,59.55,Month-to-month,DSL,Mailed check,Yes,No,Yes,No
1478-VPOAD,0.4652326524608848,MEDIUM,ENGAGE,1,43.8,43.8,Month-to-month,DSL,Electronic check,No,No,No,No
8791-GFXLZ,0.2928660993755061,LOW,MONITOR,12,49.05,593.05,Month-to-month,DSL,Bank transfer (automatic),No,No,Yes,No
8443-ZRDBZ,0.7409664201411172,HIGH,URGENT,4,76.05,318.9,Month-to-month,Fiber optic,Electronic check,No,No,Yes,Yes
2169-RRLFW,0.003124732579994965,LOW,MONITOR,71,25.6,1888.25,Two year,No,Credit card (automatic),No internet service,No internet service,No,No
4391-LNRXK,0.38887876753389017,MEDIUM,ENGAGE,22,94.95,2142.8,Month-to-month,Fiber optic,Bank transfer (automatic),Yes,No,Yes,No
6366-ZGQGL,0.4965130200876749,MEDIUM,ENGAGE,1,24.8,24.8,Month-to-month,DSL,Bank transfer (automatic),No,No,No,Yes
4201-JMNGR,0.45075514626850854,MEDIUM,ENGAGE,1,55.8,55.8,Month-to-month,DSL,Electronic check,No,Yes,Yes,Yes
5281-BUZGT,0.4916772232318287,MEDIUM,ENGAGE,36,90.85,3186.7,Month-to-month,Fiber optic,Electronic check,No,Yes,Yes,Yes
9453-PATOS,0.00815005142542713,LOW,MONITOR,72,85.1,6155.4,Two year,DSL,Mailed check,Yes,Yes,No,No
9795-VOWON,0.33026093942907137,MEDIUM,ENGAGE,7,24.35,150.85,One year,DSL,Credit card (automatic),No,No,Yes,No
8035-BUYVG,0.07855206591875835,LOW,MONITOR,40,42.35,1716.45,One year,DSL,Electronic check,No,Yes,Yes,Yes
7180-PISOG,0.7156061258676213,HIGH,URGENT,1,74.5,74.5,Month-to-month,Fiber optic,Electronic check,No,No,Yes,Yes
9591-YVTEB,0.12339908682241627,LOW,MONITOR,55,44.85,2479.05,Month-to-month,DSL,Electronic check,No,Yes,Yes,No
5406-KGRMX,0.004233430597784128,LOW,MONITOR,71,24.55,1719.15,Two year,No,Electronic check,No internet service,No internet service,No,No
1991-VOPLL,0.1436511748310465,LOW,MONITOR,9,19.05,157.65,Month-to-month,No,Mailed check,No internet service,No internet service,No,No
6161-UUUTA,0.7556699812386185,HIGH,URGENT,3,79.9,260.9,Month-to-month,Fiber optic,Electronic check,No,No,Yes,Yes
5751-USDBL,0.01707938264125056,LOW,MONITOR,46,81.0,3846.35,Two year,DSL,Mailed check,Yes,Yes,No,No
9140-CZQZZ,0.013318428692560726,LOW,MONITOR,68,79.6,5515.8,Two year,DSL,Bank transfer (automatic),Yes,Yes,Yes,No
5442-BXVND,0.056414380752847784,LOW,MONITOR,33,24.25,838.5,Month-to-month,No,Bank transfer (automatic),No internet service,No internet service,No,No
3654-ARMGP,0.02579356769145034,LOW,MONITOR,61,88.65,5321.25,Two year,DSL,Credit card (automatic),Yes,No,No,No
5950-AAAGJ,0.5313617023046449,MEDIUM,ENGAGE,18,84.3,1537.9,Month-to-month,Fiber optic,Bank transfer (automatic),No,No,No,No
7711-GQBZC,0.0024735996000005665,LOW,MONITOR,71,24.7,1810.55,Two year,No,Bank transfer (automatic),No internet service,No internet service,No,No
9897-KXHCM,0.6993240419569224,HIGH,URGENT,3,80.3,250.05,Month-to-month,Fiber optic,Electronic check,No,No,Yes,Yes
5172-RKOCB,0.051936871047328755,LOW,MONITOR,72,108.95,7875.0,Two year,Fiber optic,Credit card (automatic),Yes,Yes,Yes,No
3489-VSFRD,0.021018909408302054,LOW,MONITOR,56,60.25,3282.75,One year,DSL,Credit card (automatic),Yes,Yes,Yes,No
5696-QURRL,0.425810666519061,MEDIUM,ENGAGE,1,45.05,45.05,Month-to-month,DSL,Mailed check,No,No,Yes,Yes
4895-TMWIR,0.14298337651172124,LOW,MONITOR,11,19.95,214.75,Month-to-month,No,Mailed check,No internet service,No internet service,No,Yes
2722-VOJQL,0.16459613587089175,LOW,MONITOR,64,105.65,6903.1,One year,Fiber optic,Credit card (automatic),Yes,No,Yes,Yes
5449-FIBXJ,0.5291824009585343,MEDIUM,ENGAGE,19,103.3,2012.7,Month-to-month,Fiber optic,Electronic check,Yes,No,No,Yes
8838-GPHZP,0.004009741682762254,LOW,MONITOR,63,20.6,1298.7,Two year,No,Mailed check,No internet service,No internet service,Yes,No
1197-BVMVG,0.7756880244630664,HIGH,URGENT,4,74.45,294.45,Month-to-month,Fiber optic,Electronic check,No,No,Yes,No
0559-CKHUS,0.020266228054046122,LOW,MONITOR,29,19.55,521.8,Two year,No,Mailed check,No internet service,No internet service,Yes,No
1689-YQBYY,0.6504730543976357,HIGH,URGENT,12,76.6,893.0,Month-to-month,Fiber optic,Electronic check,No,No,Yes,No
5995-LFTLE,0.007348969584497573,LOW,MONITOR,58,25.3,1474.35,Two year,No,Credit card (automatic),No internet service,No internet service,Yes,No
8966-OIQHG,0.03683603218385658,LOW,MONITOR,22,20.75,452.35,One year,No,Bank transfer (automatic),No internet service,No internet service,No,No
7317-GGVPB,0.06835169039331232,LOW,MONITOR,71,108.6,7690.9,Two year,Fiber optic,Credit card (automatic),Yes,No,Yes,Yes
0907-HQNTS,0.06437933348834214,LOW,MONITOR,70,113.0,7987.6,Two year,Fiber optic,Credit card (automatic),Yes,Yes,Yes,No
2433-KMEAS,0.2889968109013483,LOW,MONITOR,22,54.45,1127.35,Month-to-month,DSL,Electronic check,No,Yes,Yes,Yes
6384-VMJHP,0.007835336356863246,LOW,MONITOR,72,73.0,5265.2,Two year,DSL,Credit card (automatic),Yes,Yes,Yes,No
4821-WQOYN,0.0021113121673117315,LOW,MONITOR,72,20.1,1326.25,Two year,No,Credit card (automatic),No internet service,No internet service,Yes,No
6158-HDPXZ,0.48383497688545013,MEDIUM,ENGAGE,1,25.35,25.35,Month-to-month,DSL,Mailed check,No,No,No,No
0365-BZUWY,0.678715971568361,HIGH,URGENT,17,102.55,1742.5,Month-to-month,Fiber optic,Electronic check,No,No,Yes,No
3874-EQOEP,0.6567166071922461,HIGH,URGENT,7,95.0,655.5,Month-to-month,Fiber optic,Mailed check,No,No,No,Yes
1423-BMPBQ,0.21117555506069774,LOW,MONITOR,1,19.0,19.0,Month-to-month,No,Mailed check,No internet service,No internet service,Yes,No
6064-PUPMC,0.05006881715909057,LOW,MONITOR,23,57.2,1423.35,One year,DSL,Credit card (automatic),Yes,Yes,No,No
6158-DWPZT,0.24833705728272698,LOW,MONITOR,9,24.1,259.8,One year,DSL,Bank transfer (automatic),No,No,No,Yes
9420-LOJKX,0.490769498604112,MEDIUM,ENGAGE,15,99.1,1426.4,Month-to-month,Fiber optic,Credit card (automatic),No,Yes,Yes,Yes
8035-PWSEV,0.6342898987904233,HIGH,URGENT,6,89.25,487.05,Month-to-month,Fiber optic,Electronic check,Yes,No,Yes,No
8143-ETQTI,0.022726982345395906,LOW,MONITOR,23,19.65,451.55,Two year,No,Mailed check,No internet service,No internet service,Yes,No
9648-BCHKM,0.04142563033300529,LOW,MONITOR,18,24.65,471.35,Two year,No,Credit card (automatic),No internet service,No internet service,Yes,No
7340-KEFQE,0.010823970609454931,LOW,MONITOR,51,34.2,1782.0,Two year,DSL,Bank transfer (automatic),Yes,Yes,No,No
1964-SVLEA,0.058754045204314986,LOW,MONITOR,20,19.7,415.9,One year,No,Mailed check,No internet service,No internet service,Yes,No
9572-WUKSB,0.5522197033211151,MEDIUM,ENGAGE,3,29.9,92.25,Month-to-month,DSL,Electronic check,Yes,No,Yes,No
0795-LAFGP,0.015053558002024988,LOW,MONITOR,71,90.4,6668.05,Two year,DSL,Electronic check,Yes,Yes,No,No
0411-EZJZE,0.6246621722760198,HIGH,URGENT,3,60.25,170.5,Month-to-month,DSL,Electronic check,No,No,Yes,No
9334-GWGOW,0.7418926589908814,HIGH,URGENT,7,74.85,485.25,Month-to-month,Fiber optic,Electronic check,No,No,Yes,No
4807-IZYOZ,0.005735464521921151,LOW,MONITOR,51,20.65,1020.75,Two year,No,Bank transfer (automatic),No internet service,No internet service,No,No
2480-SQIOB,0.3698266660852538,MEDIUM,ENGAGE,4,44.8,169.65,Month-to-month,DSL,Electronic check,No,No,No,No
3540-RZJYU,0.4887677733197914,MEDIUM,ENGAGE,15,86.2,1270.2,Month-to-month,Fiber optic,Electronic check,No,Yes,No,Yes
9489-UTFKA,0.2936050217182329,LOW,MONITOR,8,60.9,551.95,Month-to-month,DSL,Bank transfer (automatic),No,Yes,No,No
8348-JLBUG,0.0490265091978633,LOW,MONITOR,64,80.3,5017.7,One year,Fiber optic,Credit card (automatic),No,Yes,No,No
7660-HDPJV,0.7141647704470933,HIGH,URGENT,1,69.2,69.2,Month-to-month,Fiber optic,Electronic check,No,No,Yes,Yes
8325-QRPZR,0.6456464784778425,HIGH,URGENT,7,75.15,525.0,Month-to-month,Fiber optic,Electronic check,No,No,Yes,No
3675-YDUPJ,0.16890046358085642,LOW,MONITOR,10,19.85,193.05,Month-to-month,No,Mailed check,No internet service,No internet service,Yes,No
6609-MXJHJ,0.022271207163372074,LOW,MONITOR,30,25.1,789.55,Two year,No,Mailed check,No internet service,No internet service,Yes,No
8727-XDPUD,0.05604302445008291,LOW,MONITOR,37,35.8,1316.9,Two year,DSL,Credit card (automatic),No,No,No,No
9565-FLVCG,0.01312121853559399,LOW,MONITOR,65,69.55,4459.15,Two year,DSL,Mailed check,No,Yes,Yes,No
6825-UYPFK,0.4516425352278865,MEDIUM,ENGAGE,23,75.6,1758.6,Month-to-month,Fiber optic,Bank transfer (automatic),No,No,No,Yes
2860-RANUS,0.6496057708215338,HIGH,URGENT,20,85.8,1727.5,Month-to-month,Fiber optic,Credit card (automatic),No,No,Yes,Yes
9025-ZRPVR,0.1756372064476499,LOW,MONITOR,9,18.95,185.6,Month-to-month,No,Mailed check,No internet service,No internet service,Yes,Yes
6096-EGVTU,0.00629621754059206,LOW,MONITOR,64,24.9,1595.5,One year,No,Mailed check,No internet service,No internet service,No,No
6288-CHQJB,0.01045303798691294,LOW,MONITOR,54,69.95,3871.85,Two year,DSL,Bank transfer (automatic),Yes,Yes,No,No
5562-BETPV,0.08838654959173037,LOW,MONITOR,1,19.65,19.65,One year,No,Mailed check,No internet service,No internet service,No,No
7310-EGVHZ,0.20276012568778776,LOW,MONITOR,1,20.2,20.2,Month-to-month,No,Bank transfer (automatic),No internet service,No internet service,No,No
6743-HHQPF,0.15266231675294076,LOW,MONITOR,42,25.1,1097.15,Month-to-month,DSL,Credit card (automatic),No,No,Yes,No
0454-OKRCT,0.06657211438848976,LOW,MONITOR,33,80.6,2651.1,Two year,Fiber optic,Bank transfer (automatic),Yes,No,No,No
2178-PMGCJ,0.42302122949238485,MEDIUM,ENGAGE,22,69.7,1490.4,Month-to-month,Fiber optic,Mailed check,No,No,Yes,No
4255-DDUOU,0.21287444997796565,LOW,MONITOR,1,20.5,20.5,Month-to-month,No,Mailed check,No internet service,No internet service,Yes,Yes
1552-AAGRX,0.37382337440240027,MEDIUM,ENGAGE,30,106.4,3211.9,Month-to-month,Fiber optic,Bank transfer (automatic),Yes,Yes,No,No
3143-ILDAL,0.30905305782266673,MEDIUM,ENGAGE,56,94.45,5124.6,Month-to-month,Fiber optic,Electronic check,Yes,No,Yes,Yes
8699-ASUFO,0.6601098550048616,HIGH,URGENT,7,74.4,527.9,Month-to-month,Fiber optic,Mailed check,No,No,Yes,Yes
2478-EEWWM,0.1763196683611954,LOW,MONITOR,59,44.3,2666.75,Month-to-month,DSL,Electronic check,No,No,Yes,No
5242-UOWHD,0.0056304374663763935,LOW,MONITOR,45,20.35,929.2,Two year,No,Mailed check,No internet service,No internet service,No,No
4521-YEEHE,0.6231564089407932,HIGH,URGENT,18,88.85,1594.75,Month-to-month,Fiber optic,Electronic check,Yes,No,Yes,No
4813-HQMGZ,0.706199442058324,HIGH,URGENT,8,90.25,743.75,Month-to-month,Fiber optic,Electronic check,Yes,No,Yes,No
7089-XXAYG,0.18799646591803576,LOW,MONITOR,25,38.1,970.4,One year,DSL,Credit card (automatic),No,No,Yes,No
3318-NMQXL,0.7666275214817622,HIGH,URGENT,3,92.0,266.8,Month-to-month,Fiber optic,Electronic check,No,No,Yes,No
6103-BOCOU,0.5677227293524885,MEDIUM,ENGAGE,26,80.7,2193.0,Month-to-month,Fiber optic,Electronic check,No,No,Yes,No
4821-SJHJV,0.376548278838748,MEDIUM,ENGAGE,32,89.6,2901.8,Month-to-month,Fiber optic,Electronic check,No,Yes,No,No
8242-JSVBO,0.37663376439695856,MEDIUM,ENGAGE,7,44.65,322.5,Month-to-month,DSL,Bank transfer (automatic),No,No,Yes,No
3727-OVPRY,0.007879068710781903,LOW,MONITOR,66,25.7,1714.55,One year,No,Credit card (automatic),No internet service,No internet service,Yes,No
8204-TIFGJ,0.10636231252293257,LOW,MONITOR,23,20.3,470.6,Month-to-month,No,Bank transfer (automatic),No internet service,No internet service,Yes,No
9619-GSATL,0.04963981437569461,LOW,MONITOR,43,55.45,2444.25,One year,DSL,Electronic check,Yes,No,No,No
7754-IXRMC,0.37069267004417983,MEDIUM,ENGAGE,1,45.35,45.35,Month-to-month,DSL,Mailed check,No,No,No,No
6680-NENYN,0.24118946178254583,LOW,MONITOR,43,104.6,4759.85,Two year,Fiber optic,Electronic check,No,No,Yes,Yes
7611-YKYTC,0.24354982348048787,LOW,MONITOR,22,75.0,1573.95,Month-to-month,Fiber optic,Bank transfer (automatic),No,Yes,No,No
0722-SVSFK,0.6737153838901392,HIGH,URGENT,7,100.4,715.0,Month-to-month,Fiber optic,Electronic check,Yes,No,Yes,No
1455-HFBXA,0.049524884958965544,LOW,MONITOR,52,91.6,4627.8,Two year,Fiber optic,Credit card (automatic),Yes,Yes,Yes,No
4609-KNNWG,0.014258543708178806,LOW,MONITOR,27,19.9,550.1,Two year,No,Mailed check,No internet service,No internet service,No,No
1834-WULEG,0.02974249017806732,LOW,MONITOR,24,20.25,439.75,One year,No,Mailed check,No internet service,No internet service,No,No
1402-PTHGN,0.06499451311851268,LOW,MONITOR,18,61.5,1087.45,One year,DSL,Mailed check,Yes,Yes,Yes,No
8879-XUAHX,0.08092558451885092,LOW,MONITOR,71,116.25,8564.75,Two year,Fiber optic,Electronic check,Yes,Yes,Yes,No
6818-DJXAA,0.5581213336431543,MEDIUM,ENGAGE,10,91.1,964.35,Month-to-month,Fiber optic,Electronic check,Yes,No,Yes,No
6119-SPUDB,0.01404171847392189,LOW,MONITOR,46,38.25,1755.35,Two year,DSL,Mailed check,Yes,Yes,No,No
7599-FKVXZ,0.41703194311900804,MEDIUM,ENGAGE,42,106.15,4512.7,Month-to-month,Fiber optic,Bank transfer (automatic),Yes,No,Yes,Yes
6729-FZWSY,0.00572392438548625,LOW,MONITOR,67,19.45,1195.95,One year,No,Mailed check,No internet service,No internet service,Yes,No
3638-WEABW,0.018617254172533192,LOW,MONITOR,58,59.9,3505.1,Two year,DSL,Credit card (automatic),Yes,No,Yes,No
9124-LHCJQ,0.7313498015724169,HIGH,URGENT,1,85.45,85.45,Month-to-month,Fiber optic,Mailed check,No,No,Yes,Yes
3397-AVTKU,0.053863798132880704,LOW,MONITOR,43,60.0,2548.55,Two year,DSL,Electronic check,No,No,Yes,No
8089-UZWLX,0.09489643736973837,LOW,MONITOR,71,104.05,7413.55,Two year,Fiber optic,Bank transfer (automatic),No,No,No,No
5583-EJXRD,0.02168746728415748,LOW,MONITOR,44,54.05,2375.2,Two year,DSL,Credit card (automatic),Yes,Yes,Yes,No
9365-SRSZE,0.5186064940492366,MEDIUM,ENGAGE,27,70.55,1943.9,Month-to-month,Fiber optic,Electronic check,No,No,Yes,No
1472-TNCWL,0.46358014630958233,MEDIUM,ENGAGE,36,94.7,3512.5,Month-to-month,Fiber optic,Electronic check,No,No,Yes,No
9063-ZGTUY,0.01323804593559569,LOW,MONITOR,61,19.4,1182.55,Month-to-month,No,Mailed check,No internet service,No internet service,Yes,Yes
0952-KMEEH,0.5145204245527222,MEDIUM,ENGAGE,13,98.15,1230.25,Month-to-month,Fiber optic,Mailed check,No,Yes,No,Yes
2405-LBMUW,0.023383159425390702,LOW,MONITOR,61,50.7,3088.75,One year,DSL,Bank transfer (automatic),Yes,Yes,Yes,No
3012-VFFMN,0.13207515015677582,LOW,MONITOR,7,20.65,158.95,Month-to-month,No,Mailed check,No internet service,No internet service,No,No
4712-UYOOI,0.10584490529863015,LOW,MONITOR,20,20.0,417.65,Month-to-month,No,Electronic check,No internet service,No internet service,No,No
1972-XMUWV,0.014613932287711842,LOW,MONITOR,65,59.8,3808.2,Two year,DSL,Credit card (automatic),Yes,No,Yes,No
5014-WUQMG,0.13071760150204254,LOW,MONITOR,47,96.1,4391.45,One year,Fiber optic,Electronic check,No,Yes,Yes,No
4546-FOKWR,0.5777071559665048,MEDIUM,ENGAGE,16,74.75,1129.35,Month-to-month,Fiber optic,Credit card (automatic),No,No,Yes,No
2300-RQGOI,0.010233773058659173,LOW,MONITOR,38,20.05,741.5,Two year,No,Mailed check,No internet service,No internet service,No,No
4983-CCWMC,0.5973513145079848,MEDIUM,ENGAGE,3,69.6,207.4,Month-to-month,Fiber optic,Mailed check,No,No,Yes,No
8663-UPDGF,0.22334488266571093,LOW,MONITOR,26,69.5,1800.05,Month-to-month,DSL,Bank transfer (automatic),No,Yes,Yes,No
1078-TDCRN,0.6316267783266142,HIGH,URGENT,3,30.75,82.85,Month-to-month,DSL,Electronic check,No,No,Yes,No
8905-IAZPF,0.13043396737002944,LOW,MONITOR,69,95.65,6744.2,One year,Fiber optic,Credit card (automatic),No,No,Yes,No
0207-MDKNV,0.4576011161802547,MEDIUM,ENGAGE,15,105.1,1582.75,Month-to-month,Fiber optic,Electronic check,Yes,Yes,No,Yes
4704-ERYFC,0.5327178148816936,MEDIUM,ENGAGE,22,69.25,1554.0,Month-to-month,Fiber optic,Electronic check,No,No,Yes,Yes
0732-OCQOC,0.008066130707737129,LOW,MONITOR,52,25.05,1270.25,Two year,No,Bank transfer (automatic),No internet service,No internet service,Yes,No
2509-TFPJU,0.0027987759353482436,LOW,MONITOR,72,25.75,1864.2,Two year,No,Credit card (automatic),No internet service,No internet service,No,No
2832-KJCRD,0.5370908162389232,MEDIUM,ENGAGE,38,103.65,3988.5,Month-to-month,Fiber optic,Electronic check,Yes,No,Yes,No
3419-SNJJD,0.23333927310308925,LOW,MONITOR,65,105.25,6786.4,Month-to-month,Fiber optic,Bank transfer (automatic),No,Yes,No,Yes
5329-KRDTM,0.012817541851504475,LOW,MONITOR,72,77.35,5396.25,Two year,DSL,Credit card (automatic),Yes,No,No,No
2004-OCQXK,0.757440015329047,HIGH,URGENT,1,81.95,81.95,Month-to-month,Fiber optic,Electronic check,No,No,Yes,Yes
2959-FENLU,0.6051652708968837,HIGH,URGENT,9,85.3,781.4,Month-to-month,Fiber optic,Credit card (automatic),No,No,Yes,No
0815-MFZGM,0.11818068641502451,LOW,MONITOR,42,99.0,4135.0,Two year,Fiber optic,Credit card (automatic),Yes,No,Yes,No
9798-OPFEM,0.013776800948778888,LOW,MONITOR,46,21.1,937.1,Two year,No,Electronic check,No internet service,No internet service,Yes,No
5438-QMDDL,0.2798945609473566,LOW,MONITOR,19,59.8,1130.85,Month-to-month,DSL,Mailed check,No,No,Yes,No
5099-BAILX,0.36469284375369315,MEDIUM,ENGAGE,43,110.75,4687.9,Month-to-month,Fiber optic,Bank transfer (automatic),Yes,No,Yes,Yes
6897-RWMUB,0.006832229959043962,LOW,MONITOR,61,68.05,4158.25,Two year,DSL,Bank transfer (automatic),Yes,Yes,Yes,No
5206-XZZQI,0.152829159152472,LOW,MONITOR,53,80.6,4348.1,Month-to-month,Fiber optic,Mailed check,Yes,No,Yes,No
0921-OHLVP,0.5873418268685744,MEDIUM,ENGAGE,22,83.05,1799.3,Month-to-month,Fiber optic,Electronic check,No,No,No,No
7521-AFHAB,0.28393592950615953,LOW,MONITOR,5,44.8,220.45,Month-to-month,DSL,Mailed check,No,No,No,No
6349-JDHQP,0.005216624392140876,LOW,MONITOR,53,19.85,1049.6,Two year,No,Credit card (automatic),No internet service,No internet service,No,No
6834-NXDCA,0.5176826209921684,MEDIUM,ENGAGE,13,23.9,300.8,Month-to-month,DSL,Electronic check,No,No,Yes,Yes
1971-DTCZB,0.016240849692261902,LOW,MONITOR,72,90.95,6468.6,Two year,DSL,Bank transfer (automatic),Yes,Yes,Yes,No
4671-VJLCL,0.014643149828267657,LOW,MONITOR,63,79.85,4861.45,Two year,DSL,Credit card (automatic),Yes,Yes,Yes,No
4976-LNFVV,0.328173611525523,MEDIUM,ENGAGE,19,34.3,577.15,Month-to-month,DSL,Credit card (automatic),No,No,Yes,No
6374-NTQLP,0.03660421726423926,LOW,MONITOR,72,104.1,7447.7,Two year,Fiber optic,Credit card (automatic),Yes,Yes,Yes,No
1090-ESELR,0.02350962422118206,LOW,MONITOR,72,105.5,7611.55,Two year,Fiber optic,Bank transfer (automatic),Yes,Yes,No,No
6035-RIIOM,0.12978201395811367,LOW,MONITOR,54,97.2,5129.45,Two year,Fiber optic,Bank transfer (automatic),No,No,Yes,No
1875-QIVME,0.753520611367616,HIGH,URGENT,2,104.4,242.8,Month-to-month,Fiber optic,Electronic check,Yes,No,Yes,Yes
6769-DCQLI,0.1471253128956304,LOW,MONITOR,52,105.0,5426.85,One year,Fiber optic,Bank transfer (automatic),Yes,No,Yes,Yes
3346-BRMIS,0.5772369686199122,MEDIUM,ENGAGE,18,48.35,810.7,Month-to-month,DSL,Electronic check,No,No,Yes,Yes
1771-OADNZ,0.5916122886008492,MEDIUM,ENGAGE,29,95.9,2745.2,Month-to-month,Fiber optic,Electronic check,No,No,Yes,Yes
5201-USSQZ,0.35160254605048624,MEDIUM,ENGAGE,26,85.9,2196.45,Month-to-month,Fiber optic,Credit card (automatic),Yes,No,No,No
3882-IYOIJ,0.044269811122309516,LOW,MONITOR,60,115.25,6758.45,Two year,Fiber optic,Credit card (automatic),Yes,Yes,No,No
5803-NQJZO,0.006827001789622795,LOW,MONITOR,72,67.8,4804.65,Two year,DSL,Bank transfer (automatic),Yes,Yes,Yes,No
8561-NMTBD,0.12668924146320498,LOW,MONITOR,67,112.35,7388.45,One year,Fiber optic,Credit card (automatic),Yes,No,Yes,No
3130-ICDUP,0.49022841428462394,MEDIUM,ENGAGE,2,80.55,188.1,Month-to-month,Fiber optic,Credit card (automatic),No,Yes,No,No
7108-DGVUU,0.1758298935508392,LOW,MONITOR,21,71.7,1497.05,One year,DSL,Bank transfer (automatic),No,No,No,No
3853-LYGAM,0.5340894189820082,MEDIUM,ENGAGE,17,95.65,1640.0,Month-to-month,Fiber optic,Bank transfer (automatic),Yes,No,Yes,No
0851-DFJKB,0.18681900796417378,LOW,MONITOR,15,58.95,955.15,Month-to-month,DSL,Electronic check,Yes,Yes,No,No
3317-VLGQT,0.6572802002268239,HIGH,URGENT,14,78.1,1122.4,Month-to-month,Fiber optic,Electronic check,No,No,Yes,No
4186-ZBUEW,0.10054882888249098,LOW,MONITOR,36,70.7,2511.95,One year,DSL,Mailed check,Yes,No,Yes,No
6890-PFRQX,0.215103678324328,LOW,MONITOR,18,69.5,1199.4,Month-to-month,DSL,Mailed check,No,Yes,No,No
1376-HHBDV,0.13483121424805178,LOW,MONITOR,30,48.8,1536.75,Month-to-month,DSL,Mailed check,No,Yes,Yes,No
1904-WAJAA,0.0483128129225184,LOW,MONITOR,24,64.35,1558.65,Two year,DSL,Electronic check,No,Yes,No,No
2577-GVSIL,0.1199014551333909,LOW,MONITOR,35,73.45,2661.1,One year,DSL,Bank transfer (automatic),Yes,No,Yes,No
3748-FVMZZ,0.5984187193550232,MEDIUM,ENGAGE,4,40.05,162.45,Month-to-month,DSL,Electronic check,Yes,No,Yes,No
6457-USBER,0.7466680526018662,HIGH,URGENT,1,80.8,80.8,Month-to-month,Fiber optic,Electronic check,No,No,Yes,Yes
3815-SLMEF,0.3115821565305043,MEDIUM,ENGAGE,3,34.25,139.35,Month-to-month,DSL,Mailed check,Yes,Yes,No,Yes
1564-NTYXF,0.7599005799040418,HIGH,URGENT,13,82.0,1127.2,Month-to-month,Fiber optic,Electronic check,No,No,Yes,Yes
9518-IMLHK,0.10292412390768449,LOW,MONITOR,31,72.45,2156.25,Month-to-month,DSL,Bank transfer (automatic),Yes,Yes,Yes,No
6258-PVZWJ,0.018594076760482768,LOW,MONITOR,68,90.8,6302.85,Two year,DSL,Credit card (automatic),Yes,Yes,Yes,No
6188-UXBBR,0.02759858581403955,LOW,MONITOR,38,20.25,814.75,One year,No,Credit card (automatic),No internet service,No internet service,Yes,No
7363-QTBIW,0.6991865480460685,HIGH,URGENT,9,79.75,769.1,Month-to-month,Fiber optic,Electronic check,No,No,Yes,No
4423-JWZJN,0.09277555566605784,LOW,MONITOR,64,90.25,5629.15,One year,Fiber optic,Credit card (automatic),No,No,No,No
5857-XRECV,0.09529099597461219,LOW,MONITOR,2,20.5,38.25,One year,No,Bank transfer (automatic),No internet service,No internet service,No,No
2773-MADBQ,0.03560269242294281,LOW,MONITOR,36,53.1,1901.25,Two year,DSL,Mailed check,Yes,Yes,Yes,No
8100-HZZLJ,0.11729116767002148,LOW,MONITOR,43,63.95,2737.05,Month-to-month,DSL,Electronic check,No,Yes,Yes,No
9135-HSWOC,0.0030291555072801115,LOW,MONITOR,64,19.7,1274.05,Two year,No,Bank transfer (automatic),No internet service,No internet service,Yes,No
0655-YDGFJ,0.13598404994694782,LOW,MONITOR,29,48.95,1323.7,Month-to-month,DSL,Bank transfer (automatic),No,No,No,No
6635-MYYYZ,0.06238397116153389,LOW,MONITOR,30,85.35,2530.4,One year,DSL,Bank transfer (automatic),Yes,Yes,No,Yes
2750-BJLSB,0.18090783720535883,LOW,MONITOR,47,103.7,4730.6,One year,Fiber optic,Electronic check,Yes,Yes,Yes,No
7142-HVGBG,0.5463131469736942,MEDIUM,ENGAGE,43,103.0,4414.3,Month-to-month,Fiber optic,Electronic check,No,No,Yes,Yes
5649-RXQTV,0.38030472115319236,MEDIUM,ENGAGE,51,99.0,5038.15,Month-to-month,Fiber optic,Electronic check,No,No,Yes,No
7197-VOJMM,0.009228358392783546,LOW,MONITOR,67,69.2,4671.65,Two year,DSL,Credit card (automatic),Yes,Yes,Yes,No
9070-BCKQP,0.05801284900155434,LOW,MONITOR,72,110.15,7881.2,Two year,Fiber optic,Credit card (automatic),Yes,Yes,Yes,No
3597-YASZG,0.08821380526671188,LOW,MONITOR,70,104.45,7349.35,Two year,Fiber optic,Bank transfer (automatic),Yes,No,Yes,No
3544-FBCAS,0.01555726709250776,LOW,MONITOR,72,83.6,5959.3,Two year,DSL,Credit card (automatic),No,Yes,Yes,No
0328-GRPMV,0.7154086142301389,HIGH,URGENT,1,70.1,70.1,Month-to-month,Fiber optic,Electronic check,No,No,Yes,Yes
5762-TJXGK,0.0333145213966061,LOW,MONITOR,52,58.75,3038.55,Two year,DSL,Bank transfer (automatic),No,Yes,Yes,No
5799-JRCZO,0.002585426680658265,LOW,MONITOR,63,19.5,1215.1,Two year,No,Credit card (automatic),No internet service,No internet service,No,No
5397-NSKQG,0.012480344970173368,LOW,MONITOR,67,50.9,3281.65,Two year,DSL,Credit card (automatic),No,Yes,No,No
4828-FAZPK,0.49072689658419394,MEDIUM,ENGAGE,16,79.95,1267.95,Month-to-month,Fiber optic,Credit card (automatic),No,No,Yes,No
4023-RTIQM,0.1255825244261961,LOW,MONITOR,31,50.4,1580.1,One year,DSL,Credit card (automatic),No,Yes,Yes,No
9871-ELEYA,0.020309667435909052,LOW,MONITOR,34,67.65,2339.3,Two year,DSL,Credit card (automatic),Yes,Yes,No,No
4282-ACRXS,0.26067460785681784,LOW,MONITOR,38,24.85,955.75,Month-to-month,DSL,Electronic check,No,No,Yes,No
5709-LVOEQ,0.08528073856035423,LOW,MONITOR,0,80.85,0.0,Two year,DSL,Mailed check,No,Yes,No,No
9625-RZFUK,0.002288372703621902,LOW,MONITOR,63,19.7,1275.85,Two year,No,Mailed check,No internet service,No internet service,No,No
9526-BIHHD,0.38493801037393416,MEDIUM,ENGAGE,1,29.7,29.7,Month-to-month,DSL,Mailed check,No,Yes,No,Yes
2194-IIQOF,0.012733737860028202,LOW,MONITOR,71,89.3,6388.65,Two year,DSL,Credit card (automatic),Yes,Yes,No,No
7595-EHCDL,0.22461210243449825,LOW,MONITOR,32,50.6,1653.45,Month-to-month,DSL,Credit card (automatic),No,No,No,No
3043-SUDUA,0.053435901221818516,LOW,MONITOR,32,19.9,601.55,Month-to-month,No,Bank transfer (automatic),No internet service,No internet service,No,No
9500-IWPXQ,0.03576879549240878,LOW,MONITOR,61,79.4,4820.55,One year,DSL,Electronic check,Yes,Yes,Yes,No
8073-IJDCM,0.25149723206639857,LOW,MONITOR,1,20.3,20.3,Month-to-month,No,Mailed check,No internet service,No internet service,Yes,Yes
1320-HTRDR,0.7551625473179202,HIGH,URGENT,3,75.5,220.6,Month-to-month,Fiber optic,Electronic check,No,No,Yes,Yes
3507-GASNP,0.0027032505511210294,LOW,MONITOR,60,19.95,1189.9,Two year,No,Mailed check,No internet service,No internet service,No,No
2138-VFAPZ,0.03505913015317427,LOW,MONITOR,14,19.7,263.65,Two year,No,Mailed check,No internet service,No internet service,Yes,No
8305-VHZBZ,0.24208175195741696,LOW,MONITOR,1,20.2,20.2,Month-to-month,No,Mailed check,No internet service,No internet service,Yes,Yes
6402-SSEJG,0.17690861118134585,LOW,MONITOR,25,61.05,1540.2,One year,DSL,Electronic check,No,Yes,No,No
6738-ISCBM,0.12394642045263567,LOW,MONITOR,44,54.0,2440.25,One year,DSL,Electronic check,No,Yes,Yes,No
1877-HKBQX,0.1161654279088093,LOW,MONITOR,11,54.6,617.85,One year,DSL,Mailed check,Yes,Yes,Yes,No
6133-OZILE,0.3734494342738536,MEDIUM,ENGAGE,18,35.2,607.3,Month-to-month,DSL,Electronic check,Yes,No,Yes,No
6985-HAYWX,0.37928388755099,MEDIUM,ENGAGE,26,79.3,2015.8,Month-to-month,Fiber optic,Bank transfer (automatic),No,No,No,No
4830-FAXFM,0.13179642157624938,LOW,MONITOR,19,24.1,439.2,Month-to-month,No,Credit card (automatic),No internet service,No internet service,Yes,No
3259-FDWOY,0.07546614325719544,LOW,MONITOR,71,106.0,7723.7,Two year,Fiber optic,Bank transfer (automatic),No,No,Yes,Yes
2690-DVRVK,0.10656483174113406,LOW,MONITOR,5,20.55,99.45,One year,No,Electronic check,No internet service,No internet service,No,No
1987-AUELQ,0.0031016030786602334,LOW,MONITOR,71,25.05,1873.7,Two year,No,Credit card (automatic),No internet service,No internet service,No,No
6024-RUGGH,0.002952269446096917,LOW,MONITOR,72,25.2,1798.9,Two year,No,Bank transfer (automatic),No internet service,No internet service,Yes,No
5989-AXPUC,0.04587357432862878,LOW,MONITOR,68,118.6,7990.05,Two year,Fiber optic,Mailed check,Yes,Yes,No,No
8601-QACRS,0.4652598644677904,MEDIUM,ENGAGE,5,50.6,249.95,Month-to-month,DSL,Mailed check,No,No,Yes,Yes
9269-CQOOL,0.41445757585219833,MEDIUM,ENGAGE,3,54.7,169.45,Month-to-month,DSL,Credit card (automatic),No,No,Yes,Yes
6005-OBZPH,0.6330598721084939,HIGH,URGENT,26,89.15,2277.65,Month-to-month,Fiber optic,Electronic check,No,No,Yes,Yes
0303-UNCIP,0.07940793226057348,LOW,MONITOR,41,65.0,2531.8,One year,DSL,Mailed check,No,No,No,No
2202-OUTMO,0.12693975645189182,LOW,MONITOR,34,60.85,2003.6,Month-to-month,DSL,Bank transfer (automatic),Yes,Yes,Yes,No
7851-FLGGQ,0.48988132043144583,MEDIUM,ENGAGE,1,44.65,44.65,Month-to-month,DSL,Mailed check,Yes,No,Yes,Yes
3807-BPOMJ,0.19477924943362415,LOW,MONITOR,55,94.75,5276.1,One year,Fiber optic,Electronic check,No,Yes,Yes,No
5568-DMXZS,0.40249270649473584,MEDIUM,ENGAGE,8,65.45,554.45,Month-to-month,DSL,Electronic check,Yes,No,Yes,No
4088-YLDSU,0.25375329414861564,LOW,MONITOR,55,104.15,5743.05,One year,Fiber optic,Electronic check,Yes,No,Yes,Yes
8148-WOCMK,0.03600485202243477,LOW,MONITOR,8,19.6,125.0,Two year,No,Credit card (automatic),No internet service,No internet service,No,No
1699-UOTXU,0.010975986928937552,LOW,MONITOR,60,61.4,3638.25,Two year,DSL,Electronic check,No,Yes,No,No
3279-DYZQM,0.0015121549378335846,LOW,MONITOR,71,19.45,1378.45,Two year,No,Mailed check,No internet service,No internet service,No,No
0506-YLVKJ,0.0070278414606623745,LOW,MONITOR,46,20.2,917.45,Two year,No,Mailed check,No internet service,No internet service,Yes,No
1679-JRFBR,0.11009793914354175,LOW,MONITOR,70,108.15,7930.55,One year,Fiber optic,Credit card (automatic),No,Yes,Yes,No
5628-FCGYG,0.6639086315146928,HIGH,URGENT,21,84.1,1737.45,Month-to-month,Fiber optic,Electronic check,No,No,Yes,No
0516-UXRMT,0.11783083715808317,LOW,MONITOR,62,92.05,5755.8,One year,Fiber optic,Electronic check,No,Yes,Yes,No
0330-BGYZE,0.1464101213285408,LOW,MONITOR,60,102.5,6157.6,One year,Fiber optic,Bank transfer (automatic),No,No,No,No
4683-WYDOU,0.10531142218779355,LOW,MONITOR,62,107.6,6912.7,Two year,Fiber optic,Bank transfer (automatic),Yes,No,Yes,No
8234-GSZYK,0.011390557016897679,LOW,MONITOR,43,26.45,1110.05,Two year,No,Bank transfer (automatic),No internet service,No internet service,No,No
2137-DQMEV,0.013539322356084755,LOW,MONITOR,68,44.8,2983.65,One year,DSL,Mailed check,No,Yes,No,No
5294-CDGWY,0.05429953983574944,LOW,MONITOR,51,59.3,3014.65,One year,DSL,Electronic check,No,Yes,No,Yes
2378-YIZKA,0.010213474007563112,LOW,MONITOR,68,85.0,5607.75,Two year,DSL,Credit card (automatic),Yes,Yes,Yes,No
2272-UOINI,0.3664519733385428,MEDIUM,ENGAGE,7,78.5,571.05,Month-to-month,DSL,Electronic check,Yes,Yes,Yes,No
4718-WXBGI,0.013500597353444428,LOW,MONITOR,72,91.95,6614.9,Two year,DSL,Credit card (automatic),Yes,Yes,Yes,No
4578-PHJYZ,0.042288179154698215,LOW,MONITOR,52,68.75,3482.85,One year,DSL,Electronic check,Yes,No,Yes,No
9053-EJUNL,0.46918623894505146,MEDIUM,ENGAGE,41,89.2,3645.75,Month-to-month,Fiber optic,Electronic check,No,No,Yes,No
4361-BKAXE,0.31327434693914435,MEDIUM,ENGAGE,41,114.5,4527.45,Month-to-month,Fiber optic,Bank transfer (automatic),Yes,Yes,Yes,Yes
6996-KNSML,0.6919294193363309,HIGH,URGENT,1,74.9,74.9,Month-to-month,Fiber optic,Electronic check,No,No,Yes,Yes
5566-SOEZD,0.1420032081520972,LOW,MONITOR,27,80.65,2209.75,One year,Fiber optic,Credit card (automatic),No,Yes,Yes,No
9585-KKMFD,0.009133112270650529,LOW,MONITOR,41,20.0,879.8,Two year,No,Mailed check,No internet service,No internet service,Yes,No
6575-SUVOI,0.2354805161076637,LOW,MONITOR,25,69.5,1752.65,Month-to-month,DSL,Credit card (automatic),Yes,Yes,Yes,No
8181-YHCMF,0.012969863313144526,LOW,MONITOR,68,60.3,4109.0,Two year,DSL,Credit card (automatic),Yes,No,No,No
5550-VFRLC,0.7458814228930917,HIGH,URGENT,1,69.85,69.85,Month-to-month,Fiber optic,Electronic check,No,No,Yes,Yes
0840-DCNZE,0.048522207071647595,LOW,MONITOR,47,86.95,4138.9,One year,DSL,Bank transfer (automatic),Yes,Yes,Yes,No
4433-JCGCG,0.569785926317469,MEDIUM,ENGAGE,46,101.0,4680.05,Month-to-month,Fiber optic,Electronic check,No,No,Yes,Yes
7774-OJSXI,0.4182005813132761,MEDIUM,ENGAGE,31,103.45,3066.45,One year,Fiber optic,Electronic check,No,No,Yes,Yes
1468-DEFNC,0.004983648194488259,LOW,MONITOR,64,24.4,1548.65,Two year,No,Bank transfer (automatic),No internet service,No internet service,Yes,No
7853-OETYL,0.5245225983808764,MEDIUM,ENGAGE,4,29.05,129.6,Month-to-month,DSL,Electronic check,No,Yes,Yes,No
2675-OTVVJ,0.45684276333862267,MEDIUM,ENGAGE,31,89.45,2807.65,Month-to-month,Fiber optic,Electronic check,No,Yes,No,No
8261-GWDBQ,0.08313978536565458,LOW,MONITOR,60,116.05,6925.9,Two year,Fiber optic,Bank transfer (automatic),Yes,Yes,Yes,No
0564-JJHGS,0.7808628108772327,HIGH,URGENT,9,95.5,829.1,Month-to-month,Fiber optic,Electronic check,No,No,Yes,Yes
0432-CAJZV,0.6201980129321552,HIGH,URGENT,3,90.7,237.65,Month-to-month,Fiber optic,Mailed check,No,No,No,No
4950-BDEUX,0.2997364143729545,LOW,MONITOR,35,49.2,1701.65,Month-to-month,DSL,Electronic check,No,No,No,No
3850-OKINF,0.03277158316364288,LOW,MONITOR,71,66.2,4692.55,One year,DSL,Electronic check,No,Yes,Yes,No
7450-NWRTR,0.7757955236483486,HIGH,URGENT,12,99.45,1200.15,Month-to-month,Fiber optic,Electronic check,No,No,Yes,Yes
0774-IFUVM,0.30998214767969756,MEDIUM,ENGAGE,11,65.15,723.35,Month-to-month,DSL,Bank transfer (automatic),No,Yes,Yes,No
5906-DVAPM,0.03284629305635013,LOW,MONITOR,55,75.0,4213.9,One year,DSL,Credit card (automatic),Yes,Yes,Yes,No
4951-UKAAQ,0.7555454302725233,HIGH,URGENT,4,88.95,355.2,Month-to-month,Fiber optic,Electronic check,No,No,Yes,Yes
3402-XRIUO,0.18011011667079752,LOW,MONITOR,22,63.55,1381.8,Month-to-month,DSL,Mailed check,Yes,Yes,Yes,No
3523-QRQLL,0.15684607564464517,LOW,MONITOR,22,69.5,1498.2,One year,DSL,Bank transfer (automatic),No,No,Yes,Yes
3373-YZZYM,0.16127494170746118,LOW,MONITOR,1,19.2,19.2,Month-to-month,No,Mailed check,No internet service,No internet service,No,No
9715-WZCLW,0.07455334766393261,LOW,MONITOR,71,97.2,6910.3,Two year,Fiber optic,Electronic check,No,Yes,Yes,No
5701-ZIKJE,0.250402684982062,LOW,MONITOR,13,50.55,610.75,Month-to-month,DSL,Mailed check,Yes,No,Yes,No
8124-NZVGJ,0.36154712778469683,MEDIUM,ENGAGE,6,49.25,255.6,One year,DSL,Mailed check,Yes,No,Yes,No
3797-VTIDR,0.6415749610358826,HIGH,URGENT,1,23.45,23.45,Month-to-month,DSL,Electronic check,No,No,Yes,Yes
0742-LAFQK,0.0645378631660711,LOW,MONITOR,72,99.15,7422.1,Two year,Fiber optic,Electronic check,No,Yes,Yes,No
0872-NXJYS,0.7011862275480445,HIGH,URGENT,9,79.55,723.4,Month-to-month,Fiber optic,Electronic check,No,No,Yes,Yes
6907-CQGPN,0.19568208395359202,LOW,MONITOR,29,34.3,1004.75,Month-to-month,DSL,Electronic check,Yes,No,No,No
5804-HYIEZ,0.25218723745457455,LOW,MONITOR,70,106.05,7554.05,Month-to-month,Fiber optic,Electronic check,No,Yes,Yes,No
3301-VKTGC,0.053590975968965095,LOW,MONITOR,68,85.5,5696.6,One year,Fiber optic,Bank transfer (automatic),No,Yes,Yes,No
3043-TYBNO,0.32397323172731596,MEDIUM,ENGAGE,3,60.65,196.9,Month-to-month,DSL,Mailed check,Yes,No,No,No
0730-KOAVE,0.38512361924015737,MEDIUM,ENGAGE,30,94.3,2679.7,Month-to-month,Fiber optic,Credit card (automatic),No,Yes,Yes,No
3934-HXCFZ,0.48597819066650094,MEDIUM,ENGAGE,23,99.25,2186.4,Month-to-month,Fiber optic,Electronic check,No,Yes,Yes,Yes
9801-GDWGV,0.553224078644926,MEDIUM,ENGAGE,39,103.45,3994.45,Month-to-month,Fiber optic,Electronic check,No,No,Yes,Yes
3070-BDOQC,0.11503641380926678,LOW,MONITOR,60,99.65,5941.05,Two year,Fiber optic,Electronic check,No,No,Yes,No
7799-LGRDP,0.016255209836974763,LOW,MONITOR,43,25.7,1188.2,Two year,No,Credit card (automatic),No internet service,No internet service,Yes,No
8749-CLJXC,0.19393960246870004,LOW,MONITOR,1,20.05,20.05,Month-to-month,No,Mailed check,No internet service,No internet service,No,No
2896-TBNBE,0.15014556425809408,LOW,MONITOR,40,80.8,3132.75,One year,Fiber optic,Electronic check,No,No,No,No
2826-UWHIS,0.24834438041825446,LOW,MONITOR,45,81.4,3775.85,Month-to-month,Fiber optic,Bank transfer (automatic),No,No,No,No
7524-VRLPL,0.01138069883442625,LOW,MONITOR,69,74.1,5031.0,Two year,DSL,Credit card (automatic),Yes,Yes,No,No
8932-CZHRQ,0.023841766160125132,LOW,MONITOR,68,76.75,5233.25,One year,DSL,Credit card (automatic),No,Yes,No,No
5732-IKGQH,0.1366490234271196,LOW,MONITOR,52,104.45,5481.25,One year,Fiber optic,Bank transfer (automatic),Yes,Yes,Yes,No
2674-MIAHT,0.6287370385222467,HIGH,URGENT,4,80.3,324.2,Month-to-month,Fiber optic,Mailed check,No,No,Yes,No
9938-ZREHM,0.07561749061795431,LOW,MONITOR,37,72.1,2658.4,One year,DSL,Mailed check,Yes,No,No,No
2933-FILNV,0.497722964624682,MEDIUM,ENGAGE,2,24.4,36.55,Month-to-month,DSL,Mailed check,No,No,Yes,Yes
7235-NXZCP,0.7039839525291428,HIGH,URGENT,2,74.85,156.4,Month-to-month,Fiber optic,Mailed check,No,No,Yes,Yes
5996-EBTKM,0.016084193904906122,LOW,MONITOR,67,69.9,4615.9,Two year,DSL,Bank transfer (automatic),Yes,No,Yes,No
7219-TLZHO,0.14909688638168903,LOW,MONITOR,4,20.85,62.9,Month-to-month,No,Mailed check,No internet service,No internet service,No,No
5307-UVGNB,0.06933345978738083,LOW,MONITOR,53,48.7,2495.2,Month-to-month,DSL,Bank transfer (automatic),No,Yes,Yes,No
9554-DFKIC,0.14397290391593945,LOW,MONITOR,30,54.45,1588.7,Month-to-month,DSL,Bank transfer (automatic),No,Yes,Yes,No
5378-IKEEG,0.6973605532878808,HIGH,URGENT,1,35.75,35.75,Month-to-month,DSL,Electronic check,No,No,Yes,Yes
3753-TSEMP,0.6333969143320436,HIGH,URGENT,15,88.15,1390.6,Month-to-month,Fiber optic,Electronic check,No,No,No,Yes
2800-VEQXM,0.5844201162214128,MEDIUM,ENGAGE,3,74.75,238.1,Month-to-month,Fiber optic,Mailed check,No,No,Yes,No
2834-JKOOW,0.09394927862525285,LOW,MONITOR,15,45.9,693.45,One year,DSL,Mailed check,Yes,Yes,No,No
0347-UBKUZ,0.11234517109492667,LOW,MONITOR,15,19.9,320.45,Month-to-month,No,Mailed check,No internet service,No internet service,No,No
0487-VVUVK,0.07128575862851826,LOW,MONITOR,25,19.15,477.6,Month-to-month,No,Mailed check,No internet service,No internet service,Yes,No
1574-DYCWE,0.004361245546491591,LOW,MONITOR,51,19.95,1028.75,Two year,No,Mailed check,No internet service,No internet service,No,No
9481-WHGWY,0.008780967776387892,LOW,MONITOR,70,75.35,5437.75,Two year,DSL,Credit card (automatic),Yes,Yes,No,No
2519-LBNQL,0.2854346259347653,LOW,MONITOR,60,104.35,6339.45,One year,Fiber optic,Electronic check,No,No,Yes,No
6988-CJEYV,0.42338400139803894,MEDIUM,ENGAGE,49,98.7,4920.55,Month-to-month,Fiber optic,Electronic check,No,No,No,No
8849-AYPTR,0.4859817279020188,MEDIUM,ENGAGE,33,91.25,2964.05,Month-to-month,Fiber optic,Electronic check,No,No,No,No
7459-RRWQZ,0.3445789066732359,MEDIUM,ENGAGE,15,64.65,994.55,Month-to-month,DSL,Bank transfer (automatic),No,Yes,Yes,Yes
5222-JCXZT,0.17064313694635921,LOW,MONITOR,4,19.0,78.9,Month-to-month,No,Mailed check,No internet service,No internet service,No,No
2122-YWVYA,0.4837171558584307,MEDIUM,ENGAGE,18,75.4,1380.4,Month-to-month,Fiber optic,Electronic check,No,Yes,Yes,No
8083-YTZES,0.7360775059580673,HIGH,URGENT,4,74.35,265.35,Month-to-month,Fiber optic,Electronic check,No,No,Yes,Yes
3863-QSTYI,0.08657234027840824,LOW,MONITOR,59,64.65,3735.45,Month-to-month,DSL,Electronic check,Yes,No,Yes,No
1334-PDUKM,0.07019399180051367,LOW,MONITOR,68,86.45,5762.95,One year,Fiber optic,Credit card (automatic),No,No,No,No
4003-OCTMP,0.09868435722814882,LOW,MONITOR,31,64.0,1910.75,One year,DSL,Electronic check,Yes,Yes,Yes,No
6728-VOIFY,0.1979037497607172,LOW,MONITOR,63,96.0,6109.75,One year,Fiber optic,Electronic check,No,No,Yes,No
9924-JPRMC,0.07915188820625012,LOW,MONITOR,72,118.2,8547.15,Two year,Fiber optic,Electronic check,Yes,Yes,Yes,No
3108-PCCGG,0.015703758001210533,LOW,MONITOR,72,84.45,5899.85,Two year,DSL,Credit card (automatic),No,Yes,No,No
5502-RLUYV,0.3239174407303111,MEDIUM,ENGAGE,69,103.95,7446.9,Month-to-month,Fiber optic,Electronic check,No,No,Yes,Yes
2660-EMUBI,0.8005465436086363,HIGH,URGENT,10,95.35,898.35,Month-to-month,Fiber optic,Electronic check,No,No,Yes,Yes
2302-ANTDP,0.32927709587694526,MEDIUM,ENGAGE,48,117.45,5438.9,Month-to-month,Fiber optic,Electronic check,Yes,Yes,No,Yes
4957-TREIR,0.30234760958603885,MEDIUM,ENGAGE,3,64.4,195.65,Month-to-month,DSL,Credit card (automatic),Yes,Yes,Yes,No
8896-BQTTI,0.29541231510122745,LOW,MONITOR,1,25.0,25.0,Month-to-month,No,Mailed check,No internet service,No internet service,Yes,No
0030-FNXPP,0.1859960523265237,LOW,MONITOR,3,19.85,57.2,Month-to-month,No,Mailed check,No internet service,No internet service,No,No
6507-DTJZV,0.3122013717476707,MEDIUM,ENGAGE,13,66.4,831.75,Month-to-month,DSL,Credit card (automatic),No,No,No,No
8467-WYNSR,0.10836758465448648,LOW,MONITOR,22,55.1,1253.15,Month-to-month,DSL,Mailed check,Yes,Yes,No,No
9927-DSWDF,0.43827161574103146,MEDIUM,ENGAGE,22,104.6,2180.55,Month-to-month,Fiber optic,Electronic check,Yes,Yes,Yes,No
4800-CZMPC,0.1774085498211299,LOW,MONITOR,48,103.25,5037.55,One year,Fiber optic,Credit card (automatic),No,Yes,Yes,Yes
2172-EJXVF,0.24488827342573652,LOW,MONITOR,71,105.9,7521.95,One year,Fiber optic,Electronic check,No,No,Yes,No
1928-BXYIV,0.3849978397698658,MEDIUM,ENGAGE,1,61.15,61.15,Month-to-month,DSL,Electronic check,No,Yes,No,No
6876-ADESB,0.3787263220754926,MEDIUM,ENGAGE,1,48.95,48.95,Month-to-month,DSL,Electronic check,No,No,No,Yes
8245-UMPYT,0.7854343680880929,HIGH,URGENT,16,96.4,1581.2,Month-to-month,Fiber optic,Electronic check,No,No,Yes,Yes
2037-SGXHH,0.4275331825528405,MEDIUM,ENGAGE,38,94.65,3624.3,Month-to-month,Fiber optic,Electronic check,No,No,Yes,Yes
9705-ZJBCG,0.07132778299616863,LOW,MONITOR,13,54.15,701.05,One year,DSL,Bank transfer (automatic),Yes,Yes,No,No
1448-PWKYE,0.6398708371741182,HIGH,URGENT,1,80.0,80.0,Month-to-month,Fiber optic,Electronic check,No,No,No,Yes
7621-VPNET,0.30036806277500677,MEDIUM,ENGAGE,42,85.9,3729.75,Month-to-month,Fiber optic,Credit card (automatic),Yes,No,Yes,No
1661-CZBAU,0.058437392218136916,LOW,MONITOR,48,70.95,3629.2,One year,DSL,Bank transfer (automatic),Yes,Yes,Yes,No
6261-LHRTG,0.18512370684523824,LOW,MONITOR,26,54.75,1406.9,Month-to-month,DSL,Credit card (automatic),No,No,Yes,No
9972-EWRJS,0.0027638195560573658,LOW,MONITOR,67,19.25,1372.9,Two year,No,Bank transfer (automatic),No internet service,No internet service,Yes,No
8390-FESFV,0.02275243424732143,LOW,MONITOR,62,84.5,5193.2,Two year,DSL,Bank transfer (automatic),Yes,No,No,No
9361-YNQWJ,0.010899551717946569,LOW,MONITOR,64,24.4,1601.2,One year,No,Bank transfer (automatic),No internet service,No internet service,Yes,No
6857-VWJDT,0.7077620988816742,HIGH,URGENT,1,95.65,95.65,Month-to-month,Fiber optic,Mailed check,No,No,No,Yes
5756-OZRIO,0.04464670108565131,LOW,MONITOR,61,64.05,3902.6,One year,DSL,Bank transfer (automatic),No,No,No,No
6725-TPKJO,0.0072123903555961245,LOW,MONITOR,44,20.05,845.25,Two year,No,Mailed check,No internet service,No internet service,No,No
0233-FTHAV,0.12347181612342183,LOW,MONITOR,60,79.2,4765.0,One year,Fiber optic,Bank transfer (automatic),No,No,Yes,No
1042-HFUCW,0.07412417741798064,LOW,MONITOR,25,54.75,1266.35,One year,DSL,Credit card (automatic),Yes,No,Yes,No
3207-OYBWH,0.30814765932758287,MEDIUM,ENGAGE,57,95.25,5427.05,Month-to-month,Fiber optic,Bank transfer (automatic),No,No,Yes,Yes
0684-AOSIH,0.6935899990339444,HIGH,URGENT,1,95.0,95.0,Month-to-month,Fiber optic,Electronic check,No,Yes,Yes,Yes
1839-UMACK,0.03072917184292104,LOW,MONITOR,42,25.05,949.85,One year,No,Electronic check,No internet service,No internet service,No,No
6481-ESCNL,0.5058671606605188,MEDIUM,ENGAGE,29,100.55,2878.75,Month-to-month,Fiber optic,Bank transfer (automatic),No,No,No,No
0877-SDMBN,0.19210957747930102,LOW,MONITOR,54,103.95,5639.05,One year,Fiber optic,Bank transfer (automatic),No,Yes,Yes,Yes
6204-IEUXJ,0.45814491045233874,MEDIUM,ENGAGE,3,80.1,217.55,Month-to-month,Fiber optic,Credit card (automatic),Yes,No,No,Yes
6732-FZUGP,0.1432599235790017,LOW,MONITOR,47,94.9,4615.25,One year,Fiber optic,Credit card (automatic),No,Yes,No,No
8128-YVJRG,0.5501468711457027,MEDIUM,ENGAGE,7,79.65,604.7,Month-to-month,Fiber optic,Mailed check,No,Yes,Yes,Yes
3217-FZDMN,0.6866193093560373,HIGH,URGENT,8,94.45,742.95,Month-to-month,Fiber optic,Credit card (automatic),No,No,Yes,Yes
1767-TGTKO,0.4127947802859696,MEDIUM,ENGAGE,8,45.45,411.75,Month-to-month,DSL,Electronic check,No,No,Yes,No
9928-BZVLZ,0.08043925415161625,LOW,MONITOR,12,49.85,552.1,Two year,DSL,Mailed check,Yes,Yes,No,No
4654-ULTTN,0.012913120379525718,LOW,MONITOR,70,74.8,5315.8,Two year,DSL,Credit card (automatic),Yes,Yes,Yes,No
1053-MXTTK,0.02964380695603268,LOW,MONITOR,72,108.65,7726.35,Two year,Fiber optic,Bank transfer (automatic),Yes,Yes,Yes,No
0420-BWTPW,0.35565584405653733,MEDIUM,ENGAGE,8,25.5,215.2,Month-to-month,DSL,Mailed check,No,No,No,Yes
3090-LETTY,0.25986797660911154,LOW,MONITOR,2,60.95,134.6,Month-to-month,DSL,Bank transfer (automatic),No,Yes,No,No
9907-SWKKF,0.5349239878923077,MEDIUM,ENGAGE,1,25.05,25.05,Month-to-month,DSL,Mailed check,No,No,No,Yes
2250-IVBWA,0.08970443634886553,LOW,MONITOR,64,81.05,5135.35,Month-to-month,Fiber optic,Electronic check,No,Yes,No,No
1432-FPAXX,0.3053145176191615,MEDIUM,ENGAGE,29,30.6,856.35,Month-to-month,DSL,Electronic check,No,No,Yes,Yes
8868-GAGIO,0.22245670224942257,LOW,MONITOR,45,84.55,3713.95,Month-to-month,Fiber optic,Mailed check,No,Yes,Yes,No
3488-PGMQJ,0.6482566381822412,HIGH,URGENT,8,74.5,606.55,Month-to-month,Fiber optic,Electronic check,No,No,Yes,Yes
2000-MPKCA,0.21344961051766792,LOW,MONITOR,58,107.75,6332.75,One year,Fiber optic,Electronic check,No,Yes,Yes,No
9609-BENEA,0.1325417526618803,LOW,MONITOR,35,69.0,2441.7,One year,DSL,Electronic check,Yes,No,Yes,No
6664-FPDAC,0.29392935983060503,LOW,MONITOR,56,111.95,6418.9,One year,Fiber optic,Electronic check,Yes,No,Yes,Yes
1353-LJWEM,0.3003326509930502,MEDIUM,ENGAGE,11,60.9,688.5,Month-to-month,DSL,Electronic check,Yes,No,Yes,No
2845-AFFTX,0.6074729990837612,HIGH,URGENT,41,99.8,4259.3,Month-to-month,Fiber optic,Electronic check,No,No,Yes,Yes
1088-AUUZZ,0.0164322213268414,LOW,MONITOR,56,75.85,4261.2,Two year,DSL,Credit card (automatic),Yes,Yes,Yes,No
3259-QMXUN,0.040495407632027226,LOW,MONITOR,58,86.1,4890.5,Two year,DSL,Electronic check,No,Yes,Yes,No
2322-VCZHZ,0.4857937986520549,MEDIUM,ENGAGE,23,90.0,2024.1,Month-to-month,Fiber optic,Electronic check,No,Yes,Yes,No
1915-OAKWD,0.06526400076398389,LOW,MONITOR,16,19.3,360.35,One year,No,Bank transfer (automatic),No internet service,No internet service,Yes,No
2990-OGYTD,0.02055164313746879,LOW,MONITOR,67,86.15,5883.85,Two year,DSL,Bank transfer (automatic),Yes,No,No,No
2972-YDYUW,0.15623638155349018,LOW,MONITOR,57,94.7,5468.95,One year,Fiber optic,Electronic check,Yes,No,No,No
5197-LQXXH,0.02176441761447964,LOW,MONITOR,71,83.3,5894.5,Two year,DSL,Credit card (automatic),Yes,No,Yes,No
9507-HSMMZ,0.004518703795465428,LOW,MONITOR,54,20.0,1149.65,Two year,No,Mailed check,No internet service,No internet service,No,No
4359-INNWN,0.05773062123304117,LOW,MONITOR,17,20.05,337.9,One year,No,Credit card (automatic),No internet service,No internet service,No,No
4712-AUQZO,0.19996530618861202,LOW,MONITOR,18,33.6,550.35,Month-to-month,DSL,Mailed check,No,Yes,No,No
6586-MYGKD,0.016495453506398413,LOW,MONITOR,70,76.95,5289.8,Two year,DSL,Credit card (automatic),Yes,Yes,Yes,No
6813-GZQCG,0.011625361996085975,LOW,MONITOR,45,24.65,1171.3,Two year,No,Credit card (automatic),No internet service,No internet service,Yes,No
1580-BMCMR,0.5668088704398663,MEDIUM,ENGAGE,19,87.3,1637.3,Month-to-month,Fiber optic,Electronic check,No,Yes,Yes,No
7024-OHCCK,0.8425258584957128,HIGH,URGENT,2,93.85,170.85,Month-to-month,Fiber optic,Electronic check,No,No,Yes,Yes
4194-FJARJ,0.01070722447826936,LOW,MONITOR,54,60.0,3273.95,Two year,DSL,Bank transfer (automatic),Yes,Yes,No,No
6007-TCTST,0.0473009763493294,LOW,MONITOR,72,115.8,8476.5,Two year,Fiber optic,Bank transfer (automatic),Yes,Yes,Yes,No
7549-MYGPK,0.20998182659457848,LOW,MONITOR,63,100.55,6215.35,Month-to-month,Fiber optic,Electronic check,No,Yes,Yes,Yes
2277-BKJKN,0.10183312987461673,LOW,MONITOR,71,99.2,7213.75,Two year,Fiber optic,Electronic check,No,No,Yes,No
2450-ZKEED,0.12291948848616152,LOW,MONITOR,11,53.8,651.55,One year,DSL,Bank transfer (automatic),Yes,No,No,No
0311-QYWSS,0.38767941855080945,MEDIUM,ENGAGE,6,49.45,314.6,Month-to-month,DSL,Electronic check,No,Yes,Yes,No
0410-IPFTY,0.4051745123710421,MEDIUM,ENGAGE,31,83.85,2674.15,Month-to-month,Fiber optic,Bank transfer (automatic),No,No,Yes,No
2186-QZEYA,0.19092708614493906,LOW,MONITOR,29,58.55,1718.95,Month-to-month,DSL,Bank transfer (automatic),No,Yes,Yes,No
9793-WECQC,0.4343329957704301,MEDIUM,ENGAGE,23,95.3,2192.9,Month-to-month,Fiber optic,Mailed check,No,No,No,No
7018-WBJNK,0.5219075642898559,MEDIUM,ENGAGE,13,78.3,1033.95,Month-to-month,Fiber optic,Credit card (automatic),No,No,Yes,No
9317-WZPGV,0.7110604597856088,HIGH,URGENT,2,79.75,159.4,Month-to-month,Fiber optic,Bank transfer (automatic),No,No,Yes,Yes
5606-AMZBO,0.5281594610349261,MEDIUM,ENGAGE,10,78.15,765.15,Month-to-month,Fiber optic,Credit card (automatic),No,Yes,Yes,No
1552-CZCLL,0.014519090767615442,LOW,MONITOR,55,20.0,1087.25,Month-to-month,No,Credit card (automatic),No internet service,No internet service,No,No
1518-VOWAV,0.4195075010967954,MEDIUM,ENGAGE,9,74.65,703.55,Month-to-month,DSL,Electronic check,No,Yes,Yes,Yes
1325-USMEC,0.04464587197414001,LOW,MONITOR,70,99.35,6944.5,Two year,Fiber optic,Credit card (automatic),No,Yes,Yes,No
4654-GGUII,0.11543942983787253,LOW,MONITOR,18,40.2,711.95,One year,DSL,Mailed check,Yes,Yes,Yes,No
2074-GKOWZ,0.6553166710200242,HIGH,URGENT,2,89.55,185.55,Month-to-month,Fiber optic,Bank transfer (automatic),No,No,Yes,Yes
5716-EZXZN,0.03721392374019363,LOW,MONITOR,65,99.05,6416.7,Two year,Fiber optic,Credit card (automatic),Yes,Yes,Yes,No
3744-ZRRDZ,0.5892084789790052,MEDIUM,ENGAGE,21,82.35,1852.85,Month-to-month,Fiber optic,Electronic check,No,No,Yes,Yes
4872-JCVCA,0.0068578960645810936,LOW,MONITOR,71,47.6,3377.8,Two year,DSL,Bank transfer (automatic),Yes,Yes,Yes,No
1766-GKNMI,0.6112062758856285,HIGH,URGENT,29,84.9,2516.2,Month-to-month,Fiber optic,Electronic check,No,No,Yes,No
3606-TWKGI,0.7456645524089263,HIGH,URGENT,13,106.9,1364.3,Month-to-month,Fiber optic,Electronic check,No,No,Yes,Yes
2359-KLTEK,0.3561219584445758,MEDIUM,ENGAGE,41,94.9,3848.0,Month-to-month,Fiber optic,Bank transfer (automatic),No,No,Yes,No
0354-WYROK,0.4788980967696443,MEDIUM,ENGAGE,31,98.9,2911.3,Month-to-month,Fiber optic,Electronic check,Yes,No,Yes,Yes
5186-SAMNZ,0.6633852522077199,HIGH,URGENT,1,69.5,69.5,Month-to-month,Fiber optic,Bank transfer (automatic),No,No,Yes,Yes
8314-DPQHL,0.15767626657618608,LOW,MONITOR,9,50.8,463.6,One year,DSL,Mailed check,Yes,Yes,No,No
9788-YTFGE,0.19160338288268255,LOW,MONITOR,7,19.95,147.5,Month-to-month,No,Mailed check,No internet service,No internet service,Yes,No
3519-ZKXGG,0.7530990274791606,HIGH,URGENT,3,75.85,256.6,Month-to-month,Fiber optic,Electronic check,No,No,Yes,Yes
1183-CANVH,0.10134552137417588,LOW,MONITOR,23,60.0,1347.15,One year,DSL,Bank transfer (automatic),Yes,No,No,No
1248-DYXUB,0.005425015718907595,LOW,MONITOR,52,24.8,1229.1,Two year,No,Mailed check,No internet service,No internet service,No,No
8058-JMEQO,0.7843923471619063,HIGH,URGENT,9,84.45,762.5,Month-to-month,Fiber optic,Electronic check,No,No,Yes,Yes
8380-MQINP,0.003556765817312405,LOW,MONITOR,55,20.3,1079.05,Two year,No,Mailed check,No internet service,No internet service,No,No
7354-OIJLX,0.707270513094795,HIGH,URGENT,9,75.85,724.65,Month-to-month,Fiber optic,Electronic check,No,No,Yes,No
7064-FRRSW,0.36643522224252195,MEDIUM,ENGAGE,48,99.0,4744.35,One year,Fiber optic,Electronic check,No,No,Yes,No
8739-WWKDU,0.6297349095720103,HIGH,URGENT,25,89.5,2196.15,Month-to-month,Fiber optic,Electronic check,No,No,Yes,Yes
4803-LBYPN,0.03583340000418536,LOW,MONITOR,34,20.8,635.9,Month-to-month,No,Mailed check,No internet service,No internet service,No,No
6284-AHOOQ,0.5401712453894011,MEDIUM,ENGAGE,22,90.5,1910.6,Month-to-month,Fiber optic,Bank transfer (automatic),Yes,No,Yes,Yes
5505-OVWQW,0.05444873856428122,LOW,MONITOR,17,20.15,353.65,One year,No,Mailed check,No internet service,No internet service,No,No
5012-YSPJJ,0.08064502294501008,LOW,MONITOR,31,54.35,1647.0,Month-to-month,DSL,Mailed check,Yes,No,No,No
1216-JWVUX,0.4135302853319364,MEDIUM,ENGAGE,25,75.5,1901.05,Month-to-month,Fiber optic,Electronic check,No,No,Yes,No
5696-CEIQJ,0.03329092889060212,LOW,MONITOR,67,103.15,6895.5,Two year,Fiber optic,Bank transfer (automatic),Yes,No,No,No
7402-PWYJJ,0.23353414513112924,LOW,MONITOR,53,91.15,4862.5,One year,Fiber optic,Electronic check,Yes,No,Yes,No
0336-KXKFK,0.014040141429892645,LOW,MONITOR,72,61.2,4390.25,Two year,DSL,Credit card (automatic),Yes,Yes,Yes,No
4676-WLUHT,0.01790744965034011,LOW,MONITOR,54,46.2,2431.95,Two year,DSL,Bank transfer (automatic),No,Yes,No,No
5287-QWLKY,0.20968957966844698,LOW,MONITOR,71,105.1,7548.1,Month-to-month,Fiber optic,Credit card (automatic),No,Yes,Yes,Yes
7009-LGECI,0.3303229515528807,MEDIUM,ENGAGE,4,50.55,235.65,Month-to-month,DSL,Bank transfer (automatic),No,Yes,Yes,No
2458-EOMRE,0.23815676086747023,LOW,MONITOR,11,64.05,733.95,Month-to-month,DSL,Bank transfer (automatic),No,Yes,No,No
3841-CONLJ,0.6375515362386345,HIGH,URGENT,1,35.0,35.0,Month-to-month,DSL,Electronic check,No,No,No,No
6143-JQKEA,0.3500039048864004,MEDIUM,ENGAGE,10,45.8,436.2,Month-to-month,DSL,Credit card (automatic),No,No,Yes,No
8384-FZBJK,0.39185164990269594,MEDIUM,ENGAGE,57,100.6,5611.7,Month-to-month,Fiber optic,Electronic check,No,No,Yes,No
6778-EICRF,0.11410408994558043,LOW,MONITOR,24,74.8,1821.2,One year,DSL,Mailed check,No,Yes,No,No
6532-YLWSI,0.009714020724081276,LOW,MONITOR,53,20.8,1021.8,One year,No,Bank transfer (automatic),No internet service,No internet service,No,Yes
9560-ARGQJ,0.5981086829061224,MEDIUM,ENGAGE,16,81.0,1312.15,Month-to-month,Fiber optic,Electronic check,No,No,Yes,Yes
5842-POCOP,0.5151259689764268,MEDIUM,ENGAGE,5,88.9,454.15,Month-to-month,Fiber optic,Mailed check,No,Yes,Yes,Yes
7537-RBWEA,0.5661685435353202,MEDIUM,ENGAGE,1,25.15,25.15,Month-to-month,DSL,Mailed check,No,No,Yes,No
6946-LMSQS,0.40664051643557564,MEDIUM,ENGAGE,25,89.05,2177.45,One year,Fiber optic,Electronic check,No,Yes,Yes,Yes
1846-XWOQN,0.746266712949149,HIGH,URGENT,1,70.15,70.15,Month-to-month,Fiber optic,Electronic check,No,No,Yes,Yes
2332-TODQS,0.017870629670549747,LOW,MONITOR,48,25.05,1171.5,One year,No,Credit card (automatic),No internet service,No internet service,No,No
5394-MEITZ,0.019522385024302286,LOW,MONITOR,60,80.6,4946.7,Two year,DSL,Bank transfer (automatic),Yes,No,Yes,No
0859-YGKFW,0.04203819977818123,LOW,MONITOR,18,20.05,345.9,One year,No,Bank transfer (automatic),No internet service,No internet service,No,No
2580-ATZSQ,0.010296001862598976,LOW,MONITOR,65,61.35,3874.1,One year,DSL,Bank transfer (automatic),No,Yes,No,No
4010-YLMVT,0.30598813382304774,MEDIUM,ENGAGE,56,106.6,5893.95,Month-to-month,Fiber optic,Credit card (automatic),No,Yes,Yes,No
0354-VXMJC,0.017402412442804823,LOW,MONITOR,23,19.6,426.65,Two year,No,Credit card (automatic),No internet service,No internet service,No,No
2321-OMBXY,0.042943454151600335,LOW,MONITOR,38,80.3,3058.65,One year,DSL,Credit card (automatic),Yes,Yes,No,Yes
3961-SXAXY,0.43750834129652294,MEDIUM,ENGAGE,1,44.05,44.05,Month-to-month,DSL,Bank transfer (automatic),No,No,Yes,No
9637-CDTKZ,0.04927548803793227,LOW,MONITOR,72,114.1,8086.4,Two year,Fiber optic,Credit card (automatic),Yes,Yes,Yes,No
2351-RRBUE,0.07062471589515842,LOW,MONITOR,7,20.65,134.05,One year,No,Mailed check,No internet service,No internet service,No,No
3026-ATZYV,0.05321078404481663,LOW,MONITOR,37,75.1,2658.8,One year,DSL,Bank transfer (automatic),No,Yes,No,No
2135-DQWAQ,0.5954555782410541,MEDIUM,ENGAGE,5,85.3,420.45,Month-to-month,Fiber optic,Mailed check,No,No,Yes,No
8676-TRMJS,0.5956298045579411,MEDIUM,ENGAGE,3,75.0,209.1,Month-to-month,Fiber optic,Mailed check,No,No,No,Yes
7576-JMYWV,0.36804790684393357,MEDIUM,ENGAGE,46,110.2,4972.1,Month-to-month,Fiber optic,Electronic check,Yes,Yes,Yes,No
0196-VULGZ,0.7952042794852113,HIGH,URGENT,6,84.35,474.9,Month-to-month,Fiber optic,Electronic check,No,No,Yes,Yes
5186-EJEGL,0.2272704946845036,LOW,MONITOR,9,69.5,653.25,Month-to-month,DSL,Mailed check,Yes,Yes,Yes,No
6670-MFRPK,0.03915803935303837,LOW,MONITOR,69,79.2,5420.65,Two year,Fiber optic,Credit card (automatic),No,No,Yes,No
2265-CYWIV,0.767635163664909,HIGH,URGENT,4,99.6,347.65,Month-to-month,Fiber optic,Electronic check,No,Yes,Yes,Yes
5331-RGMTT,0.41524826610344295,MEDIUM,ENGAGE,54,99.05,5295.7,Month-to-month,Fiber optic,Credit card (automatic),No,No,Yes,No
6142-VSJQO,0.39707546151417267,MEDIUM,ENGAGE,1,44.35,44.35,Month-to-month,DSL,Bank transfer (automatic),No,No,Yes,Yes
1122-JWTJW,0.5638226212477941,MEDIUM,ENGAGE,1,70.65,70.65,Month-to-month,Fiber optic,Mailed check,No,No,Yes,Yes
4077-CROMM,0.5302824342868191,MEDIUM,ENGAGE,31,104.2,3243.45,Month-to-month,Fiber optic,Electronic check,Yes,No,Yes,Yes
1371-WEPDS,0.11090293863841366,LOW,MONITOR,40,55.8,2283.3,One year,DSL,Electronic check,No,No,No,No
3378-AJRAO,0.022659392650103655,LOW,MONITOR,44,24.85,1013.6,One year,No,Electronic check,No internet service,No internet service,No,No
5686-CMAWK,0.3223156178631929,MEDIUM,ENGAGE,17,86.75,1410.25,One year,Fiber optic,Electronic check,Yes,No,No,No
4013-GUXND,0.19473566717011762,LOW,MONITOR,1,20.8,20.8,Month-to-month,No,Mailed check,No internet service,No internet service,No,No
1298-PHBTI,0.04204929674979584,LOW,MONITOR,71,84.8,6152.4,Two year,Fiber optic,Electronic check,Yes,No,Yes,No
9256-JTBNZ,0.14072397657349006,LOW,MONITOR,11,20.3,246.3,Month-to-month,No,Bank transfer (automatic),No internet service,No internet service,No,No
9451-LPGOO,0.7635943126121573,HIGH,URGENT,7,86.8,620.35,Month-to-month,Fiber optic,Electronic check,No,No,Yes,Yes
8276-MQBYC,0.5174184968151206,MEDIUM,ENGAGE,51,97.8,4913.3,Month-to-month,Fiber optic,Electronic check,No,No,Yes,Yes
6483-OATDN,0.24390239489120033,LOW,MONITOR,8,51.3,411.6,Month-to-month,DSL,Credit card (automatic),No,Yes,Yes,No
2424-WVHPL,0.6117519239925532,HIGH,URGENT,1,74.7,74.7,Month-to-month,Fiber optic,Electronic check,Yes,No,No,No
2712-SYWAY,0.39793993664838584,MEDIUM,ENGAGE,1,25.7,25.7,Month-to-month,No,Electronic check,No internet service,No internet service,Yes,No
9129-UXERG,0.6070945923178934,HIGH,URGENT,18,103.6,1806.35,Month-to-month,Fiber optic,Credit card (automatic),Yes,No,Yes,No
6519-CFDBX,0.5270263648357384,MEDIUM,ENGAGE,2,45.4,80.95,Month-to-month,DSL,Electronic check,No,No,Yes,No
5529-GIBVH,0.006787176209290075,LOW,MONITOR,47,20.15,1046.2,Two year,No,Mailed check,No internet service,No internet service,No,No
8286-AFUYI,0.3555830001555641,MEDIUM,ENGAGE,1,47.95,47.95,Month-to-month,DSL,Electronic check,No,Yes,No,No
9435-JMLSX,0.011181047513610137,LOW,MONITOR,71,86.1,6045.9,Two year,DSL,Bank transfer (automatic),Yes,Yes,Yes,No
0831-JNISG,0.0015227833811596995,LOW,MONITOR,71,19.8,1396.25,Two year,No,Mailed check,No internet service,No internet service,No,No
6618-RYATB,0.6636801103794304,HIGH,URGENT,1,79.55,79.55,Month-to-month,Fiber optic,Mailed check,No,No,Yes,Yes
8229-BUJHX,0.0017457252566435153,LOW,MONITOR,71,20.5,1500.95,Two year,No,Bank transfer (automatic),No internet service,No internet service,No,No
2314-TNDJQ,0.0056339747335083365,LOW,MONITOR,72,55.65,3880.05,Two year,DSL,Credit card (automatic),Yes,Yes,No,No
0734-OXWBT,0.31828297344874484,MEDIUM,ENGAGE,3,70.7,225.65,Month-to-month,DSL,Mailed check,Yes,No,No,No
4672-FOTSD,0.29526686106637945,LOW,MONITOR,12,67.25,832.3,Month-to-month,DSL,Electronic check,Yes,Yes,Yes,No
4626-GYCZP,0.788959892364472,HIGH,URGENT,7,93.85,635.6,Month-to-month,Fiber optic,Electronic check,No,No,Yes,Yes
3453-RTHJQ,0.6652790890555011,HIGH,URGENT,6,69.1,435.0,Month-to-month,Fiber optic,Electronic check,No,No,Yes,No
5027-XWQHA,0.40176233560050684,MEDIUM,ENGAGE,6,44.75,270.95,Month-to-month,DSL,Electronic check,No,No,No,Yes
2480-EJWYP,0.2252660042233761,LOW,MONITOR,58,97.8,5458.8,One year,Fiber optic,Bank transfer (automatic),No,No,Yes,No
6479-OAUSD,0.03775274737730578,LOW,MONITOR,25,19.9,510.8,One year,No,Credit card (automatic),No internet service,No internet service,No,No
3590-TCXTB,0.1942577314334352,LOW,MONITOR,1,20.35,20.35,Month-to-month,No,Mailed check,No internet service,No internet service,No,No
1371-OJCEK,0.017402901977100715,LOW,MONITOR,48,24.35,1133.7,One year,No,Bank transfer (automatic),No internet service,No internet service,No,No
9894-QMIMJ,0.09002137700891304,LOW,MONITOR,23,55.8,1327.85,One year,DSL,Bank transfer (automatic),No,No,No,No
6765-MBQNU,0.0470737624626153,LOW,MONITOR,26,26.0,684.05,One year,No,Mailed check,No internet service,No internet service,No,No
5448-VWNAM,0.18176784602939391,LOW,MONITOR,19,75.9,1375.6,Month-to-month,DSL,Mailed check,Yes,Yes,Yes,No
2969-WGHQO,0.14443349180212678,LOW,MONITOR,7,69.45,477.05,One year,DSL,Electronic check,No,Yes,No,No
1027-LKKQQ,0.010362732114155403,LOW,MONITOR,72,80.45,5886.85,Two year,DSL,Bank transfer (automatic),Yes,Yes,Yes,No
0343-QLUZP,0.009361487042481945,LOW,MONITOR,60,39.6,2424.5,Two year,DSL,Bank transfer (automatic),No,Yes,No,No
9867-NNXLC,0.10625740159064585,LOW,MONITOR,22,20.05,470.2,Month-to-month,No,Mailed check,No internet service,No internet service,Yes,No
2790-XUYMV,0.05150875143332743,LOW,MONITOR,71,85.45,6028.95,One year,Fiber optic,Credit card (automatic),No,Yes,Yes,No
0027-KWYKW,0.5961492918740245,MEDIUM,ENGAGE,23,83.75,1849.95,Month-to-month,Fiber optic,Electronic check,No,No,Yes,No
2968-SSGAA,0.7711994999255926,HIGH,URGENT,10,100.6,1060.2,Month-to-month,Fiber optic,Electronic check,No,No,Yes,Yes
9661-ACXBS,0.4843212086292783,MEDIUM,ENGAGE,42,105.2,4400.75,Month-to-month,Fiber optic,Electronic check,No,Yes,Yes,Yes
7379-POKDZ,0.6850030906491867,HIGH,URGENT,3,70.3,208.85,Month-to-month,Fiber optic,Electronic check,No,No,Yes,Yes
1980-KXVPM,0.7223078262948015,HIGH,URGENT,3,75.05,256.25,Month-to-month,Fiber optic,Credit card (automatic),No,No,Yes,Yes
9350-VLHMB,0.20553111123440532,LOW,MONITOR,67,89.55,6373.1,Month-to-month,Fiber optic,Bank transfer (automatic),No,No,Yes,No
7517-LDMPS,0.6447302773319766,HIGH,URGENT,12,84.6,1017.35,Month-to-month,Fiber optic,Electronic check,No,No,Yes,No
2877-VDUER,0.07189492198545397,LOW,MONITOR,35,40.9,1383.6,One year,DSL,Mailed check,Yes,No,No,No
3884-UEBXB,0.006117544928282678,LOW,MONITOR,67,36.15,2434.45,Two year,DSL,Bank transfer (automatic),No,Yes,No,No
6469-QJKZW,0.24180538372944352,LOW,MONITOR,4,20.15,91.4,Month-to-month,No,Electronic check,No internet service,No internet service,No,No
4726-DLWQN,0.11751610223978153,LOW,MONITOR,50,70.35,3454.6,Month-to-month,DSL,Bank transfer (automatic),No,Yes,Yes,No
9974-JFBHQ,0.1667813832499187,LOW,MONITOR,64,99.15,6171.2,Month-to-month,Fiber optic,Credit card (automatic),Yes,No,Yes,No
4628-WQCQQ,0.2596178705573514,LOW,MONITOR,35,85.15,3030.6,One year,Fiber optic,Electronic check,No,No,Yes,Yes
2207-OBZNX,0.2804924802270829,LOW,MONITOR,7,51.0,354.05,Month-to-month,DSL,Mailed check,No,Yes,Yes,Yes
7242-QZLXF,0.6040384076704279,HIGH,URGENT,1,25.3,25.3,Month-to-month,DSL,Electronic check,No,No,Yes,Yes
8816-VXNZD,0.767672393687849,HIGH,URGENT,1,75.1,75.1,Month-to-month,Fiber optic,Electronic check,No,No,Yes,Yes
0939-YAPAF,0.6205427320870508,HIGH,URGENT,35,100.25,3527.6,Month-to-month,Fiber optic,Electronic check,No,No,Yes,Yes
2974-GGUXS,0.4820856197574912,MEDIUM,ENGAGE,36,91.95,3301.05,Month-to-month,Fiber optic,Credit card (automatic),No,No,Yes,No
1866-ZSLJM,0.08667919106029501,LOW,MONITOR,21,20.5,402.85,Month-to-month,No,Credit card (automatic),No internet service,No internet service,No,No
0325-XBFAC,0.713462068487728,HIGH,URGENT,8,94.7,740.3,Month-to-month,Fiber optic,Electronic check,No,No,Yes,Yes
5149-QYTTU,0.043377703381394385,LOW,MONITOR,71,95.15,6770.85,One year,Fiber optic,Credit card (automatic),Yes,Yes,Yes,No
7622-NXQZR,0.21655441789825433,LOW,MONITOR,28,30.1,810.85,Month-to-month,DSL,Credit card (automatic),Yes,No,Yes,No
7750-EYXWZ,0.28392921358846185,LOW,MONITOR,12,60.65,743.3,One year,DSL,Electronic check,Yes,No,No,No
6317-YPKDH,0.46708234901251333,MEDIUM,ENGAGE,1,29.95,29.95,Month-to-month,DSL,Bank transfer (automatic),No,No,No,Yes
4980-URKXC,0.021504407844494988,LOW,MONITOR,36,20.85,720.05,One year,No,Bank transfer (automatic),No internet service,No internet service,No,No
2082-OJVTK,0.5412224113071048,MEDIUM,ENGAGE,29,89.2,2698.35,Month-to-month,Fiber optic,Electronic check,No,No,Yes,Yes
6894-LFHLY,0.7868938318654619,HIGH,URGENT,1,75.75,75.75,Month-to-month,Fiber optic,Electronic check,No,No,Yes,Yes
1221-GHZEP,0.011682015113936543,LOW,MONITOR,62,65.1,3846.75,Two year,DSL,Mailed check,Yes,Yes,Yes,No
1867-TJHTS,0.18098299672287224,LOW,MONITOR,58,79.8,4526.85,Month-to-month,Fiber optic,Bank transfer (automatic),No,Yes,Yes,No
4833-QTJNO,0.10928447168315943,LOW,MONITOR,67,83.85,5588.8,Month-to-month,Fiber optic,Bank transfer (automatic),No,Yes,No,No
2294-DMMUS,0.1200976101072479,LOW,MONITOR,62,70.45,4300.45,Month-to-month,DSL,Credit card (automatic),No,No,Yes,No
7181-BQYBV,0.6934637629900415,HIGH,URGENT,1,102.45,102.45,Month-to-month,Fiber optic,Electronic check,No,Yes,Yes,Yes
4950-HKQTE,0.030874889697853035,LOW,MONITOR,22,26.25,605.9,Two year,No,Mailed check,No internet service,No internet service,No,No
3745-HRPHI,0.014131283547616325,LOW,MONITOR,66,54.65,3632.0,Two year,DSL,Bank transfer (automatic),Yes,No,No,No
4747-LCAQL,0.16351864149181963,LOW,MONITOR,25,79.0,1902.0,Month-to-month,DSL,Mailed check,Yes,Yes,Yes,No
5968-HYJRZ,0.006993767201922952,LOW,MONITOR,47,24.55,1160.45,Two year,No,Mailed check,No internet service,No internet service,No,No
2239-CFOUJ,0.08879707939015859,LOW,MONITOR,1,20.4,20.4,One year,No,Mailed check,No internet service,No internet service,No,No
7905-TVXTA,0.3725486960530579,MEDIUM,ENGAGE,5,64.35,352.65,Month-to-month,DSL,Electronic check,Yes,Yes,Yes,No
1436-ZMJAN,0.4247161538458402,MEDIUM,ENGAGE,10,67.8,653.15,Month-to-month,DSL,Credit card (automatic),No,No,Yes,No
2987-BJXIK,0.015481709547629447,LOW,MONITOR,70,84.7,5991.05,Two year,DSL,Mailed check,No,Yes,No,No
8738-JOKAR,0.04246418403203223,LOW,MONITOR,42,67.7,2882.25,One year,DSL,Mailed check,Yes,Yes,Yes,No
0402-OAMEN,0.0022754179012231318,LOW,MONITOR,72,24.45,1709.1,Two year,No,Bank transfer (automatic),No internet service,No internet service,No,No
1024-VRZHF,0.6835233144569769,HIGH,URGENT,11,74.95,825.7,Month-to-month,Fiber optic,Electronic check,No,No,Yes,Yes
4118-CEVPF,0.23265760681212988,LOW,MONITOR,35,110.8,3836.3,One year,Fiber optic,Bank transfer (automatic),Yes,Yes,Yes,No
4884-TVUQF,0.058608257704818076,LOW,MONITOR,57,101.3,5779.6,Two year,Fiber optic,Credit card (automatic),Yes,Yes,No,No
4177-JPDFU,0.2632955666871126,LOW,MONITOR,12,34.0,442.45,Month-to-month,DSL,Mailed check,Yes,No,No,No
7242-EDTYC,0.006208223632388596,LOW,MONITOR,44,19.55,819.95,Two year,No,Bank transfer (automatic),No internet service,No internet service,No,No
2928-HLDBA,0.16503850589778932,LOW,MONITOR,6,20.7,112.75,Month-to-month,No,Mailed check,No internet service,No internet service,No,No
7072-MBHEV,0.5825794356373889,MEDIUM,ENGAGE,11,78.1,864.85,Month-to-month,Fiber optic,Credit card (automatic),No,No,Yes,No
6288-LBEAR,0.3314286465043016,MEDIUM,ENGAGE,23,79.1,1783.75,Month-to-month,Fiber optic,Mailed check,Yes,No,Yes,No
8317-BVKSO,0.20040147755745716,LOW,MONITOR,14,20.05,299.3,Month-to-month,No,Electronic check,No internet service,No internet service,Yes,No
5561-NWEVX,0.710748996952306,HIGH,URGENT,2,79.2,172.85,Month-to-month,Fiber optic,Electronic check,No,No,No,Yes
5095-AESKG,0.6928873299738896,HIGH,URGENT,3,91.5,242.95,Month-to-month,Fiber optic,Credit card (automatic),No,No,Yes,Yes
6695-FRVEC,0.005425288761232105,LOW,MONITOR,67,60.4,3953.7,Two year,DSL,Bank transfer (automatic),Yes,Yes,Yes,No
4163-KIUHY,0.10861627089027338,LOW,MONITOR,35,25.6,901.25,Month-to-month,No,Electronic check,No internet service,No internet service,Yes,No
7239-HZZCX,0.1936218692976106,LOW,MONITOR,1,19.75,19.75,Month-to-month,No,Mailed check,No internet service,No internet service,No,Yes
5897-ZYEKH,0.20950591232418012,LOW,MONITOR,67,105.6,7112.15,One year,Fiber optic,Electronic check,No,Yes,Yes,No
2616-UUTFK,0.16020616118124084,LOW,MONITOR,33,72.75,2447.45,Month-to-month,DSL,Bank transfer (automatic),No,Yes,Yes,No
7110-BDTWG,0.020023492637531174,LOW,MONITOR,71,47.05,3263.6,Two year,DSL,Electronic check,Yes,No,Yes,No
6292-TOSSS,0.007871531936367715,LOW,MONITOR,50,24.9,1195.25,Two year,No,Bank transfer (automatic),No internet service,No internet service,No,No
4588-YBNIB,0.25060497578266544,LOW,MONITOR,1,19.6,19.6,Month-to-month,No,Mailed check,No internet service,No internet service,Yes,Yes
4785-QRJHC,0.09695065486894171,LOW,MONITOR,46,59.9,2816.65,One year,DSL,Bank transfer (automatic),Yes,No,Yes,Yes
5760-WRAHC,0.18937903812139492,LOW,MONITOR,22,69.75,1545.4,Month-to-month,DSL,Mailed check,Yes,Yes,Yes,No
5724-BIDBU,0.06345294646001787,LOW,MONITOR,49,55.35,2633.95,One year,DSL,Electronic check,No,Yes,Yes,No
5304-EFJLP,0.08204091403171346,LOW,MONITOR,72,111.65,8022.85,Two year,Fiber optic,Bank transfer (automatic),Yes,No,Yes,No
2929-QNSRW,0.2850388504858898,LOW,MONITOR,56,98.25,5508.35,One year,Fiber optic,Electronic check,No,No,Yes,Yes
0959-WHOKV,0.2373804117552101,LOW,MONITOR,42,99.0,4298.45,One year,Fiber optic,Electronic check,No,Yes,Yes,No
6128-DAFVY,0.1597148735652476,LOW,MONITOR,56,44.85,2564.95,Month-to-month,DSL,Credit card (automatic),No,No,Yes,No
0612-RTZZA,0.6322169997247038,HIGH,URGENT,1,25.25,25.25,Month-to-month,DSL,Electronic check,No,No,No,Yes
7950-XWOVN,0.30844020649426845,MEDIUM,ENGAGE,11,34.7,383.55,Month-to-month,DSL,Mailed check,No,No,No,No
7748-UMTRK,0.6012721984294012,HIGH,URGENT,30,101.3,2974.5,Month-to-month,Fiber optic,Electronic check,Yes,No,Yes,No
4091-TVOCN,0.06761364779878322,LOW,MONITOR,48,78.75,3682.45,One year,DSL,Credit card (automatic),No,Yes,Yes,No
9975-GPKZU,0.005566445054457807,LOW,MONITOR,46,19.75,856.5,Two year,No,Credit card (automatic),No internet service,No internet service,No,No
5214-NLTIT,0.05400790586228438,LOW,MONITOR,72,90.8,6511.8,Two year,Fiber optic,Credit card (automatic),No,No,Yes,No
6917-IAYHD,0.3252692331155031,MEDIUM,ENGAGE,1,33.6,33.6,Month-to-month,DSL,Mailed check,Yes,No,No,No
4785-FCIFB,0.004433487794841401,LOW,MONITOR,61,24.4,1417.9,Two year,No,Mailed check,No internet service,No internet service,No,No
4822-YCXMX,0.6332879352020863,HIGH,URGENT,25,84.8,2043.45,Month-to-month,Fiber optic,Electronic check,No,No,Yes,Yes
8612-GXIDD,0.051632653737334666,LOW,MONITOR,12,25.4,313.0,Two year,No,Bank transfer (automatic),No internet service,No internet service,Yes,No
1730-ZMAME,0.5643015536673262,MEDIUM,ENGAGE,32,79.5,2665.0,Month-to-month,Fiber optic,Electronic check,No,No,Yes,No
0620-XEFWH,0.14196780834547904,LOW,MONITOR,4,18.85,84.2,Month-to-month,No,Mailed check,No internet service,No internet service,No,No
5229-DTFYB,0.11407468880865114,LOW,MONITOR,41,98.8,3959.15,Two year,Fiber optic,Bank transfer (automatic),Yes,No,Yes,No
0581-MDMPW,0.541675428481117,MEDIUM,ENGAGE,24,88.95,2072.75,Month-to-month,Fiber optic,Credit card (automatic),No,No,Yes,No
1814-WFGVS,0.005139999912701417,LOW,MONITOR,72,48.9,3527.0,Two year,DSL,Mailed check,Yes,Yes,No,No
9114-VEPUF,0.11973725221759506,LOW,MONITOR,62,96.1,6001.45,One year,Fiber optic,Electronic check,No,Yes,No,No
6060-DRTNL,0.6448809197058782,HIGH,URGENT,5,84.85,415.55,Month-to-month,Fiber optic,Mailed check,No,No,Yes,Yes
2454-RPBRZ,0.7074299819438112,HIGH,URGENT,12,98.1,1060.2,Month-to-month,Fiber optic,Electronic check,No,No,Yes,Yes
4607-CHPCA,0.39395627502363745,MEDIUM,ENGAGE,25,90.4,2178.6,One year,Fiber optic,Electronic check,No,No,Yes,Yes
1385-TQOZW,0.19314275866429878,LOW,MONITOR,9,20.45,147.55,Month-to-month,No,Credit card (automatic),No internet service,No internet service,Yes,No
3249-ZPQRG,0.6421010791472621,HIGH,URGENT,4,78.45,330.05,Month-to-month,Fiber optic,Electronic check,No,No,No,Yes
9360-AHGNL,0.22226953907628694,LOW,MONITOR,43,109.55,4830.25,One year,Fiber optic,Mailed check,Yes,Yes,Yes,Yes
3806-YAZOV,0.18491474783721343,LOW,MONITOR,3,18.8,56.0,Month-to-month,No,Mailed check,No internet service,No internet service,No,No
4647-XXZAM,0.2772125508550672,LOW,MONITOR,6,45.5,285.2,Month-to-month,DSL,Mailed check,No,No,No,No
0484-JPBRU,0.05961027425713855,LOW,MONITOR,41,25.25,996.45,Month-to-month,No,Bank transfer (automatic),No internet service,No internet service,Yes,No
2839-RFSQE,0.1945272591782195,LOW,MONITOR,2,20.65,38.7,Month-to-month,No,Mailed check,No internet service,No internet service,No,Yes
6331-EWIEB,0.6686760827009711,HIGH,URGENT,20,85.25,1734.5,Month-to-month,Fiber optic,Electronic check,No,No,Yes,Yes
3049-NDXFL,0.6729503275930846,HIGH,URGENT,1,85.8,85.8,Month-to-month,Fiber optic,Mailed check,No,No,No,Yes
3009-JWMPU,0.2563245732344961,LOW,MONITOR,62,96.75,6125.4,One year,Fiber optic,Electronic check,No,No,Yes,Yes
1142-IHLOO,0.16546513065973836,LOW,MONITOR,51,87.55,4475.9,One year,Fiber optic,Credit card (automatic),No,No,No,No
7021-XSNYE,0.08096204537154045,LOW,MONITOR,7,49.65,305.55,Two year,DSL,Credit card (automatic),Yes,Yes,No,No
6963-KQYQB,0.0024349505263235134,LOW,MONITOR,70,24.05,1764.75,Two year,No,Mailed check,No internet service,No internet service,No,No
8095-WANWK,0.28419213454521874,LOW,MONITOR,10,45.25,428.7,Month-to-month,DSL,Mailed check,No,No,No,No
5115-GZDEL,0.008016072629970634,LOW,MONITOR,72,67.2,4671.7,Two year,DSL,Credit card (automatic),Yes,Yes,No,No
6509-TSGWN,0.044872265103805,LOW,MONITOR,37,26.45,911.6,Month-to-month,No,Mailed check,No internet service,No internet service,No,No
3090-HAWSU,0.07825929081494343,LOW,MONITOR,61,111.6,6876.05,Two year,Fiber optic,Credit card (automatic),Yes,Yes,Yes,Yes
1017-FBQMM,0.15018582757113016,LOW,MONITOR,62,106.05,6703.5,One year,Fiber optic,Credit card (automatic),Yes,No,Yes,No
5482-PLVPE,0.6189750574510897,HIGH,URGENT,2,24.35,41.85,Month-to-month,DSL,Electronic check,No,No,No,Yes
2511-MORQY,0.035893428017532855,LOW,MONITOR,50,54.9,2614.1,One year,DSL,Bank transfer (automatic),No,No,No,No
6176-YJWAS,0.04158787934363508,LOW,MONITOR,72,97.95,7114.25,Two year,Fiber optic,Credit card (automatic),No,Yes,Yes,No
0567-GGCAC,0.26278236158109536,LOW,MONITOR,7,61.4,438.9,Month-to-month,DSL,Electronic check,No,Yes,No,No
7994-UYIVZ,0.6794668361300727,HIGH,URGENT,8,85.65,659.45,Month-to-month,Fiber optic,Bank transfer (automatic),No,No,Yes,No
9650-VBUOG,0.011634865876775946,LOW,MONITOR,38,25.05,963.95,Two year,No,Credit card (automatic),No internet service,No internet service,No,No
5014-GSOUQ,0.03300592223755091,LOW,MONITOR,13,19.95,243.65,Two year,No,Mailed check,No internet service,No internet service,No,No
5590-ZSKRV,0.16899648890815747,LOW,MONITOR,8,54.65,482.25,Month-to-month,DSL,Mailed check,No,Yes,No,No
0654-PQKDW,0.01839781147702053,LOW,MONITOR,62,70.75,4263.45,One year,DSL,Bank transfer (automatic),Yes,Yes,Yes,No
3486-KHMLI,0.08841423533962216,LOW,MONITOR,21,24.7,467.15,Month-to-month,No,Mailed check,No internet service,No internet service,No,No
2361-FJWNO,0.05072627356503277,LOW,MONITOR,40,36.0,1382.9,One year,DSL,Credit card (automatic),Yes,No,No,No
9526-JAWYF,0.42343133585399767,MEDIUM,ENGAGE,26,89.8,2335.3,Month-to-month,Fiber optic,Electronic check,No,No,No,Yes
1226-IENZN,0.6682783861788765,HIGH,URGENT,16,78.75,1218.25,Month-to-month,Fiber optic,Electronic check,No,No,Yes,No
4353-HYOJD,0.11813660927674279,LOW,MONITOR,27,49.85,1336.15,Month-to-month,DSL,Mailed check,No,No,No,No
4456-RHSNB,0.2182338814607515,LOW,MONITOR,19,49.6,962.9,Month-to-month,DSL,Bank transfer (automatic),No,No,Yes,No
5666-CYCYZ,0.6027899645401269,HIGH,URGENT,24,89.55,2259.35,Month-to-month,Fiber optic,Electronic check,Yes,No,Yes,No
5639-NTUPK,0.21252667191426092,LOW,MONITOR,13,52.1,670.65,Month-to-month,DSL,Credit card (automatic),No,Yes,Yes,No
8107-RZLNV,0.08275757081455556,LOW,MONITOR,72,106.3,7565.35,Two year,Fiber optic,Bank transfer (automatic),No,No,Yes,No
2876-VBBBL,0.25143342957311615,LOW,MONITOR,1,20.25,20.25,Month-to-month,No,Mailed check,No internet service,No internet service,Yes,Yes
2371-JQHZZ,0.6862180329632734,HIGH,URGENT,24,93.0,2248.05,Month-to-month,Fiber optic,Electronic check,No,No,Yes,No
0823-HSCDJ,0.23537284747620277,LOW,MONITOR,52,49.15,2550.9,Month-to-month,DSL,Electronic check,No,No,Yes,Yes
3978-YNKDD,0.022505715952577384,LOW,MONITOR,19,20.85,467.5,Two year,No,Credit card (automatic),No internet service,No internet service,No,No
0822-GAVAP,0.6942861546303004,HIGH,URGENT,2,34.7,62.25,Month-to-month,DSL,Electronic check,No,No,Yes,Yes
4868-AADLV,0.15223579810070123,LOW,MONITOR,66,116.25,7862.25,One year,Fiber optic,Electronic check,Yes,Yes,Yes,No
1393-IMKZG,0.7323235005103927,HIGH,URGENT,1,95.85,95.85,Month-to-month,Fiber optic,Electronic check,Yes,No,Yes,No
6907-FLBER,0.479666742513232,MEDIUM,ENGAGE,1,54.3,54.3,Month-to-month,DSL,Electronic check,No,No,No,No
8017-UVSZU,0.1297438397361006,LOW,MONITOR,40,56.6,2379.1,Month-to-month,DSL,Credit card (automatic),No,No,No,No
2410-CIYFZ,0.1588566264314108,LOW,MONITOR,2,20.4,42.9,Month-to-month,No,Mailed check,No internet service,No internet service,No,No
8777-MBMTS,0.06982814547572685,LOW,MONITOR,65,105.85,6725.5,Two year,Fiber optic,Credit card (automatic),Yes,No,Yes,No
5233-AOZUF,0.5449637862203628,MEDIUM,ENGAGE,29,74.95,2149.05,Month-to-month,Fiber optic,Electronic check,No,No,Yes,No
7164-BPTUT,0.014299601220269804,LOW,MONITOR,57,89.55,5012.35,Two year,DSL,Mailed check,Yes,Yes,No,No
1583-IHQZE,0.5734034635651962,MEDIUM,ENGAGE,12,112.95,1384.75,Month-to-month,Fiber optic,Mailed check,Yes,No,Yes,Yes
0363-QJVFX,0.3742669708699379,MEDIUM,ENGAGE,32,108.15,3432.9,Month-to-month,Fiber optic,Credit card (automatic),Yes,Yes,Yes,Yes
5334-JLAXU,0.20568552917508431,LOW,MONITOR,60,94.1,5475.9,Month-to-month,Fiber optic,Credit card (automatic),No,Yes,Yes,No
2642-MAWLJ,0.0096558782221669,LOW,MONITOR,36,20.25,717.95,Two year,No,Bank transfer (automatic),No internet service,No internet service,No,No
6234-RAAPL,0.023990381442332866,LOW,MONITOR,72,99.9,7251.7,Two year,Fiber optic,Bank transfer (automatic),Yes,Yes,No,No
1925-TIBLE,0.758981057250427,HIGH,URGENT,7,86.5,582.5,Month-to-month,Fiber optic,Electronic check,No,No,Yes,Yes
8849-PRIQJ,0.13293880550472056,LOW,MONITOR,67,109.4,7281.6,One year,Fiber optic,Electronic check,Yes,Yes,Yes,No
8945-MUQUF,0.19122945755960186,LOW,MONITOR,51,94.8,4837.6,One year,Fiber optic,Electronic check,No,Yes,Yes,Yes
6101-IMRMM,0.5247602143305763,MEDIUM,ENGAGE,6,94.5,575.45,Month-to-month,Fiber optic,Mailed check,No,No,No,Yes
0455-ENTCR,0.019860314896783113,LOW,MONITOR,66,85.25,5538.35,Two year,DSL,Electronic check,Yes,Yes,No,No
2245-ADZFJ,0.05339803687162509,LOW,MONITOR,31,80.55,2471.6,Two year,DSL,Bank transfer (automatic),Yes,No,No,No
0177-PXBAT,0.4233361327712899,MEDIUM,ENGAGE,33,109.9,3694.7,Month-to-month,Fiber optic,Bank transfer (automatic),Yes,Yes,Yes,No
5173-WXOQV,0.35091547286026353,MEDIUM,ENGAGE,2,64.2,143.65,Month-to-month,DSL,Mailed check,Yes,No,Yes,No
1658-TJVOA,0.6217300019866454,HIGH,URGENT,6,74.1,450.9,Month-to-month,Fiber optic,Electronic check,No,Yes,Yes,No
6376-GAHQE,0.6529137956679668,HIGH,URGENT,4,77.85,299.2,Month-to-month,Fiber optic,Electronic check,No,No,No,Yes
6897-UUBNU,0.2736428839472646,LOW,MONITOR,29,89.65,2623.65,Month-to-month,Fiber optic,Mailed check,Yes,No,No,No
9944-AEXBM,0.4963476377204974,MEDIUM,ENGAGE,32,85.65,2664.3,Month-to-month,Fiber optic,Bank transfer (automatic),No,No,Yes,No
4973-RLZVI,0.0491301006657941,LOW,MONITOR,30,74.65,2308.6,One year,DSL,Credit card (automatic),Yes,Yes,No,No
1635-HDGFT,0.02169559697646516,LOW,MONITOR,19,20.5,398.55,Two year,No,Mailed check,No internet service,No internet service,No,No
1159-WFSGR,0.12602964268903494,LOW,MONITOR,16,20.4,321.4,Month-to-month,No,Electronic check,No internet service,No internet service,No,No
5419-KLXBN,0.37505435818319216,MEDIUM,ENGAGE,25,89.15,2257.75,Month-to-month,Fiber optic,Bank transfer (automatic),No,No,Yes,Yes
1272-ILHFG,0.04646212416467928,LOW,MONITOR,15,19.65,332.65,One year,No,Mailed check,No internet service,No internet service,No,No
8062-YBDOE,0.7360290635850236,HIGH,URGENT,1,69.65,69.65,Month-to-month,Fiber optic,Electronic check,No,No,Yes,Yes
8873-GLDMH,0.6451804624426798,HIGH,URGENT,6,73.85,401.3,Month-to-month,Fiber optic,Mailed check,No,No,Yes,No
9975-SKRNR,0.19272377396647664,LOW,MONITOR,1,18.9,18.9,Month-to-month,No,Mailed check,No internet service,No internet service,No,No
7854-EKTJL,0.2806758037515883,LOW,MONITOR,2,19.6,35.85,Month-to-month,No,Electronic check,No internet service,No internet service,Yes,Yes
9114-AAFQH,0.08205956794544329,LOW,MONITOR,48,65.65,3094.65,One year,DSL,Electronic check,No,No,Yes,No
1589-AGTLK,0.504729847712395,MEDIUM,ENGAGE,3,45.35,141.5,Month-to-month,DSL,Electronic check,No,No,Yes,Yes
3969-GYXEL,0.47517450938196204,MEDIUM,ENGAGE,11,76.4,838.7,Month-to-month,Fiber optic,Electronic check,No,Yes,No,No
7854-EDSSA,0.21051081433367216,LOW,MONITOR,22,59.0,1254.7,Month-to-month,DSL,Electronic check,No,Yes,No,Yes
9467-ROOLM,0.07004426579058944,LOW,MONITOR,25,19.05,461.3,Month-to-month,No,Mailed check,No internet service,No internet service,No,No
8992-CEUEN,0.2724341156343657,LOW,MONITOR,1,18.85,18.85,Month-to-month,No,Electronic check,No internet service,No internet service,No,No
9828-QHFBK,0.22583206713199555,LOW,MONITOR,24,51.15,1275.7,Month-to-month,DSL,Electronic check,No,Yes,Yes,No
9722-UJOJR,0.40654233207363627,MEDIUM,ENGAGE,29,70.75,1974.8,Month-to-month,Fiber optic,Electronic check,No,No,Yes,Yes
7538-GWHML,0.6459867621658691,HIGH,URGENT,2,69.65,145.15,Month-to-month,Fiber optic,Electronic check,No,No,No,Yes
3834-XUIFC,0.6806740404388857,HIGH,URGENT,7,85.2,602.55,Month-to-month,Fiber optic,Mailed check,No,No,Yes,Yes
4729-XKASR,0.5340216087303087,MEDIUM,ENGAGE,1,24.75,24.75,Month-to-month,DSL,Electronic check,No,No,No,Yes
1032-MAELW,0.02793117404004782,LOW,MONITOR,68,78.45,5333.35,One year,DSL,Electronic check,Yes,Yes,Yes,No
7279-BUYWN,0.5187740817575086,MEDIUM,ENGAGE,41,113.2,4689.5,Month-to-month,Fiber optic,Electronic check,No,Yes,Yes,Yes
3251-YMVWZ,0.013174388701132597,LOW,MONITOR,53,24.05,1301.9,One year,No,Bank transfer (automatic),No internet service,No internet service,No,No
8270-RKSAP,0.6397044985243918,HIGH,URGENT,9,70.5,597.9,Month-to-month,Fiber optic,Electronic check,No,No,Yes,No
4208-UFFGW,0.38469296276012516,MEDIUM,ENGAGE,2,44.95,85.15,Month-to-month,DSL,Mailed check,No,No,No,Yes
9695-IDRZR,0.11139973325798042,LOW,MONITOR,34,116.15,3946.9,Two year,Fiber optic,Credit card (automatic),Yes,Yes,Yes,No
2696-ECXKC,0.122179165365017,LOW,MONITOR,55,100.9,5448.6,One year,Fiber optic,Mailed check,No,Yes,No,No
3957-HHLMR,0.019570042688637757,LOW,MONITOR,70,65.2,4543.15,One year,DSL,Bank transfer (automatic),No,Yes,No,No
3006-XIMLN,0.7285853667714479,HIGH,URGENT,2,94.2,193.8,Month-to-month,Fiber optic,Bank transfer (automatic),No,No,Yes,Yes
6064-ZATLR,0.030512943653674685,LOW,MONITOR,27,52.85,1498.65,Two year,DSL,Bank transfer (automatic),No,Yes,No,No
1336-EZFZY,0.17900730915919408,LOW,MONITOR,4,20.05,83.3,Month-to-month,No,Mailed check,No internet service,No internet service,No,No
1226-UDFZR,0.38728932571215835,MEDIUM,ENGAGE,2,49.6,114.7,Month-to-month,DSL,Mailed check,No,No,Yes,Yes
6036-TTFYU,0.10445876473265185,LOW,MONITOR,16,19.6,314.45,Month-to-month,No,Mailed check,No internet service,No internet service,No,No
6023-GSSXW,0.015149511970637472,LOW,MONITOR,69,61.45,4131.2,Two year,DSL,Credit card (automatic),No,No,Yes,No
5456-ITGIC,0.014302343112113852,LOW,MONITOR,72,64.45,4641.1,Two year,DSL,Credit card (automatic),Yes,Yes,Yes,No
5982-PSMKW,0.06167026326457062,LOW,MONITOR,23,91.1,2198.3,Two year,DSL,Credit card (automatic),Yes,Yes,Yes,No
3452-GWUIN,0.7590616305814717,HIGH,URGENT,19,94.95,1760.25,Month-to-month,Fiber optic,Electronic check,No,No,Yes,No
3642-BYHDO,0.0016881482846090176,LOW,MONITOR,71,19.9,1389.35,Two year,No,Bank transfer (automatic),No internet service,No internet service,No,No
0621-CXBKL,0.004788734451578721,LOW,MONITOR,53,18.7,1005.7,Two year,No,Mailed check,No internet service,No internet service,No,No
5650-YLIBA,0.5028714270898421,MEDIUM,ENGAGE,31,81.15,2640.55,Month-to-month,Fiber optic,Electronic check,No,No,Yes,No
3506-LCJDC,0.16949297629977053,LOW,MONITOR,1,19.95,19.95,Month-to-month,No,Bank transfer (automatic),No internet service,No internet service,No,Yes
4993-JCRGJ,0.3885182906686171,MEDIUM,ENGAGE,26,84.3,2281.6,Month-to-month,Fiber optic,Mailed check,Yes,No,Yes,No
2043-WVTQJ,0.24774442385837575,LOW,MONITOR,1,55.7,55.7,Month-to-month,DSL,Mailed check,No,Yes,No,No
4016-BJKTZ,0.22262901647117403,LOW,MONITOR,25,108.9,2809.05,Two year,Fiber optic,Electronic check,Yes,No,No,No
6418-PIQSP,0.012301946759296722,LOW,MONITOR,62,81.0,4985.9,Two year,DSL,Mailed check,Yes,Yes,No,No
2141-RRYGO,0.4703806933755978,MEDIUM,ENGAGE,4,68.65,261.25,Month-to-month,DSL,Bank transfer (automatic),No,No,Yes,Yes
0224-HJAPT,0.4748715041643545,MEDIUM,ENGAGE,5,47.15,223.15,Month-to-month,DSL,Electronic check,No,No,No,Yes
7137-RYLPP,0.5706234171584018,MEDIUM,ENGAGE,37,85.7,3171.15,Month-to-month,Fiber optic,Electronic check,No,No,Yes,Yes
4800-VHZKI,0.25098711318201267,LOW,MONITOR,1,19.9,19.9,Month-to-month,No,Mailed check,No internet service,No internet service,Yes,Yes
2209-XADXF,0.5097691796267186,MEDIUM,ENGAGE,1,25.25,25.25,Month-to-month,DSL,Bank transfer (automatic),No,No,No,No
5855-EIBDE,0.054974147495292565,LOW,MONITOR,49,106.65,5174.35,Two year,Fiber optic,Credit card (automatic),Yes,Yes,No,No
6980-CDGFC,0.006484616620887347,LOW,MONITOR,67,20.85,1327.4,One year,No,Bank transfer (automatic),No internet service,No internet service,Yes,No
6892-EZDTG,0.7475082737395347,HIGH,URGENT,4,91.65,365.4,Month-to-month,Fiber optic,Electronic check,No,No,Yes,Yes
1431-AIDJQ,0.03348773157039053,LOW,MONITOR,33,82.1,2603.1,Two year,DSL,Credit card (automatic),Yes,No,No,No
1073-XXCZD,0.006282010597404335,LOW,MONITOR,55,25.7,1443.65,Two year,No,Bank transfer (automatic),No internet service,No internet service,No,No
0620-DLSLK,0.5715887918525864,MEDIUM,ENGAGE,13,81.9,1028.9,Month-to-month,Fiber optic,Mailed check,No,No,Yes,No
8044-BGWPI,0.18496898353028518,LOW,MONITOR,12,21.15,306.05,Month-to-month,No,Electronic check,No internet service,No internet service,Yes,No
6646-VRFOL,0.4813448809282107,MEDIUM,ENGAGE,53,103.85,5485.5,Month-to-month,Fiber optic,Electronic check,No,No,Yes,Yes
3243-ZHOHY,0.056517013637691384,LOW,MONITOR,16,20.1,296.15,One year,No,Mailed check,No internet service,No internet service,No,No
9867-JCZSP,0.045139227816481116,LOW,MONITOR,17,20.75,418.25,One year,No,Mailed check,No internet service,No internet service,No,No
4503-BDXBD,0.5164100468371073,MEDIUM,ENGAGE,11,74.95,815.5,Month-to-month,Fiber optic,Electronic check,No,No,No,Yes
8063-RJYNF,0.5933796488341433,MEDIUM,ENGAGE,16,94.25,1483.25,Month-to-month,Fiber optic,Electronic check,No,Yes,Yes,Yes
6137-MFAJN,0.14410508826280513,LOW,MONITOR,48,44.8,2104.55,Month-to-month,DSL,Electronic check,No,Yes,Yes,No
2144-ESWKO,0.054728182480996306,LOW,MONITOR,43,35.2,1463.7,One year,DSL,Credit card (automatic),No,Yes,Yes,No
6419-ZTTLE,0.084732624748076,LOW,MONITOR,23,20.75,485.2,One year,No,Electronic check,No internet service,No internet service,Yes,No
6682-QJDGB,0.06563484517100661,LOW,MONITOR,40,55.25,2139.2,Month-to-month,DSL,Mailed check,No,Yes,Yes,Yes
0839-JTCUD,0.01235751126680925,LOW,MONITOR,66,89.9,5958.85,Two year,DSL,Credit card (automatic),Yes,Yes,No,No
8760-ZRHKE,0.027473873951782968,LOW,MONITOR,71,69.2,4982.5,One year,DSL,Electronic check,No,Yes,No,No
5976-JCJRH,0.6299547422692786,HIGH,URGENT,10,70.3,738.2,Month-to-month,Fiber optic,Electronic check,No,No,Yes,Yes
0946-CLJTI,0.4765557642510845,MEDIUM,ENGAGE,58,98.7,5812.6,Month-to-month,Fiber optic,Electronic check,No,No,Yes,Yes
4129-LYCOI,0.09630868232482263,LOW,MONITOR,67,104.0,7039.05,Two year,Fiber optic,Electronic check,Yes,No,Yes,No
9762-YAQAA,0.17096042734295822,LOW,MONITOR,39,81.4,3213.75,One year,Fiber optic,Credit card (automatic),No,No,No,No
5572-ZDXHY,0.466452670601128,MEDIUM,ENGAGE,22,84.3,1855.65,Month-to-month,Fiber optic,Mailed check,No,No,Yes,Yes
4248-QPAVC,0.4897142880891071,MEDIUM,ENGAGE,17,85.35,1463.45,Month-to-month,Fiber optic,Bank transfer (automatic),No,Yes,Yes,Yes
1941-HOSAM,0.7353179541180401,HIGH,URGENT,1,90.1,90.1,Month-to-month,Fiber optic,Electronic check,No,No,Yes,No
3606-SBKRY,0.25435087664861955,LOW,MONITOR,31,50.05,1523.4,One year,DSL,Electronic check,No,No,Yes,No
4273-MBHYA,0.7483165407914427,HIGH,URGENT,1,89.35,89.35,Month-to-month,Fiber optic,Electronic check,No,No,Yes,No
8495-PRWFH,0.19195241103186328,LOW,MONITOR,42,55.65,2421.75,Month-to-month,DSL,Electronic check,No,No,No,No
9537-JALFH,0.0017772465922192841,LOW,MONITOR,69,19.9,1356.7,Two year,No,Bank transfer (automatic),No internet service,No internet service,No,No
4955-VCWBI,0.012336221693036008,LOW,MONITOR,43,20.0,817.95,One year,No,Mailed check,No internet service,No internet service,No,No
9127-QRZMH,0.029138757702507123,LOW,MONITOR,44,59.85,2603.95,One year,DSL,Bank transfer (automatic),Yes,Yes,Yes,No
6173-GOLSU,0.3243991279491309,MEDIUM,ENGAGE,67,94.65,6079.0,Month-to-month,Fiber optic,Credit card (automatic),No,No,Yes,No
3275-RHRNE,0.13230211822343754,LOW,MONITOR,28,60.0,1682.05,One year,DSL,Credit card (automatic),Yes,No,Yes,No
1685-BQULA,0.38871189553336727,MEDIUM,ENGAGE,40,93.4,3756.4,Month-to-month,Fiber optic,Bank transfer (automatic),No,No,Yes,No
5201-CBWYG,0.006832605004241468,LOW,MONITOR,62,24.8,1476.25,One year,No,Bank transfer (automatic),No internet service,No internet service,No,No
0248-IPDFW,0.6047337967154633,HIGH,URGENT,1,50.1,50.1,Month-to-month,DSL,Electronic check,No,No,Yes,No
7730-CLDSV,0.04166378124360281,LOW,MONITOR,72,98.65,7129.45,Two year,Fiber optic,Bank transfer (automatic),Yes,No,Yes,No
8819-ZBYNA,0.07754409739558232,LOW,MONITOR,58,109.1,6393.65,Two year,Fiber optic,Credit card (automatic),Yes,Yes,Yes,No
3370-GQEAL,0.46459969699119624,MEDIUM,ENGAGE,30,85.45,2509.95,Month-to-month,Fiber optic,Electronic check,No,No,No,No
9747-DDZOS,0.5427385256034644,MEDIUM,ENGAGE,1,73.5,73.5,Month-to-month,Fiber optic,Bank transfer (automatic),No,No,No,Yes
1527-SXDPN,0.07830752559062062,LOW,MONITOR,52,96.25,4990.25,Two year,Fiber optic,Bank transfer (automatic),Yes,No,Yes,Yes
7542-CYDDM,0.09353915551761612,LOW,MONITOR,18,20.05,358.5,Month-to-month,No,Mailed check,No internet service,No internet service,No,No
4632-PAOYU,0.03297692171281632,LOW,MONITOR,22,19.95,433.5,One year,No,Mailed check,No internet service,No internet service,No,No
5451-YHYPW,0.06615176410101715,LOW,MONITOR,72,115.75,8443.7,Two year,Fiber optic,Credit card (automatic),Yes,Yes,Yes,No
8718-PTMEZ,0.48172826248875583,MEDIUM,ENGAGE,13,31.05,347.25,Month-to-month,DSL,Electronic check,No,No,Yes,Yes
9058-CBREO,0.4755658711146298,MEDIUM,ENGAGE,1,50.55,50.55,Month-to-month,DSL,Mailed check,No,No,No,Yes
1867-BDVFH,0.6394439783156339,HIGH,URGENT,11,74.35,834.2,Month-to-month,Fiber optic,Electronic check,No,No,Yes,Yes
6139-ZZRBQ,0.004323675794053883,LOW,MONITOR,64,20.05,1198.05,Two year,No,Bank transfer (automatic),No internet service,No internet service,Yes,No
4641-FROLU,0.012234560426081233,LOW,MONITOR,30,19.3,602.9,Two year,No,Mailed check,No internet service,No internet service,No,No
9972-NKTFD,0.11551446358145921,LOW,MONITOR,28,54.65,1517.5,Month-to-month,DSL,Bank transfer (automatic),Yes,No,No,No
2869-ADAWR,0.37097191911695543,MEDIUM,ENGAGE,45,89.3,4016.85,Month-to-month,Fiber optic,Credit card (automatic),No,No,Yes,Yes
1360-JYXKQ,0.23671781743774944,LOW,MONITOR,54,99.1,5437.1,One year,Fiber optic,Electronic check,Yes,No,Yes,No
0447-RXSGD,0.5846045040018257,MEDIUM,ENGAGE,24,99.65,2404.85,Month-to-month,Fiber optic,Bank transfer (automatic),No,No,Yes,No
5882-CMAZQ,0.38136037747493834,MEDIUM,ENGAGE,5,34.25,163.55,Month-to-month,DSL,Electronic check,Yes,No,No,No
0103-CSITQ,0.17976603953600492,LOW,MONITOR,57,109.4,6252.7,One year,Fiber optic,Bank transfer (automatic),Yes,No,Yes,No
5276-KQWHG,0.7381709755693383,HIGH,URGENT,2,69.6,131.65,Month-to-month,Fiber optic,Electronic check,No,No,Yes,Yes
9067-YGSCA,0.006496895834632731,LOW,MONITOR,70,26.05,1856.4,One year,No,Credit card (automatic),No internet service,No internet service,No,No
1740-CSDJP,0.6167442289137478,HIGH,URGENT,1,35.25,35.25,Month-to-month,DSL,Bank transfer (automatic),No,No,Yes,Yes
3563-SVYLG,0.003640040181243211,LOW,MONITOR,68,62.65,4375.8,Two year,DSL,Credit card (automatic),Yes,Yes,No,No
5655-JSMZM,0.5653160672673049,MEDIUM,ENGAGE,49,96.2,4718.25,Month-to-month,Fiber optic,Electronic check,No,No,Yes,Yes
9397-TZSHA,0.003353021456279687,LOW,MONITOR,69,24.6,1678.05,Two year,No,Credit card (automatic),No internet service,No internet service,No,No
2482-CZGBB,0.6349548620282495,HIGH,URGENT,10,70.0,740.0,Month-to-month,Fiber optic,Electronic check,No,No,Yes,Yes
8535-SFUTN,0.34387450647890166,MEDIUM,ENGAGE,61,106.45,6300.15,Month-to-month,Fiber optic,Electronic check,No,Yes,Yes,No
4860-YZGZM,0.1859819259738394,LOW,MONITOR,10,20.0,185.4,Month-to-month,No,Electronic check,No internet service,No internet service,No,No
3675-EQOZA,0.17263553710800966,LOW,MONITOR,5,20.65,93.55,Month-to-month,No,Bank transfer (automatic),No internet service,No internet service,No,No
8085-MSNLK,0.04622561927185314,LOW,MONITOR,62,113.95,6891.4,Two year,Fiber optic,Mailed check,Yes,Yes,No,No
7649-PHJVR,0.06837618376403891,LOW,MONITOR,11,19.5,226.8,One year,No,Mailed check,No internet service,No internet service,No,No
9661-JALZV,0.007784003332961139,LOW,MONITOR,58,24.7,1519.0,Two year,No,Credit card (automatic),No internet service,No internet service,Yes,No
9548-LIGTA,0.014501663140432414,LOW,MONITOR,61,81.05,4747.65,Two year,DSL,Mailed check,Yes,Yes,Yes,No
1830-IPXVJ,0.0028981646653258334,LOW,MONITOR,61,19.75,1311.6,Two year,No,Credit card (automatic),No internet service,No internet service,No,No
0520-FDVVT,0.2700552710914584,LOW,MONITOR,35,102.35,3626.1,One year,Fiber optic,Bank transfer (automatic),No,No,Yes,Yes
3823-KYNQY,0.09022609492715025,LOW,MONITOR,12,24.95,280.4,One year,No,Credit card (automatic),No internet service,No internet service,No,No
5047-LHVLY,0.3897586508832751,MEDIUM,ENGAGE,1,50.15,50.15,Month-to-month,DSL,Mailed check,No,No,Yes,Yes
5565-FILXA,0.7828172312384968,HIGH,URGENT,16,96.15,1529.2,Month-to-month,Fiber optic,Electronic check,No,No,Yes,Yes
7244-QWYHG,0.043174478899347425,LOW,MONITOR,50,44.45,2188.45,One year,DSL,Bank transfer (automatic),Yes,Yes,Yes,No
9351-LZYGF,0.0886150398784906,LOW,MONITOR,42,66.4,2727.8,Month-to-month,DSL,Credit card (automatic),Yes,Yes,Yes,No
5006-MXVRN,0.01045446874156135,LOW,MONITOR,39,20.7,762.45,Two year,No,Credit card (automatic),No internet service,No internet service,No,No
9112-WSNPU,0.38954316480116263,MEDIUM,ENGAGE,35,70.55,2419.0,Month-to-month,Fiber optic,Electronic check,No,No,No,No
0689-NKYLF,0.6249312923337338,HIGH,URGENT,13,83.2,1060.6,Month-to-month,Fiber optic,Electronic check,No,No,Yes,Yes
2862-JVEOY,0.08580576620666437,LOW,MONITOR,6,19.15,124.4,One year,No,Mailed check,No internet service,No internet service,No,No
4817-QRJSX,0.598452129464111,MEDIUM,ENGAGE,10,81.0,818.05,Month-to-month,Fiber optic,Credit card (automatic),No,No,Yes,Yes
8874-EJNSR,0.01038838623490228,LOW,MONITOR,39,25.2,987.95,Two year,No,Mailed check,No internet service,No internet service,No,No
0257-ZESQC,0.34783048687460577,MEDIUM,ENGAGE,27,75.2,1929.35,Month-to-month,Fiber optic,Bank transfer (automatic),No,Yes,Yes,Yes
7641-TQFHN,0.11056412771340413,LOW,MONITOR,39,100.55,3895.35,Two year,Fiber optic,Mailed check,Yes,No,No,No
6994-KERXL,0.5485729860585632,MEDIUM,ENGAGE,4,55.9,238.5,Month-to-month,DSL,Electronic check,No,No,Yes,No
8976-OQHGT,0.21159803286193893,LOW,MONITOR,4,56.5,235.1,Month-to-month,DSL,Mailed check,Yes,No,No,Yes
8646-JCOMS,0.08304286695479153,LOW,MONITOR,66,90.55,6130.95,One year,Fiber optic,Bank transfer (automatic),Yes,No,Yes,No
4110-PFEUZ,0.5585590211481635,MEDIUM,ENGAGE,1,69.55,69.55,Month-to-month,Fiber optic,Mailed check,No,No,No,Yes
2926-JEJJC,0.11123722997136705,LOW,MONITOR,8,20.2,140.95,One year,No,Bank transfer (automatic),No internet service,No internet service,Yes,No
6244-BESBM,0.04985733527868783,LOW,MONITOR,69,95.2,6671.7,Two year,Fiber optic,Credit card (automatic),Yes,No,Yes,No
2856-HYAPG,0.652415687894411,HIGH,URGENT,1,68.65,68.65,Month-to-month,Fiber optic,Electronic check,No,No,No,Yes
0602-DDUML,0.012658104652668744,LOW,MONITOR,57,69.75,3894.4,Two year,DSL,Mailed check,Yes,No,No,No
0428-AXXLJ,0.04882556621978264,LOW,MONITOR,25,19.5,516.3,One year,No,Bank transfer (automatic),No internet service,No internet service,Yes,No
4646-QZXTF,0.2458617701817705,LOW,MONITOR,7,81.25,580.1,Month-to-month,DSL,Bank transfer (automatic),Yes,Yes,No,No
6979-TNDEU,0.1506602264699039,LOW,MONITOR,8,19.2,156.85,Month-to-month,No,Mailed check,No internet service,No internet service,No,No
0550-DCXLH,0.24694749092446894,LOW,MONITOR,13,73.35,931.55,Month-to-month,DSL,Mailed check,Yes,No,No,No
6267-DCFFZ,0.5988931636417236,MEDIUM,ENGAGE,30,90.05,2627.2,Month-to-month,Fiber optic,Electronic check,No,No,Yes,No
5605-XNWEN,0.004191558152020884,LOW,MONITOR,72,25.0,1802.55,Two year,No,Bank transfer (automatic),No internet service,No internet service,Yes,No
1796-JANOW,0.1937910265197716,LOW,MONITOR,2,19.95,38.15,Month-to-month,No,Mailed check,No internet service,No internet service,No,No
9681-OXGVC,0.7932476500828549,HIGH,URGENT,5,100.5,514.0,Month-to-month,Fiber optic,Electronic check,No,No,Yes,Yes
8486-AYEQH,0.5302764367452416,MEDIUM,ENGAGE,31,76.05,2227.8,Month-to-month,Fiber optic,Electronic check,No,No,Yes,No
6034-ZRYCV,0.029204243977593327,LOW,MONITOR,72,54.2,3937.45,Two year,DSL,Electronic check,No,No,Yes,Yes
4553-DVPZG,0.4231204283627455,MEDIUM,ENGAGE,62,101.35,6164.7,Month-to-month,Fiber optic,Electronic check,No,No,Yes,No
5092-STPKP,0.11317808652879752,LOW,MONITOR,24,56.35,1381.2,Month-to-month,DSL,Credit card (automatic),Yes,Yes,No,No
0876-WDUUZ,0.5929047458951748,MEDIUM,ENGAGE,5,85.4,425.9,Month-to-month,Fiber optic,Credit card (automatic),Yes,No,Yes,Yes
0266-CLZKZ,0.06754820623874928,LOW,MONITOR,67,105.65,6717.9,Two year,Fiber optic,Bank transfer (automatic),Yes,No,Yes,No
7729-JTEEC,0.45918911984087396,MEDIUM,ENGAGE,2,44.5,90.05,Month-to-month,DSL,Electronic check,No,No,Yes,No
5650-VDUDS,0.5284577144988296,MEDIUM,ENGAGE,4,24.25,96.05,Month-to-month,DSL,Mailed check,No,No,Yes,Yes
0970-QXPXW,0.20143584544137735,LOW,MONITOR,1,19.65,19.65,Month-to-month,No,Mailed check,No internet service,No internet service,No,No
4992-LTJNE,0.006139351222879545,LOW,MONITOR,72,55.3,3983.6,Two year,DSL,Bank transfer (automatic),No,Yes,No,No
1335-MXCSE,0.012621644593580145,LOW,MONITOR,55,55.25,3119.9,Two year,DSL,Credit card (automatic),Yes,No,Yes,No
3174-RKMOW,0.4573392060918169,MEDIUM,ENGAGE,35,109.95,3782.4,Month-to-month,Fiber optic,Electronic check,Yes,No,Yes,No
6630-UJZMY,0.7981652437387076,HIGH,URGENT,4,83.25,308.05,Month-to-month,Fiber optic,Electronic check,No,No,Yes,No
1396-QWFBJ,0.3719904398921866,MEDIUM,ENGAGE,21,74.05,1565.7,Month-to-month,Fiber optic,Bank transfer (automatic),No,No,Yes,Yes
3161-ONRWK,0.012909125086778085,LOW,MONITOR,60,65.85,3928.3,One year,DSL,Bank transfer (automatic),Yes,Yes,Yes,No
7181-OQCUT,0.4430610356801268,MEDIUM,ENGAGE,21,103.85,2215.0,Month-to-month,Fiber optic,Mailed check,No,Yes,No,No
3312-ZWLGF,0.5158187301122014,MEDIUM,ENGAGE,29,79.3,2414.55,Month-to-month,Fiber optic,Electronic check,Yes,No,Yes,No
9092-GDZKO,0.1375567905847889,LOW,MONITOR,22,24.85,493.4,Month-to-month,No,Credit card (automatic),No internet service,No internet service,Yes,No
7674-YTAFD,0.16236547779897048,LOW,MONITOR,33,79.95,2684.85,One year,Fiber optic,Bank transfer (automatic),Yes,No,Yes,No
6463-MVYRY,0.012783978910887528,LOW,MONITOR,57,69.85,4003.0,Two year,DSL,Bank transfer (automatic),Yes,Yes,No,No
4367-NUYAO,0.06493631623697538,LOW,MONITOR,0,25.75,0.0,Two year,No,Mailed check,No internet service,No internet service,No,No
5365-LLFYV,0.42977706923243864,MEDIUM,ENGAGE,2,45.85,105.6,Month-to-month,DSL,Mailed check,No,No,Yes,No
5666-MBJPT,0.005280280293942052,LOW,MONITOR,65,25.1,1725.0,Two year,No,Bank transfer (automatic),No internet service,No internet service,Yes,No
8374-XGEJJ,0.5771423709212442,MEDIUM,ENGAGE,43,101.0,4388.4,Month-to-month,Fiber optic,Electronic check,No,No,Yes,Yes
8237-ULIXL,0.002930585867250601,LOW,MONITOR,72,24.85,1871.85,Two year,No,Credit card (automatic),No internet service,No internet service,No,No
1767-CJKBA,0.003548782328525449,LOW,MONITOR,66,25.1,1697.7,Two year,No,Mailed check,No internet service,No internet service,No,No
7311-MQJCH,0.1341891428379283,LOW,MONITOR,5,19.55,99.6,One year,No,Electronic check,No internet service,No internet service,No,No
8028-PNXHQ,0.004600187233953671,LOW,MONITOR,62,24.25,1424.6,Two year,No,Bank transfer (automatic),No internet service,No internet service,Yes,No
1707-HABPF,0.18706606311601082,LOW,MONITOR,46,91.3,4126.35,One year,Fiber optic,Bank transfer (automatic),No,No,Yes,No
0430-IHCDJ,0.4459032403899446,MEDIUM,ENGAGE,15,49.0,749.25,Month-to-month,DSL,Electronic check,No,No,Yes,No
9474-PHLYD,0.42331252172109446,MEDIUM,ENGAGE,15,59.45,892.65,Month-to-month,DSL,Electronic check,No,No,Yes,Yes
6469-MRVET,0.16151309238030032,LOW,MONITOR,1,20.2,20.2,One year,No,Electronic check,No internet service,No internet service,Yes,No
1794-HBQTJ,0.3562860355249159,MEDIUM,ENGAGE,1,48.6,48.6,Month-to-month,DSL,Credit card (automatic),No,Yes,Yes,Yes
5180-UCIIQ,0.22147017524870083,LOW,MONITOR,22,40.05,880.2,Month-to-month,DSL,Mailed check,No,Yes,No,Yes
2079-FBMZK,0.5824866795843371,MEDIUM,ENGAGE,6,69.25,418.4,Month-to-month,Fiber optic,Mailed check,No,No,Yes,Yes
3329-WDIOK,0.6871582221473772,HIGH,URGENT,3,50.6,155.35,Month-to-month,DSL,Electronic check,No,No,Yes,Yes
3334-CTHOL,0.5195438094763536,MEDIUM,ENGAGE,1,49.95,49.95,Month-to-month,DSL,Bank transfer (automatic),No,No,Yes,Yes
0365-TRTPY,0.22912762074643225,LOW,MONITOR,37,91.2,3382.3,Month-to-month,Fiber optic,Bank transfer (automatic),No,Yes,No,No
0327-WFZSY,0.29179617354214576,LOW,MONITOR,39,100.0,3835.55,One year,Fiber optic,Electronic check,No,No,No,No
0960-HUWBM,0.07046214185036488,LOW,MONITOR,65,104.1,6700.05,Two year,Fiber optic,Bank transfer (automatic),Yes,No,Yes,No
5919-VCZYM,0.18638390273820232,LOW,MONITOR,2,20.05,42.7,Month-to-month,No,Mailed check,No internet service,No internet service,No,No
8992-VONJD,0.25377225017444915,LOW,MONITOR,13,56.0,764.55,Month-to-month,DSL,Electronic check,No,Yes,Yes,No
7398-HPYZQ,0.012118588432437903,LOW,MONITOR,71,90.55,6404.0,Two year,DSL,Bank transfer (automatic),Yes,Yes,No,No
6873-UDNLD,0.1288562636551133,LOW,MONITOR,40,67.45,2731.0,Month-to-month,DSL,Electronic check,No,Yes,No,No
7272-QDCKA,0.3956276081884207,MEDIUM,ENGAGE,28,100.2,2688.45,One year,Fiber optic,Electronic check,No,No,No,No
9965-YOKZB,0.7764187816788931,HIGH,URGENT,9,83.85,790.15,Month-to-month,Fiber optic,Electronic check,No,No,Yes,Yes
4285-GYRQC,0.681786270084519,HIGH,URGENT,7,86.25,587.1,Month-to-month,Fiber optic,Electronic check,No,No,Yes,Yes
9878-TNQGW,0.7409358325436128,HIGH,URGENT,2,80.95,171.15,Month-to-month,Fiber optic,Electronic check,No,No,Yes,Yes
3566-HJGPK,0.42663961603397443,MEDIUM,ENGAGE,1,45.55,45.55,Month-to-month,DSL,Mailed check,No,No,Yes,No
2685-SREOM,0.585936967853673,MEDIUM,ENGAGE,25,89.1,2368.4,Month-to-month,Fiber optic,Electronic check,No,No,Yes,Yes
7688-AWMDX,0.00424216767501524,LOW,MONITOR,71,54.5,3778.2,Two year,DSL,Bank transfer (automatic),Yes,Yes,No,No
5093-FEGLU,0.006753969137985915,LOW,MONITOR,47,19.65,921.55,Two year,No,Bank transfer (automatic),No internet service,No internet service,No,No
3916-NRPAP,0.5715945993196181,MEDIUM,ENGAGE,3,85.7,256.75,Month-to-month,Fiber optic,Credit card (automatic),No,No,No,No
5148-HKFIR,0.024810417859412424,LOW,MONITOR,20,19.7,406.95,Two year,No,Mailed check,No internet service,No internet service,No,No
0781-LKXBR,0.792251792409122,HIGH,URGENT,9,100.5,918.6,Month-to-month,Fiber optic,Electronic check,No,No,Yes,Yes
2863-IMQDR,0.02347287319180062,LOW,MONITOR,61,89.65,5308.7,Two year,DSL,Electronic check,Yes,Yes,No,No
0078-XZMHT,0.021909098232196677,LOW,MONITOR,72,85.15,6316.2,Two year,DSL,Bank transfer (automatic),Yes,No,Yes,No
9500-LTVBP,0.29945410894289,LOW,MONITOR,35,80.05,2835.9,Month-to-month,Fiber optic,Credit card (automatic),Yes,No,No,No
0221-WMXNQ,0.558662039889785,MEDIUM,ENGAGE,4,75.35,273.4,Month-to-month,Fiber optic,Electronic check,No,Yes,No,No
4547-FZJWE,0.02251291834614914,LOW,MONITOR,55,59.45,3157.0,One year,DSL,Credit card (automatic),No,Yes,No,No
6131-IUNXN,0.07674632434505681,LOW,MONITOR,19,20.2,382.2,Month-to-month,No,Mailed check,No internet service,No internet service,No,No
7228-PAQPD,0.14561298742554996,LOW,MONITOR,14,59.1,772.85,One year,DSL,Credit card (automatic),Yes,No,No,No
2810-FTLEM,0.2922730128227834,LOW,MONITOR,16,50.15,762.25,Month-to-month,DSL,Electronic check,No,Yes,Yes,Yes
8457-XIGKN,0.11549818289919891,LOW,MONITOR,20,19.6,356.15,Month-to-month,No,Credit card (automatic),No internet service,No internet service,Yes,No
0206-TBWLC,0.13465361159619474,LOW,MONITOR,54,114.65,6049.5,One year,Fiber optic,Mailed check,Yes,Yes,Yes,No
5204-HMGYF,0.03723324499416008,LOW,MONITOR,49,87.2,4345.0,One year,DSL,Mailed check,Yes,Yes,Yes,No
8818-DOPVL,0.5553970721223124,MEDIUM,ENGAGE,46,104.45,4863.85,Month-to-month,Fiber optic,Electronic check,No,No,Yes,No
7722-CVFXN,0.21453887973923305,LOW,MONITOR,54,105.2,5637.85,One year,Fiber optic,Electronic check,Yes,No,Yes,No
1064-FBXNK,0.09403834513279716,LOW,MONITOR,1,19.85,19.85,One year,No,Credit card (automatic),No internet service,No internet service,No,No
1100-DDVRV,0.4299834152198583,MEDIUM,ENGAGE,17,49.8,836.35,Month-to-month,DSL,Mailed check,No,No,Yes,No
8610-ZIKJJ,0.08857834116550957,LOW,MONITOR,2,20.3,31.9,One year,No,Mailed check,No internet service,No internet service,No,No
1265-BCFEO,0.024235632542402803,LOW,MONITOR,71,80.45,5662.25,Two year,DSL,Bank transfer (automatic),Yes,No,Yes,No
9933-QRGTX,0.07076571797140153,LOW,MONITOR,60,97.2,5611.75,Two year,Fiber optic,Electronic check,Yes,Yes,Yes,No
3746-EUBYR,0.6841400061384649,HIGH,URGENT,1,74.6,74.6,Month-to-month,Fiber optic,Bank transfer (automatic),No,No,Yes,Yes
9419-IPPBE,0.23423730715671817,LOW,MONITOR,51,90.15,4554.85,One year,Fiber optic,Electronic check,No,No,Yes,No
5747-PMBSQ,0.4776290629989834,MEDIUM,ENGAGE,10,92.5,934.1,Month-to-month,Fiber optic,Mailed check,Yes,No,Yes,Yes
6603-YRDCJ,0.022635789724172104,LOW,MONITOR,33,61.05,2018.4,Two year,DSL,Mailed check,Yes,Yes,Yes,No
3841-NFECX,0.03237562535164167,LOW,MONITOR,71,96.35,6766.95,Two year,Fiber optic,Credit card (automatic),Yes,Yes,Yes,No
9610-WCESF,0.012456976226746214,LOW,MONITOR,67,43.9,3097.2,Two year,DSL,Electronic check,Yes,Yes,No,No
6689-TCZHQ,0.7009883759891802,HIGH,URGENT,5,78.95,378.4,Month-to-month,Fiber optic,Electronic check,No,No,No,Yes
3737-XBQDD,0.44340395161849144,MEDIUM,ENGAGE,24,84.85,2048.8,Month-to-month,Fiber optic,Bank transfer (automatic),No,No,Yes,No
2038-YSEZE,0.10153501496220253,LOW,MONITOR,29,67.45,1801.1,Month-to-month,DSL,Mailed check,Yes,Yes,No,No
8382-SHQEH,0.7632315576354464,HIGH,URGENT,8,84.9,764.95,Month-to-month,Fiber optic,Electronic check,No,No,Yes,Yes
2834-SPCJV,0.20568814808160366,LOW,MONITOR,52,84.1,4348.65,Month-to-month,Fiber optic,Electronic check,No,Yes,No,Yes
8049-WJCLQ,0.24826510192079607,LOW,MONITOR,10,60.2,563.5,Month-to-month,DSL,Mailed check,No,No,No,No
3900-AQPHZ,0.20170860745843927,LOW,MONITOR,1,19.9,19.9,Month-to-month,No,Mailed check,No internet service,No internet service,No,Yes
9992-RRAMN,0.6559823139626053,HIGH,URGENT,22,85.1,1873.7,Month-to-month,Fiber optic,Electronic check,No,No,Yes,Yes
5939-SXWHM,0.007228672992769319,LOW,MONITOR,48,26.3,1245.05,Two year,No,Bank transfer (automatic),No internet service,No internet service,No,No
1240-KNSEZ,0.24195739042012887,LOW,MONITOR,1,20.1,20.1,Month-to-month,No,Mailed check,No internet service,No internet service,Yes,Yes
7399-QHBJS,0.005123315429359569,LOW,MONITOR,72,66.75,4760.3,Two year,DSL,Credit card (automatic),Yes,Yes,No,No
1936-UAFEH,0.04550609026117819,LOW,MONITOR,68,110.25,7279.35,Two year,Fiber optic,Credit card (automatic),Yes,Yes,No,No
7570-WELNY,0.03591252554414135,LOW,MONITOR,68,84.7,5711.05,Two year,Fiber optic,Bank transfer (automatic),No,Yes,Yes,No
2842-JTCCU,0.3621634986022629,MEDIUM,ENGAGE,2,46.05,80.35,Month-to-month,DSL,Bank transfer (automatic),No,No,No,Yes
4697-LUPSU,0.08463378832427719,LOW,MONITOR,2,20.2,34.75,One year,No,Mailed check,No internet service,No internet service,No,No
9251-WNSOD,0.02291918429894901,LOW,MONITOR,67,75.1,5064.45,One year,DSL,Mailed check,No,Yes,No,No
5569-IDSEY,0.15235656875621653,LOW,MONITOR,71,105.7,7472.15,One year,Fiber optic,Bank transfer (automatic),No,No,Yes,No
2874-YXVVA,0.4605917589445134,MEDIUM,ENGAGE,34,105.1,3634.8,Month-to-month,Fiber optic,Electronic check,Yes,No,Yes,No
7831-QGOXH,0.6929614264499051,HIGH,URGENT,18,85.2,1553.9,Month-to-month,Fiber optic,Electronic check,No,No,Yes,Yes
5384-ZTTWP,0.09123132598026783,LOW,MONITOR,15,19.8,272.95,Month-to-month,No,Mailed check,No internet service,No internet service,No,No
5630-AHZIL,0.27731757185227107,LOW,MONITOR,3,64.5,177.4,Month-to-month,DSL,Bank transfer (automatic),Yes,Yes,Yes,No
0691-IFBQW,0.29741050582360584,LOW,MONITOR,46,110.0,4874.8,One year,Fiber optic,Electronic check,No,Yes,Yes,Yes
1025-FALIX,0.41784089907292565,MEDIUM,ENGAGE,26,69.05,1815.65,Month-to-month,Fiber optic,Credit card (automatic),No,No,Yes,No
3755-JBMNH,0.5339916927144711,MEDIUM,ENGAGE,16,71.8,1167.8,Month-to-month,Fiber optic,Bank transfer (automatic),No,No,Yes,Yes
9506-UXUSK,0.608315818054487,HIGH,URGENT,13,70.15,931.75,Month-to-month,Fiber optic,Electronic check,No,No,Yes,No
9674-EHPPG,0.015209921471805693,LOW,MONITOR,46,40.4,1842.7,Two year,DSL,Credit card (automatic),Yes,Yes,No,No
2057-ZBLPD,0.6775074970645882,HIGH,URGENT,21,86.5,1808.7,Month-to-month,Fiber optic,Electronic check,No,No,Yes,Yes
1095-JUDTC,0.42471137193851677,MEDIUM,ENGAGE,47,95.05,4504.55,Month-to-month,Fiber optic,Electronic check,Yes,No,Yes,Yes
4378-MYPGO,0.04051855416339431,LOW,MONITOR,68,105.25,7173.15,Two year,Fiber optic,Bank transfer (automatic),No,Yes,Yes,No
6994-ORCWG,0.20381171702057901,LOW,MONITOR,14,54.25,773.2,One year,DSL,Mailed check,No,No,Yes,No
0100-DUVFC,0.23009744838488663,LOW,MONITOR,70,104.8,7308.95,One year,Fiber optic,Electronic check,No,No,Yes,No
2831-EBWRN,0.4957261655016282,MEDIUM,ENGAGE,4,45.9,199.75,Month-to-month,DSL,Electronic check,No,No,Yes,No
6746-WAUWT,0.06539208665447163,LOW,MONITOR,19,19.7,386.5,One year,No,Credit card (automatic),No internet service,No internet service,Yes,No
5022-JNQEQ,0.5327068955012702,MEDIUM,ENGAGE,9,75.85,647.5,Month-to-month,Fiber optic,Electronic check,Yes,No,Yes,No
9779-DPNEJ,0.5513569855903664,MEDIUM,ENGAGE,22,80.15,1790.65,Month-to-month,Fiber optic,Electronic check,No,No,Yes,No
3280-MRDOF,0.07912860621250745,LOW,MONITOR,30,69.1,2093.9,Two year,DSL,Credit card (automatic),Yes,No,Yes,No
5913-INRQV,0.1302453627212496,LOW,MONITOR,34,90.15,3128.8,One year,Fiber optic,Mailed check,Yes,Yes,No,No
1098-KFQEC,0.003783536002646636,LOW,MONITOR,55,19.4,1083.0,Two year,No,Credit card (automatic),No internet service,No internet service,No,No
1136-XGEQU,0.0668697663213421,LOW,MONITOR,50,84.15,4164.4,One year,DSL,Credit card (automatic),Yes,No,Yes,No
7850-VWJUU,0.3581684852915452,MEDIUM,ENGAGE,23,75.0,1778.5,Month-to-month,Fiber optic,Bank transfer (automatic),No,Yes,Yes,No
8544-JNBOX,0.0024717852440129923,LOW,MONITOR,72,20.8,1521.2,Two year,No,Mailed check,No internet service,No internet service,Yes,No
0504-HHAPI,0.504343788609689,MEDIUM,ENGAGE,27,88.3,2467.75,Month-to-month,Fiber optic,Credit card (automatic),No,No,No,Yes
3878-AVSOQ,0.7476761412233446,HIGH,URGENT,1,71.25,71.25,Month-to-month,Fiber optic,Electronic check,No,No,Yes,No
2379-ENZGV,0.6696128881808323,HIGH,URGENT,6,84.85,523.5,Month-to-month,Fiber optic,Electronic check,No,No,Yes,Yes
0980-FEXWF,0.06627479785271809,LOW,MONITOR,26,50.35,1285.8,One year,DSL,Mailed check,No,No,No,No
7564-GHCVB,0.02152153696125938,LOW,MONITOR,72,79.05,5730.7,Two year,Fiber optic,Bank transfer (automatic),No,Yes,No,No
6537-OTKMY,0.3331530895747209,MEDIUM,ENGAGE,15,50.75,688.2,One year,DSL,Electronic check,No,No,No,No
1960-UYCNN,0.69444428860409,HIGH,URGENT,10,95.25,1021.55,Month-to-month,Fiber optic,Electronic check,No,No,Yes,No
9518-XXBXE,0.5001962799787523,MEDIUM,ENGAGE,10,75.3,720.45,Month-to-month,Fiber optic,Electronic check,No,Yes,No,No
1757-TCATG,0.01877666044049867,LOW,MONITOR,35,20.05,746.75,One year,No,Bank transfer (automatic),No internet service,No internet service,No,No
3518-FSTWG,0.07132277366998056,LOW,MONITOR,72,109.55,7920.7,Two year,Fiber optic,Bank transfer (automatic),No,Yes,Yes,No
0810-BDHAW,0.1448686533009538,LOW,MONITOR,24,78.4,1832.4,One year,DSL,Electronic check,No,Yes,No,No
5103-MHMHY,0.32726270809809427,MEDIUM,ENGAGE,1,45.95,45.95,Month-to-month,DSL,Mailed check,No,No,No,Yes
5766-FTRTS,0.007477921488710245,LOW,MONITOR,72,84.45,6033.1,Two year,DSL,Mailed check,Yes,Yes,No,No
5688-KZTSN,0.15968187115070565,LOW,MONITOR,15,20.0,288.05,Month-to-month,No,Electronic check,No internet service,No internet service,Yes,Yes
1442-BQPVU,0.4097120375761924,MEDIUM,ENGAGE,13,29.15,357.15,Month-to-month,DSL,Electronic check,No,No,No,No
1447-PJGGA,0.13852430632408097,LOW,MONITOR,57,95.25,5464.65,Two year,Fiber optic,Electronic check,No,No,Yes,Yes
4581-SSPWD,0.7567842148331217,HIGH,URGENT,3,75.8,246.3,Month-to-month,Fiber optic,Electronic check,No,No,Yes,Yes
9764-REAFF,0.0035977107250430825,LOW,MONITOR,59,18.4,1057.85,Two year,No,Bank transfer (automatic),No internet service,No internet service,No,No
3838-OZURD,0.30252049541210096,MEDIUM,ENGAGE,66,105.0,7133.25,Month-to-month,Fiber optic,Credit card (automatic),No,No,Yes,Yes
8207-DMRVL,0.03265596959989935,LOW,MONITOR,72,114.55,8306.05,Two year,Fiber optic,Bank transfer (automatic),Yes,Yes,No,No
3948-KXDUF,0.0067089891267401135,LOW,MONITOR,66,68.75,4447.55,Two year,DSL,Bank transfer (automatic),Yes,Yes,No,No
5345-BMKWB,0.14244139473858064,LOW,MONITOR,8,20.25,158.35,Month-to-month,No,Mailed check,No internet service,No internet service,No,No
0289-IVARM,0.10256359360207244,LOW,MONITOR,35,60.55,1982.6,Month-to-month,DSL,Electronic check,No,Yes,No,No
5692-ICXLW,0.5941095093650256,MEDIUM,ENGAGE,31,90.7,2845.15,Month-to-month,Fiber optic,Electronic check,No,No,Yes,No
0784-GTUUK,0.010945992613050038,LOW,MONITOR,62,23.75,1446.8,One year,No,Credit card (automatic),No internet service,No internet service,Yes,No
1708-PBBOA,0.08042060266913613,LOW,MONITOR,42,54.75,2348.45,One year,DSL,Electronic check,Yes,Yes,Yes,No
6410-LEFEN,0.3841151078399527,MEDIUM,ENGAGE,9,45.15,416.45,Month-to-month,DSL,Electronic check,No,No,No,Yes
3258-SANFR,0.3603305908426956,MEDIUM,ENGAGE,6,44.7,276.5,Month-to-month,DSL,Credit card (automatic),No,No,No,No
9970-QBCDA,0.17416313994222882,LOW,MONITOR,6,19.7,129.55,Month-to-month,No,Credit card (automatic),No internet service,No internet service,No,No
6789-HJBWG,0.3826534315226782,MEDIUM,ENGAGE,12,49.4,611.65,Month-to-month,DSL,Electronic check,No,No,Yes,No
2058-DCJBE,0.6719170049310422,HIGH,URGENT,5,69.75,324.6,Month-to-month,Fiber optic,Electronic check,No,No,Yes,Yes
8197-BFWVU,0.01440504710911082,LOW,MONITOR,72,93.25,6688.95,Two year,DSL,Bank transfer (automatic),Yes,Yes,Yes,No
2139-FQHLM,0.35066948454927066,MEDIUM,ENGAGE,19,89.95,1682.4,Month-to-month,Fiber optic,Mailed check,Yes,No,No,No
1047-NNCBF,0.3990869691709547,MEDIUM,ENGAGE,20,70.55,1493.55,Month-to-month,Fiber optic,Credit card (automatic),No,No,No,No
4462-CYWMH,0.28481434771929465,LOW,MONITOR,62,89.8,5629.55,Month-to-month,Fiber optic,Bank transfer (automatic),No,No,Yes,No
1866-NXPSP,0.050548101703163956,LOW,MONITOR,36,75.55,2680.15,One year,DSL,Mailed check,Yes,Yes,Yes,No
2650-GYRYL,0.02642709159952713,LOW,MONITOR,33,19.45,600.25,One year,No,Bank transfer (automatic),No internet service,No internet service,Yes,No
3800-LYTRK,0.0814729246499936,LOW,MONITOR,14,55.7,795.15,One year,DSL,Mailed check,Yes,Yes,No,No
2208-MPXIO,0.008155694449683944,LOW,MONITOR,45,20.0,886.4,Two year,No,Bank transfer (automatic),No internet service,No internet service,Yes,No
0619-OLYUR,0.05866781958560964,LOW,MONITOR,72,111.9,8071.05,Two year,Fiber optic,Credit card (automatic),Yes,Yes,Yes,No
7781-EWARA,0.029667953168313627,LOW,MONITOR,70,60.35,4138.7,One year,DSL,Electronic check,Yes,No,No,No
4635-EJYPD,0.010449601815057177,LOW,MONITOR,32,18.95,613.95,Two year,No,Mailed check,No internet service,No internet service,No,No
5176-LDKUH,0.1391182061002929,LOW,MONITOR,48,75.15,3772.65,One year,Fiber optic,Electronic check,No,No,No,No
0644-OQMDK,0.7163249491582423,HIGH,URGENT,4,70.65,293.85,Month-to-month,Fiber optic,Electronic check,No,No,Yes,No
2002-MZHWP,0.20236436212486125,LOW,MONITOR,1,20.5,20.5,Month-to-month,No,Mailed check,No internet service,No internet service,No,Yes
2039-JONDJ,0.05549225914452256,LOW,MONITOR,27,55.45,1477.65,One year,DSL,Bank transfer (automatic),No,Yes,No,No
7109-CQYUZ,0.027181717921136356,LOW,MONITOR,52,89.25,4652.4,Two year,DSL,Mailed check,Yes,Yes,Yes,No
3785-NRHYR,0.19351604618054144,LOW,MONITOR,1,19.65,19.65,Month-to-month,No,Mailed check,No internet service,No internet service,No,No
1625-JAIIY,0.14653805540575476,LOW,MONITOR,68,83.0,5685.8,One year,Fiber optic,Electronic check,No,No,Yes,Yes
0895-DQHEW,0.4161404672216249,MEDIUM,ENGAGE,54,104.3,5278.15,Month-to-month,Fiber optic,Electronic check,No,No,Yes,Yes
5429-LWCMV,0.7059517106796566,HIGH,URGENT,12,89.15,1057.55,Month-to-month,Fiber optic,Electronic check,No,No,Yes,No
3768-VHXQO,0.0033991124536954702,LOW,MONITOR,67,24.85,1583.5,Two year,No,Credit card (automatic),No internet service,No internet service,No,No
4824-GUCBY,0.3879936495050878,MEDIUM,ENGAGE,22,81.7,1820.9,Month-to-month,Fiber optic,Electronic check,No,Yes,No,No
8414-OOEEL,0.014738129153586185,LOW,MONITOR,66,79.5,5196.1,Two year,DSL,Credit card (automatic),Yes,No,Yes,No
2961-VNFKL,0.0040552758972664076,LOW,MONITOR,71,25.95,1801.9,Two year,No,Credit card (automatic),No internet service,No internet service,Yes,No
8129-GMVGI,0.0033711556480670916,LOW,MONITOR,56,20.05,1090.1,Two year,No,Mailed check,No internet service,No internet service,No,No
5726-CVNYA,0.046769291066558645,LOW,MONITOR,8,19.85,146.6,Two year,No,Mailed check,No internet service,No internet service,Yes,No
0872-CASZJ,0.033872427304706236,LOW,MONITOR,59,69.1,4096.9,One year,DSL,Mailed check,Yes,Yes,Yes,No
2612-RRIDN,0.7202622937283791,HIGH,URGENT,4,81.0,340.85,Month-to-month,Fiber optic,Electronic check,No,No,Yes,Yes
9589-ABEPT,0.047751787721073746,LOW,MONITOR,69,92.45,6460.55,Two year,Fiber optic,Mailed check,Yes,No,Yes,No
7055-HNEOJ,0.309840752903807,MEDIUM,ENGAGE,3,55.8,154.55,Month-to-month,DSL,Mailed check,Yes,No,Yes,No
0939-EREMR,0.1649383758352421,LOW,MONITOR,13,53.45,718.1,Month-to-month,DSL,Mailed check,Yes,No,No,No
8580-AECUZ,0.7659710026579001,HIGH,URGENT,1,79.1,79.1,Month-to-month,Fiber optic,Electronic check,No,No,Yes,Yes
6899-PPEEA,0.6622710776824656,HIGH,URGENT,37,96.55,3580.3,Month-to-month,Fiber optic,Electronic check,No,No,Yes,Yes
3785-KTYSH,0.006457603857624019,LOW,MONITOR,53,24.6,1279.0,Two year,No,Mailed check,No internet service,No internet service,No,No
0902-RFHOF,0.018676530627629296,LOW,MONITOR,38,20.1,730.1,One year,No,Mailed check,No internet service,No internet service,No,No
9725-SCPZG,0.7407448388936829,HIGH,URGENT,1,90.85,90.85,Month-to-month,Fiber optic,Electronic check,No,No,Yes,Yes
3714-XPXBW,0.12636402172765668,LOW,MONITOR,37,78.9,2976.95,Month-to-month,DSL,Credit card (automatic),Yes,Yes,Yes,No
1989-PRJHP,0.5824726434381753,MEDIUM,ENGAGE,27,75.5,1893.95,Month-to-month,Fiber optic,Electronic check,No,No,Yes,Yes
8329-GWVPJ,0.1951806530852755,LOW,MONITOR,50,69.75,3557.7,Month-to-month,Fiber optic,Bank transfer (automatic),No,No,Yes,No
2408-WITXK,0.6473293867292421,HIGH,URGENT,10,34.7,329.8,Month-to-month,DSL,Electronic check,No,No,Yes,Yes
6942-LBFDP,0.24221570643210508,LOW,MONITOR,2,20.55,33.6,Month-to-month,No,Mailed check,No internet service,No internet service,Yes,No
0595-ITUDF,0.16096060725272243,LOW,MONITOR,64,91.8,5960.5,Month-to-month,Fiber optic,Electronic check,No,Yes,Yes,No
3717-LNXKW,0.29564713285154554,LOW,MONITOR,38,91.7,3479.05,Month-to-month,Fiber optic,Bank transfer (automatic),No,Yes,No,No
9586-JGQKH,0.09086752555877124,LOW,MONITOR,64,105.4,6794.75,Two year,Fiber optic,Bank transfer (automatic),Yes,No,Yes,No
9102-IAYHT,0.66048764638461,HIGH,URGENT,17,85.45,1451.6,Month-to-month,Fiber optic,Electronic check,No,No,Yes,Yes
5294-IMHHT,0.12148077630170305,LOW,MONITOR,53,97.75,5043.2,One year,Fiber optic,Bank transfer (automatic),Yes,No,No,No
8328-SKJNO,0.061834113615053844,LOW,MONITOR,23,40.65,947.4,One year,DSL,Bank transfer (automatic),Yes,Yes,No,No
8512-WIWYV,0.027421829588344628,LOW,MONITOR,32,20.35,707.5,One year,No,Credit card (automatic),No internet service,No internet service,No,No
5996-NRVXR,0.12861398295893206,LOW,MONITOR,40,98.15,4116.8,One year,Fiber optic,Credit card (automatic),Yes,Yes,Yes,No
3923-CSIHK,0.3229659577386075,MEDIUM,ENGAGE,50,71.05,3444.85,Month-to-month,Fiber optic,Electronic check,No,No,Yes,Yes
9490-DFPMD,0.5432747651907219,MEDIUM,ENGAGE,42,84.65,3541.35,Month-to-month,Fiber optic,Electronic check,No,No,Yes,Yes
5133-VRSAB,0.3085523257173802,MEDIUM,ENGAGE,8,29.35,216.45,Month-to-month,DSL,Mailed check,No,Yes,No,No
4134-BSXLX,0.07695582609883674,LOW,MONITOR,28,60.9,1785.65,Month-to-month,DSL,Mailed check,Yes,Yes,No,No
5729-KLZAR,0.6281512970865464,HIGH,URGENT,4,80.85,302.75,Month-to-month,Fiber optic,Electronic check,No,No,No,Yes
4369-HTUIF,0.5703101374438238,MEDIUM,ENGAGE,6,85.15,503.6,Month-to-month,Fiber optic,Bank transfer (automatic),No,Yes,Yes,Yes
1320-REHCS,0.45458841340922407,MEDIUM,ENGAGE,52,110.75,5832.0,Month-to-month,Fiber optic,Electronic check,Yes,No,Yes,No
1585-MQSSU,0.18007070531953165,LOW,MONITOR,17,51.5,900.5,Month-to-month,DSL,Mailed check,Yes,No,No,Yes
0268-QKIWO,0.25426520621244264,LOW,MONITOR,3,19.75,58.85,Month-to-month,No,Electronic check,No internet service,No internet service,No,Yes
0968-GSIKN,0.6285695196610641,HIGH,URGENT,1,70.8,70.8,Month-to-month,Fiber optic,Mailed check,No,No,Yes,Yes
7249-WBIYX,0.7285983914811995,HIGH,URGENT,10,85.6,813.85,Month-to-month,Fiber optic,Electronic check,No,No,Yes,Yes
3442-ZHHCC,0.0297465507264725,LOW,MONITOR,68,76.9,5023.0,One year,DSL,Credit card (automatic),No,Yes,Yes,No
2876-GZYZC,0.7397616035459779,HIGH,URGENT,13,85.95,1215.65,Month-to-month,Fiber optic,Electronic check,No,No,Yes,No
5989-OMNJE,0.1456562991433467,LOW,MONITOR,24,57.6,1367.75,One year,DSL,Electronic check,No,Yes,No,No
5035-PGZXH,0.29357215687172117,LOW,MONITOR,56,106.8,5914.4,One year,Fiber optic,Electronic check,No,No,Yes,No
5651-WYIPH,0.285918824892244,LOW,MONITOR,18,49.85,865.75,Month-to-month,DSL,Credit card (automatic),No,No,Yes,No
1020-JPQOW,0.20276081708775123,LOW,MONITOR,56,90.55,5116.6,Month-to-month,Fiber optic,Electronic check,Yes,No,No,No
7233-PAHHL,0.016043506125411867,LOW,MONITOR,66,84.0,5714.25,Two year,DSL,Mailed check,Yes,Yes,Yes,No
5056-FIMPT,0.12850376488118084,LOW,MONITOR,43,106.0,4532.3,One year,Fiber optic,Credit card (automatic),Yes,Yes,Yes,No
0147-ESWWR,0.5857209057735575,MEDIUM,ENGAGE,39,101.25,3949.15,Month-to-month,Fiber optic,Electronic check,Yes,No,Yes,No
6904-JLBGY,0.06811970852299201,LOW,MONITOR,72,117.35,8436.25,Two year,Fiber optic,Credit card (automatic),Yes,Yes,Yes,No
8375-KVTHK,0.13609603674616075,LOW,MONITOR,68,100.3,6754.35,One year,Fiber optic,Electronic check,Yes,No,Yes,No
1035-IPQPU,0.42226183170616516,MEDIUM,ENGAGE,63,103.5,6479.4,Month-to-month,Fiber optic,Electronic check,No,No,Yes,No
5321-NTRKC,0.018978063820781377,LOW,MONITOR,66,79.85,5234.95,Two year,DSL,Bank transfer (automatic),No,No,No,No
9026-RNUJS,0.42456809903094356,MEDIUM,ENGAGE,5,50.35,237.25,Month-to-month,DSL,Electronic check,No,No,No,Yes
3855-ONCAR,0.5871687040087268,MEDIUM,ENGAGE,4,78.9,299.75,Month-to-month,Fiber optic,Mailed check,No,No,Yes,No
5619-XZZKR,0.09402001620374612,LOW,MONITOR,4,19.95,68.2,One year,No,Mailed check,No internet service,No internet service,No,No
6212-ATMLK,0.5251769743390136,MEDIUM,ENGAGE,50,95.7,4729.75,Month-to-month,Fiber optic,Electronic check,No,No,Yes,No
0133-BMFZO,0.5106551318448803,MEDIUM,ENGAGE,2,86.25,181.65,Month-to-month,Fiber optic,Electronic check,Yes,Yes,Yes,Yes
1110-KYLGQ,0.20011142941338694,LOW,MONITOR,63,108.25,6780.1,Month-to-month,Fiber optic,Credit card (automatic),No,Yes,No,No
2200-DSAAL,0.04195568578330274,LOW,MONITOR,68,80.65,5330.2,Two year,DSL,Electronic check,No,No,Yes,No
9961-JBNMK,0.5898989979853378,MEDIUM,ENGAGE,21,96.8,2030.3,Month-to-month,Fiber optic,Bank transfer (automatic),No,No,Yes,Yes
2391-IPLOP,0.07092984421295193,LOW,MONITOR,50,69.65,3442.15,One year,DSL,Electronic check,Yes,No,Yes,No
