"customer_id","churn_probability","risk_level","retention_priority","tenure","MonthlyCharges","TotalCharges","Contract","InternetService","PaymentMethod","TechSupport","OnlineSecurity","PaperlessBilling","actual_churn"
"8406-LNMHF","67649","LOW","MONITOR","59","82.95","4903.15","One year","Fiber optic","Credit card (automatic)","No","Yes","Yes","No"
"9488-FYQAU","86614","LOW","MONITOR","63","109.25","6841.4","Two year","Fiber optic","Bank transfer (automatic)","Yes","No","Yes","No"
"0114-IGABW","13153","LOW","MONITOR","71","58.25","4145.9","Two year","DSL","Bank transfer (automatic)","Yes","No","No","No"
"7802-EFKNY","596781","MEDIUM","ENGAGE","5","24.95","100.4","Month-to-month","DSL","Electronic check","No","No","Yes","Yes"
"7503-EPSZW","4247","LOW","MONITOR","64","24.05","1559.15","Two year","No","Mailed check","No internet service","No internet service","Yes","No"
"5386-THSLQ","31766","LOW","MONITOR","66","45.55","3027.25","One year","DSL","Bank transfer (automatic)","No","No","No","No"
"4291-SHSBH","658748","HIGH","URGENT","7","69.55","521.35","Month-to-month","Fiber optic","Electronic check","No","No","Yes","No"
"0042-RLHYP","1886","LOW","MONITOR","69","19.7","1396.9","Two year","No","Bank transfer (automatic)","No internet service","No internet service","No","No"
"5863-OOKCL","137027","LOW","MONITOR","10","18.85","163.2","Month-to-month","No","Mailed check","No internet service","No internet service","No","No"
"2607-FBDFF","307822","MEDIUM","ENGAGE","1","49.0","49.0","Month-to-month","DSL","Credit card (automatic)","Yes","No","No","No"
"9079-LWTFD","175755","LOW","MONITOR","47","100.75","4669.2","Month-to-month","Fiber optic","Mailed check","Yes","Yes","No","No"
"6429-SHBCB","358526","MEDIUM","ENGAGE","19","69.6","1394.55","Month-to-month","DSL","Mailed check","No","No","No","No"
"3137-LUPIX","445250","MEDIUM","ENGAGE","4","64.4","253.0","Month-to-month","DSL","Mailed check","Yes","No","Yes","No"
"5206-HPJKM","190728","LOW","MONITOR","17","55.5","934.15","Month-to-month","DSL","Credit card (automatic)","No","Yes","Yes","No"
"9199-PWQVC","48073","LOW","MONITOR","63","79.7","4786.15","One year","DSL","Credit card (automatic)","No","Yes","Yes","No"
"6171-ZTVYB","63946","LOW","MONITOR","43","66.25","2907.35","Month-to-month","DSL","Bank transfer (automatic)","Yes","Yes","No","No"
"1456-TWCGB","293484","LOW","MONITOR","4","49.25","208.45","Month-to-month","DSL","Mailed check","No","No","No","No"
"3313-QKNKB","181534","LOW","MONITOR","59","85.55","5084.65","One year","Fiber optic","Electronic check","No","No","No","Yes"
"8232-CTLKO","14937","LOW","MONITOR","66","59.75","3996.8","Two year","DSL","Electronic check","No","Yes","Yes","No"
"2984-AFWNC","686412","HIGH","URGENT","3","95.4","293.15","Month-to-month","Fiber optic","Electronic check","No","No","No","No"
"3623-FQBOX","105326","LOW","MONITOR","21","19.95","416.4","Month-to-month","No","Mailed check","No internet service","No internet service","Yes","No"
"7812-FZHPE","108619","LOW","MONITOR","17","24.1","409.9","Month-to-month","No","Mailed check","No internet service","No internet service","No","Yes"
"2233-FAGXV","225471","LOW","MONITOR","5","24.3","132.25","Month-to-month","No","Mailed check","No internet service","No internet service","Yes","No"
"1091-SOZGA","201166","LOW","MONITOR","56","99.8","5515.45","One year","Fiber optic","Credit card (automatic)","No","No","Yes","No"
"0754-UKWQP","751377","HIGH","URGENT","2","95.85","197.7","Month-to-month","Fiber optic","Electronic check","No","No","Yes","Yes"
"7980-MHFLQ","2249","LOW","MONITOR","72","24.9","1859.2","Two year","No","Mailed check","No internet service","No internet service","No","No"
"5847-MXBEO","41223","LOW","MONITOR","22","20.3","475.1","One year","No","Mailed check","No internet service","No internet service","No","No"
"5003-XZWWO","16059","LOW","MONITOR","71","84.2","5956.85","Two year","DSL","Credit card (automatic)","Yes","No","No","No"
"8215-NGSPE","6784","LOW","MONITOR","42","20.0","833.55","Two year","No","Mailed check","No internet service","No internet service","No","No"
"6087-YPWHO","4901","LOW","MONITOR","72","68.15","4808.7","Two year","DSL","Mailed check","Yes","Yes","No","No"
"6461-SZMCV","12394","LOW","MONITOR","71","87.95","6365.35","Two year","DSL","Bank transfer (automatic)","Yes","Yes","No","No"
"9953-ZMKSM","4037","LOW","MONITOR","63","25.25","1559.3","Two year","No","Mailed check","No internet service","No internet service","No","No"
"6839-ITVZJ","228889","LOW","MONITOR","26","60.05","1616.15","Month-to-month","DSL","Electronic check","Yes","No","Yes","Yes"
"6000-UKLWI","8407","LOW","MONITOR","41","20.15","802.35","Two year","No","Mailed check","No internet service","No internet service","No","No"
"0708-SJDIS","161862","LOW","MONITOR","34","65.0","2157.5","Month-to-month","DSL","Mailed check","Yes","No","No","No"
"3751-KTZEL","546767","MEDIUM","ENGAGE","1","35.05","35.05","Month-to-month","DSL","Mailed check","No","No","No","Yes"
"5245-VDBUR","28368","LOW","MONITOR","52","35.45","1958.95","One year","DSL","Mailed check","No","Yes","No","No"
"9314-QDMDW","277659","LOW","MONITOR","11","61.25","729.95","One year","DSL","Electronic check","No","No","Yes","No"
"2187-LZGPL","526222","MEDIUM","ENGAGE","7","40.1","293.3","Month-to-month","DSL","Credit card (automatic)","No","No","Yes","Yes"
"3588-WSTTJ","588948","MEDIUM","ENGAGE","35","99.05","3554.6","Month-to-month","Fiber optic","Electronic check","No","Yes","Yes","No"
"6035-BXTTY","117516","LOW","MONITOR","32","54.65","1830.1","Month-to-month","DSL","Bank transfer (automatic)","Yes","No","No","No"
"8292-ITGYJ","11386","LOW","MONITOR","45","24.65","1138.8","Two year","No","Bank transfer (automatic)","No internet service","No internet service","Yes","No"
"4163-NCJAK","24569","LOW","MONITOR","46","24.45","1066.15","One year","No","Bank transfer (automatic)","No internet service","No internet service","Yes","No"
"4389-UEFCZ","95262","LOW","MONITOR","72","105.5","7544.0","Two year","Fiber optic","Electronic check","No","Yes","Yes","No"
"5442-PPTJY","28236","LOW","MONITOR","12","19.7","258.35","Two year","No","Mailed check","No internet service","No internet service","No","No"
"5680-LQOGP","12597","LOW","MONITOR","68","82.45","5646.6","Two year","DSL","Credit card (automatic)","Yes","Yes","Yes","No"
"6574-MCOEH","163863","LOW","MONITOR","33","79.15","2531.4","One year","DSL","Electronic check","Yes","No","Yes","No"
"9501-UKKNL","154100","LOW","MONITOR","59","51.7","3005.8","Month-to-month","DSL","Electronic check","Yes","No","Yes","No"
"1427-VERSM","333896","MEDIUM","ENGAGE","56","98.7","5669.5","Month-to-month","Fiber optic","Electronic check","Yes","No","Yes","No"
"1215-FIGMP","262798","LOW","MONITOR","60","89.9","5450.7","Month-to-month","Fiber optic","Bank transfer (automatic)","No","No","Yes","No"
"2501-XWWTZ","555466","MEDIUM","ENGAGE","11","70.2","760.05","Month-to-month","Fiber optic","Electronic check","No","No","No","No"
"5832-TRLPB","127004","LOW","MONITOR","29","75.35","2243.9","One year","DSL","Bank transfer (automatic)","Yes","No","Yes","No"
"6266-QHOJZ","87336","LOW","MONITOR","65","89.85","5844.65","One year","Fiber optic","Electronic check","Yes","Yes","Yes","No"
"8679-JOEVF","337783","MEDIUM","ENGAGE","16","59.4","1023.9","Month-to-month","DSL","Electronic check","Yes","No","No","Yes"
"5569-OUICF","578494","MEDIUM","ENGAGE","28","101.3","2812.2","Month-to-month","Fiber optic","Credit card (automatic)","Yes","No","Yes","Yes"
"0666-UXTJO","413182","MEDIUM","ENGAGE","34","85.2","2874.45","Month-to-month","Fiber optic","Credit card (automatic)","No","No","Yes","No"
"4837-PZTIC","14759","LOW","MONITOR","47","41.9","1875.25","Two year","DSL","Mailed check","Yes","Yes","No","No"
"9605-WGJVW","746331","HIGH","URGENT","1","70.2","70.2","Month-to-month","Fiber optic","Electronic check","No","No","Yes","No"
"4195-SMMNX","186297","LOW","MONITOR","2","20.35","33.2","Month-to-month","No","Mailed check","No internet service","No internet service","No","Yes"
"5849-ASHZJ","28425","LOW","MONITOR","27","20.05","552.9","One year","No","Credit card (automatic)","No internet service","No internet service","No","No"
"7623-HKYRK","133148","LOW","MONITOR","6","19.7","111.65","Month-to-month","No","Mailed check","No internet service","No internet service","No","No"
"7823-JSOAG","687125","HIGH","URGENT","3","74.5","217.45","Month-to-month","Fiber optic","Electronic check","No","No","No","No"
"3318-ISQFQ","120925","LOW","MONITOR","20","19.5","413.0","Month-to-month","No","Bank transfer (automatic)","No internet service","No internet service","Yes","No"
"5236-XMZJY","59569","LOW","MONITOR","42","59.65","2536.55","Month-to-month","DSL","Bank transfer (automatic)","No","Yes","No","No"
"7623-TRNQN","313418","MEDIUM","ENGAGE","1","49.9","49.9","Month-to-month","DSL","Mailed check","Yes","No","Yes","Yes"
"4301-VVZKA","644334","HIGH","URGENT","16","75.4","1189.4","Month-to-month","Fiber optic","Electronic check","No","No","Yes","No"
"5140-FOMCQ","161518","LOW","MONITOR","59","109.15","6557.75","One year","Fiber optic","Credit card (automatic)","No","Yes","Yes","No"
"8676-OOQEJ","476543","MEDIUM","ENGAGE","4","30.5","118.4","Month-to-month","DSL","Electronic check","Yes","No","No","No"
"1724-IQWNM","207048","LOW","MONITOR","1","19.3","19.3","Month-to-month","No","Mailed check","No internet service","No internet service","Yes","No"
"5457-COLHT","7585","LOW","MONITOR","69","80.65","5542.55","Two year","DSL","Bank transfer (automatic)","Yes","Yes","No","No"
"2108-XWMPY","391416","MEDIUM","ENGAGE","3","35.45","106.85","Month-to-month","DSL","Mailed check","No","Yes","Yes","Yes"
"6823-SIDFQ","32050","LOW","MONITOR","28","18.25","534.7","One year","No","Credit card (automatic)","No internet service","No internet service","No","No"
"0565-IYCGT","22691","LOW","MONITOR","69","78.6","5356.45","One year","DSL","Credit card (automatic)","Yes","Yes","Yes","Yes"
"9964-WBQDJ","3934","LOW","MONITOR","71","24.4","1725.4","Two year","No","Credit card (automatic)","No internet service","No internet service","Yes","No"
"0650-BWOZN","575549","MEDIUM","ENGAGE","18","73.55","1359.45","Month-to-month","Fiber optic","Electronic check","No","No","Yes","No"
"2694-CIUMO","549042","MEDIUM","ENGAGE","12","79.55","958.25","Month-to-month","Fiber optic","Credit card (automatic)","Yes","No","Yes","No"
"8625-AZYZY","643067","HIGH","URGENT","24","104.65","2542.45","Month-to-month","Fiber optic","Electronic check","No","No","Yes","Yes"
"8070-AAWZP","198692","LOW","MONITOR","24","34.25","828.2","Month-to-month","DSL","Mailed check","Yes","No","No","No"
"7074-STDCN","236591","LOW","MONITOR","39","40.6","1494.5","Month-to-month","DSL","Electronic check","Yes","No","Yes","No"
"7706-DZNKK","172786","LOW","MONITOR","11","20.45","237.3","Month-to-month","No","Credit card (automatic)","No internet service","No internet service","Yes","No"
"3511-BFTJW","4295","LOW","MONITOR","72","38.5","2763.0","Two year","DSL","Credit card (automatic)","No","Yes","No","No"
"1936-CZAKF","39417","LOW","MONITOR","49","49.65","2409.9","Two year","DSL","Credit card (automatic)","No","No","No","No"
"0670-KDOMA","251433","LOW","MONITOR","1","20.25","20.25","Month-to-month","No","Mailed check","No internet service","No internet service","Yes","No"
"0725-CXOTM","113240","LOW","MONITOR","36","89.65","3348.1","One year","DSL","Credit card (automatic)","Yes","Yes","Yes","No"
"2451-YMUXS","10473","LOW","MONITOR","67","64.55","4250.1","Two year","DSL","Bank transfer (automatic)","Yes","Yes","Yes","No"
"7246-ZGQDF","265358","LOW","MONITOR","1","54.5","54.5","Month-to-month","DSL","Electronic check","Yes","Yes","No","No"
"8165-ZJRNM","2247","LOW","MONITOR","72","23.75","1679.25","Two year","No","Bank transfer (automatic)","No internet service","No internet service","No","No"
"3948-FVVRP","168832","LOW","MONITOR","9","54.8","452.8","Month-to-month","DSL","Mailed check","Yes","No","No","No"
"5296-PSYVW","3950","LOW","MONITOR","72","24.55","1750.7","Two year","No","Electronic check","No internet service","No internet service","No","No"
"0804-XBFBV","429741","MEDIUM","ENGAGE","11","25.2","321.05","Month-to-month","DSL","Electronic check","No","No","No","No"
"1658-XUHBX","286505","LOW","MONITOR","59","88.75","5348.65","Month-to-month","Fiber optic","Credit card (automatic)","No","No","Yes","No"
"7216-KAOID","13699","LOW","MONITOR","41","19.5","798.2","One year","No","Bank transfer (automatic)","No internet service","No internet service","No","No"
"3585-YNADK","36789","LOW","MONITOR","57","74.6","4368.95","One year","DSL","Bank transfer (automatic)","Yes","No","No","No"
"5222-IMUKT","499017","MEDIUM","ENGAGE","32","91.05","2871.5","Month-to-month","Fiber optic","Electronic check","No","No","No","No"
"9048-JVYVF","524624","MEDIUM","ENGAGE","3","69.35","191.35","Month-to-month","DSL","Electronic check","Yes","No","Yes","Yes"
"9574-BOSMD","2650","LOW","MONITOR","68","25.4","1620.2","Two year","No","Bank transfer (automatic)","No internet service","No internet service","No","No"
"1231-YNDEK","4896","LOW","MONITOR","58","19.15","1035.5","Two year","No","Bank transfer (automatic)","No internet service","No internet service","Yes","No"
"5949-EBSQK","283265","LOW","MONITOR","4","61.45","229.55","Month-to-month","DSL","Credit card (automatic)","Yes","No","No","Yes"
"7945-HLKEA","28195","LOW","MONITOR","60","64.75","4039.5","One year","DSL","Electronic check","Yes","Yes","No","No"
"1306-RPWXZ","5333","LOW","MONITOR","49","20.45","1024.65","Two year","No","Credit card (automatic)","No internet service","No internet service","No","No"
"2485-ITVKB","690313","HIGH","URGENT","2","35.1","68.75","Month-to-month","DSL","Electronic check","No","No","Yes","Yes"
"2429-AYKKO","1912","LOW","MONITOR","72","19.85","1434.1","Two year","No","Bank transfer (automatic)","No internet service","No internet service","No","No"
"5032-USPKF","81520","LOW","MONITOR","38","84.1","3187.65","One year","DSL","Bank transfer (automatic)","No","Yes","No","No"
"8701-DGLVH","5193","LOW","MONITOR","51","20.45","1042.65","Two year","No","Mailed check","No internet service","No internet service","No","No"
"2126-GSEGL","23048","LOW","MONITOR","70","84.8","5917.55","Two year","DSL","Bank transfer (automatic)","Yes","No","Yes","No"
"4896-CPRPF","13026","LOW","MONITOR","35","25.45","809.25","Two year","No","Bank transfer (automatic)","No internet service","No internet service","No","No"
"8884-MRNSU","44091","LOW","MONITOR","17","19.9","329.75","One year","No","Bank transfer (automatic)","No internet service","No internet service","No","No"
"7013-PSXHK","118481","LOW","MONITOR","40","80.75","3208.65","One year","DSL","Mailed check","Yes","No","Yes","No"
"7562-GSUHK","525177","MEDIUM","ENGAGE","16","93.2","1573.7","Month-to-month","Fiber optic","Credit card (automatic)","No","No","Yes","Yes"
"9360-OMDZZ","696893","HIGH","URGENT","24","94.1","2322.85","Month-to-month","Fiber optic","Electronic check","No","No","Yes","No"
"4690-LLKUA","394048","MEDIUM","ENGAGE","17","45.05","770.6","Month-to-month","DSL","Electronic check","No","No","Yes","Yes"
"1716-LSAMB","10496","LOW","MONITOR","45","54.65","2553.7","Two year","DSL","Bank transfer (automatic)","Yes","Yes","No","No"
"6421-SZVEM","192630","LOW","MONITOR","28","82.85","2320.8","One year","Fiber optic","Bank transfer (automatic)","No","Yes","Yes","No"
"9036-CSKBW","151581","LOW","MONITOR","51","107.45","5680.9","One year","Fiber optic","Bank transfer (automatic)","No","Yes","No","No"
"2077-DDHJK","7168","LOW","MONITOR","68","70.9","4911.35","Two year","DSL","Credit card (automatic)","Yes","Yes","No","No"
"8749-TZYEC","2789","LOW","MONITOR","72","24.8","1874.3","Two year","No","Credit card (automatic)","No internet service","No internet service","No","No"
"9931-KGHOA","78565","LOW","MONITOR","46","55.0","2473.95","Month-to-month","DSL","Bank transfer (automatic)","No","Yes","No","No"
"7593-JNWRU","335390","MEDIUM","ENGAGE","6","44.6","260.8","Month-to-month","DSL","Bank transfer (automatic)","No","No","Yes","Yes"
"0774-RMNUW","8177","LOW","MONITOR","71","59.7","4122.65","Two year","DSL","Bank transfer (automatic)","Yes","Yes","No","No"
"1086-LXKFY","573504","MEDIUM","ENGAGE","1","69.1","69.1","Month-to-month","Fiber optic","Mailed check","No","No","Yes","Yes"
"7614-QVWQL","82635","LOW","MONITOR","49","51.8","2541.25","One year","DSL","Bank transfer (automatic)","No","No","Yes","Yes"
"2474-LCNUE","341574","MEDIUM","ENGAGE","23","73.65","1642.75","Month-to-month","DSL","Credit card (automatic)","Yes","No","Yes","No"
"2995-YWTCD","38852","LOW","MONITOR","19","24.9","467.7","Two year","No","Bank transfer (automatic)","No internet service","No internet service","Yes","No"
"2604-IJPDU","413092","MEDIUM","ENGAGE","20","96.55","1901.65","Month-to-month","Fiber optic","Electronic check","Yes","Yes","Yes","No"
"3512-IZIKN","7281","LOW","MONITOR","70","65.3","4759.75","Two year","DSL","Credit card (automatic)","Yes","Yes","No","Yes"
"8780-YRMTT","8276","LOW","MONITOR","66","47.4","3177.25","Two year","DSL","Mailed check","Yes","Yes","Yes","No"
"3144-AUDBS","405426","MEDIUM","ENGAGE","6","49.15","270.8","Month-to-month","DSL","Electronic check","Yes","No","Yes","Yes"
"6425-YQLLO","186611","LOW","MONITOR","66","105.95","6975.25","One year","Fiber optic","Credit card (automatic)","Yes","No","Yes","Yes"
"5186-PEIZU","45669","LOW","MONITOR","35","19.25","617.65","Month-to-month","No","Bank transfer (automatic)","No internet service","No internet service","No","No"
"4083-BFNYK","190314","LOW","MONITOR","38","95.0","3591.25","One year","Fiber optic","Credit card (automatic)","No","Yes","No","No"
"1984-FCOWB","181048","LOW","MONITOR","70","109.5","7674.55","One year","Fiber optic","Electronic check","Yes","No","Yes","Yes"
"0164-XAIRP","28219","LOW","MONITOR","24","19.55","470.2","Two year","No","Bank transfer (automatic)","No internet service","No internet service","Yes","No"
"3339-EAQNV","167656","LOW","MONITOR","72","97.25","7133.1","One year","Fiber optic","Credit card (automatic)","No","No","Yes","No"
"4198-VFOEA","165271","LOW","MONITOR","12","33.6","435.45","One year","DSL","Mailed check","Yes","Yes","Yes","No"
"6260-XLACS","95010","LOW","MONITOR","4","19.7","117.8","One year","No","Mailed check","No internet service","No internet service","No","No"
"4109-CYRBD","342167","MEDIUM","ENGAGE","29","51.6","1442.0","Month-to-month","DSL","Electronic check","No","No","Yes","No"
"0383-CLDDA","20059","LOW","MONITOR","69","85.35","5897.4","Two year","DSL","Credit card (automatic)","Yes","Yes","Yes","No"
"3871-IKPYH","676866","HIGH","URGENT","1","69.1","69.1","Month-to-month","Fiber optic","Electronic check","No","No","No","Yes"
"7446-YPODE","258375","LOW","MONITOR","11","60.25","662.95","Month-to-month","DSL","Bank transfer (automatic)","No","Yes","No","No"
"5781-RFZRP","8416","LOW","MONITOR","71","73.5","5357.75","Two year","DSL","Credit card (automatic)","Yes","Yes","No","No"
"7905-NJMXS","297756","LOW","MONITOR","7","64.2","475.0","Month-to-month","DSL","Electronic check","Yes","Yes","No","No"
"8226-BXGES","54253","LOW","MONITOR","64","89.45","5692.65","One year","Fiber optic","Bank transfer (automatic)","No","Yes","No","No"
"2205-LPVGL","68503","LOW","MONITOR","58","89.85","5125.75","One year","Fiber optic","Bank transfer (automatic)","Yes","Yes","Yes","No"
"3896-RCYYE","82506","LOW","MONITOR","67","53.4","3579.15","Month-to-month","DSL","Credit card (automatic)","Yes","No","Yes","No"
"6680-WKXRZ","620013","HIGH","URGENT","3","74.4","215.8","Month-to-month","Fiber optic","Bank transfer (automatic)","No","No","No","Yes"
"0231-LXVAP","643010","HIGH","URGENT","1","75.9","75.9","Month-to-month","Fiber optic","Electronic check","Yes","No","Yes","Yes"
"4495-LHSSK","179012","LOW","MONITOR","18","57.65","992.7","Month-to-month","DSL","Mailed check","No","Yes","No","No"
"6710-HSJRD","379904","MEDIUM","ENGAGE","61","114.1","7132.15","Month-to-month","Fiber optic","Electronic check","Yes","No","Yes","No"
"3831-YCPUO","31180","LOW","MONITOR","72","109.5","7854.9","Two year","Fiber optic","Credit card (automatic)","Yes","Yes","Yes","No"
"7279-NMVJC","56798","LOW","MONITOR","17","19.9","323.15","One year","No","Bank transfer (automatic)","No internet service","No internet service","No","No"
"4116-TZAQJ","473158","MEDIUM","ENGAGE","9","74.25","639.65","Month-to-month","Fiber optic","Credit card (automatic)","No","Yes","Yes","Yes"
"7319-ZNRTR","41034","LOW","MONITOR","25","19.6","411.15","One year","No","Electronic check","No internet service","No internet service","No","No"
"4360-QRAVE","194309","LOW","MONITOR","37","36.65","1315.0","Month-to-month","DSL","Electronic check","No","No","No","No"
"1268-ASBGA","672174","HIGH","URGENT","16","85.35","1375.15","Month-to-month","Fiber optic","Credit card (automatic)","No","No","Yes","Yes"
"4001-TSBTV","249467","LOW","MONITOR","58","91.55","5511.65","Month-to-month","Fiber optic","Electronic check","No","No","Yes","No"
"6641-XRPSU","352864","MEDIUM","ENGAGE","34","70.0","2416.1","Month-to-month","Fiber optic","Credit card (automatic)","No","No","Yes","Yes"
"9426-SXNHE","201825","LOW","MONITOR","2","18.75","53.15","Month-to-month","No","Bank transfer (automatic)","No internet service","No internet service","No","No"
"8149-RSOUN","825648","HIGH","URGENT","1","93.85","93.85","Month-to-month","Fiber optic","Electronic check","No","No","Yes","Yes"
"8160-HOWOX","575798","MEDIUM","ENGAGE","7","66.85","458.1","Month-to-month","DSL","Electronic check","No","No","Yes","No"
"7517-SAWMO","464705","MEDIUM","ENGAGE","19","73.2","1441.1","Month-to-month","Fiber optic","Electronic check","No","Yes","Yes","Yes"
"3170-GWYKC","186056","LOW","MONITOR","60","104.95","6236.75","Month-to-month","Fiber optic","Bank transfer (automatic)","Yes","Yes","Yes","No"
"8397-MVTAZ","613018","HIGH","URGENT","34","100.05","3480.0","Month-to-month","Fiber optic","Electronic check","No","No","Yes","Yes"
"4827-LTQRJ","112475","LOW","MONITOR","66","110.6","7210.85","One year","Fiber optic","Credit card (automatic)","Yes","Yes","Yes","No"
"9313-CDOGY","43171","LOW","MONITOR","38","19.6","717.3","Month-to-month","No","Electronic check","No internet service","No internet service","No","No"
"9134-CEQMF","767710","HIGH","URGENT","7","89.5","676.7","Month-to-month","Fiber optic","Electronic check","No","No","Yes","Yes"
"9158-VCTQB","310936","MEDIUM","ENGAGE","41","113.6","4594.95","Month-to-month","Fiber optic","Bank transfer (automatic)","Yes","Yes","Yes","Yes"
"2229-VWQJH","222577","LOW","MONITOR","24","49.3","1233.25","Month-to-month","DSL","Credit card (automatic)","No","No","Yes","No"
"0117-LFRMW","74603","LOW","MONITOR","37","40.2","1448.8","Month-to-month","DSL","Bank transfer (automatic)","No","Yes","No","Yes"
"8735-IJJEG","231597","LOW","MONITOR","14","50.2","668.85","Month-to-month","DSL","Credit card (automatic)","No","No","No","No"
"0323-XWWTN","76511","LOW","MONITOR","3","26.4","121.25","Two year","No","Mailed check","No internet service","No internet service","Yes","No"
"1891-FZYSA","296689","LOW","MONITOR","69","89.95","6143.15","Month-to-month","Fiber optic","Electronic check","No","No","Yes","Yes"
"4373-MAVJG","566162","MEDIUM","ENGAGE","14","90.9","1259.0","Month-to-month","Fiber optic","Bank transfer (automatic)","No","No","Yes","Yes"
"6258-NGCNG","189618","LOW","MONITOR","7","23.5","173.0","Month-to-month","No","Mailed check","No internet service","No internet service","No","No"
"8265-HKSOW","25558","LOW","MONITOR","72","107.45","7658.3","Two year","Fiber optic","Credit card (automatic)","Yes","Yes","No","No"
"0003-MKNFE","397259","MEDIUM","ENGAGE","9","59.9","542.4","Month-to-month","DSL","Mailed check","No","No","No","No"
"6508-NJYRO","55112","LOW","MONITOR","15","18.8","294.95","One year","No","Mailed check","No internet service","No internet service","No","No"
"1389-CXMLU","735216","HIGH","URGENT","3","91.05","289.1","Month-to-month","Fiber optic","Electronic check","No","No","No","Yes"
"1143-NMNQJ","797528","HIGH","URGENT","2","85.7","169.8","Month-to-month","Fiber optic","Electronic check","No","No","Yes","Yes"
"4385-GZQXV","669094","HIGH","URGENT","16","94.45","1511.2","Month-to-month","Fiber optic","Electronic check","Yes","No","Yes","Yes"
"9774-NRNAU","293105","LOW","MONITOR","27","84.8","2309.55","Month-to-month","DSL","Bank transfer (automatic)","Yes","No","Yes","No"
"7771-ZONAT","99034","LOW","MONITOR","22","56.75","1304.85","Two year","DSL","Bank transfer (automatic)","Yes","No","No","No"
"0621-HJWXJ","192706","LOW","MONITOR","63","81.55","5029.05","Month-to-month","Fiber optic","Bank transfer (automatic)","No","No","Yes","No"
"7969-AULMZ","733974","HIGH","URGENT","21","97.35","2119.5","Month-to-month","Fiber optic","Electronic check","No","No","Yes","Yes"
"5160-UXJED","101598","LOW","MONITOR","17","44.6","681.4","One year","DSL","Mailed check","No","No","No","No"
"9480-BQJEI","106005","LOW","MONITOR","62","92.3","5731.45","One year","Fiber optic","Bank transfer (automatic)","No","Yes","Yes","No"
"1171-TYKUR","47005","LOW","MONITOR","47","25.4","1139.2","Month-to-month","No","Electronic check","No internet service","No internet service","No","No"
"8757-TFHHJ","346748","MEDIUM","ENGAGE","1","49.8","49.8","Month-to-month","DSL","Credit card (automatic)","No","Yes","Yes","No"
"1970-KKFWL","16683","LOW","MONITOR","35","23.3","797.1","Two year","No","Bank transfer (automatic)","No internet service","No internet service","No","No"
"2749-CTKAJ","32903","LOW","MONITOR","22","20.15","419.9","One year","No","Mailed check","No internet service","No internet service","No","No"
"9714-EDSUC","431065","MEDIUM","ENGAGE","4","94.9","360.55","Month-to-month","Fiber optic","Mailed check","Yes","Yes","Yes","No"
"1790-NESIO","45756","LOW","MONITOR","13","20.4","261.3","Two year","No","Mailed check","No internet service","No internet service","Yes","No"
"4750-UKWJK","23505","LOW","MONITOR","37","19.6","727.8","One year","No","Mailed check","No internet service","No internet service","No","No"
"3454-JFUBC","3703","LOW","MONITOR","68","20.0","1396.0","Two year","No","Credit card (automatic)","No internet service","No internet service","Yes","No"
"1809-DMJHQ","290308","LOW","MONITOR","5","46.0","221.7","Month-to-month","DSL","Mailed check","No","No","No","Yes"
"7089-IVVAZ","581665","MEDIUM","ENGAGE","8","103.35","847.3","Month-to-month","Fiber optic","Bank transfer (automatic)","Yes","Yes","Yes","Yes"
"5364-EVNIB","541453","MEDIUM","ENGAGE","13","79.8","973.45","Month-to-month","Fiber optic","Electronic check","No","No","Yes","Yes"
"9378-FXTIZ","99693","LOW","MONITOR","54","70.15","3715.65","One year","DSL","Credit card (automatic)","No","No","Yes","Yes"
"2091-RFFBA","564901","MEDIUM","ENGAGE","31","73.9","2217.15","Month-to-month","Fiber optic","Electronic check","No","No","Yes","Yes"
"4397-FRLTA","179150","LOW","MONITOR","4","20.15","84.5","Month-to-month","No","Mailed check","No internet service","No internet service","No","No"
"9680-NIAUV","43852","LOW","MONITOR","72","109.7","8129.3","Two year","Fiber optic","Credit card (automatic)","No","Yes","No","No"
"3724-BSCVH","59252","LOW","MONITOR","10","20.45","242.4","One year","No","Mailed check","No internet service","No internet service","No","No"
"5485-WUYWF","319639","MEDIUM","ENGAGE","2","66.4","94.55","Month-to-month","DSL","Bank transfer (automatic)","No","Yes","No","Yes"
"4412-YLTKF","584574","MEDIUM","ENGAGE","27","78.05","2135.5","Month-to-month","Fiber optic","Electronic check","No","No","Yes","Yes"
"9227-YBAXE","15414","LOW","MONITOR","65","82.5","5215.1","Two year","DSL","Bank transfer (automatic)","Yes","Yes","Yes","No"
"4946-EDSEW","138924","LOW","MONITOR","11","19.25","180.3","Month-to-month","No","Mailed check","No internet service","No internet service","Yes","Yes"
"8981-FJGLA","519677","MEDIUM","ENGAGE","11","78.0","851.8","Month-to-month","Fiber optic","Mailed check","No","No","Yes","No"
"3583-EKAPL","575789","MEDIUM","ENGAGE","1","55.0","55.0","Month-to-month","DSL","Electronic check","No","No","Yes","Yes"
"6567-HOOPW","774929","HIGH","URGENT","1","79.2","79.2","Month-to-month","Fiber optic","Electronic check","No","No","Yes","Yes"
"9110-HSGTV","14228","LOW","MONITOR","69","82.45","5555.3","Two year","DSL","Credit card (automatic)","Yes","Yes","Yes","No"
"0319-QZTCO","378586","MEDIUM","ENGAGE","3","58.7","168.6","Month-to-month","DSL","Credit card (automatic)","No","No","Yes","No"
"2840-XANRC","634346","HIGH","URGENT","24","93.15","2231.05","Month-to-month","Fiber optic","Electronic check","No","No","Yes","Yes"
"3873-NFTGI","342683","MEDIUM","ENGAGE","14","55.5","767.55","Month-to-month","DSL","Credit card (automatic)","No","No","Yes","No"
"5288-AHOUP","707386","HIGH","URGENT","11","78.5","874.2","Month-to-month","Fiber optic","Electronic check","No","No","Yes","No"
"6521-YYTYI","786838","HIGH","URGENT","1","93.3","93.3","Month-to-month","Fiber optic","Electronic check","No","No","Yes","Yes"
"9522-BNTHX","390715","MEDIUM","ENGAGE","34","56.25","1765.95","Month-to-month","DSL","Electronic check","No","No","Yes","No"
"3452-ABWRL","403681","MEDIUM","ENGAGE","47","86.05","3865.6","Month-to-month","Fiber optic","Credit card (automatic)","No","No","Yes","No"
"8859-DZTGQ","12641","LOW","MONITOR","33","20.35","689.75","Two year","No","Mailed check","No internet service","No internet service","No","No"
"0329-GTIAJ","682477","HIGH","URGENT","3","97.9","315.3","Month-to-month","Fiber optic","Electronic check","Yes","No","Yes","Yes"
"7993-NQLJE","286215","LOW","MONITOR","15","75.1","1151.55","Month-to-month","Fiber optic","Mailed check","No","Yes","No","No"
"6016-LVTJQ","38347","LOW","MONITOR","34","20.65","716.4","Month-to-month","No","Mailed check","No internet service","No internet service","No","No"
"5859-HZYLF","19922","LOW","MONITOR","26","19.15","515.75","Two year","No","Credit card (automatic)","No internet service","No internet service","Yes","No"
"6008-NAIXK","122426","LOW","MONITOR","54","55.45","2966.95","One year","DSL","Electronic check","No","No","Yes","No"
"8938-UMKPI","523409","MEDIUM","ENGAGE","47","106.4","5127.95","Month-to-month","Fiber optic","Electronic check","No","No","Yes","Yes"
"4312-KFRXN","2508","LOW","MONITOR","72","25.4","1710.9","Two year","No","Mailed check","No internet service","No internet service","No","No"
"2673-ZALNP","86810","LOW","MONITOR","7","19.9","173.15","One year","No","Mailed check","No internet service","No internet service","No","No"
"7923-IYJWY","71941","LOW","MONITOR","67","116.1","7839.85","Two year","Fiber optic","Credit card (automatic)","Yes","Yes","Yes","No"
"2873-ZLIWT","327942","MEDIUM","ENGAGE","40","84.85","3303.05","Month-to-month","Fiber optic","Electronic check","Yes","No","Yes","Yes"
"5622-UEJFI","18966","LOW","MONITOR","35","25.4","949.8","Two year","No","Credit card (automatic)","No internet service","No internet service","Yes","No"
"4335-BSMJS","6374","LOW","MONITOR","62","25.8","1563.95","Two year","No","Credit card (automatic)","No internet service","No internet service","Yes","No"
"3729-OWRVL","108513","LOW","MONITOR","65","110.35","7246.15","Two year","Fiber optic","Electronic check","Yes","Yes","Yes","No"
"6650-BWFRT","58852","LOW","MONITOR","72","117.15","8529.5","Two year","Fiber optic","Credit card (automatic)","Yes","Yes","Yes","No"
"2657-ALMWY","496216","MEDIUM","ENGAGE","26","84.95","2169.75","Month-to-month","Fiber optic","Electronic check","No","No","No","Yes"
"8929-KSWIH","138925","LOW","MONITOR","25","99.3","2513.5","Two year","Fiber optic","Bank transfer (automatic)","Yes","No","No","No"
"0786-VSSUD","426605","MEDIUM","ENGAGE","16","39.0","679.85","Month-to-month","DSL","Mailed check","No","No","Yes","Yes"
"4572-DVCGN","619879","HIGH","URGENT","10","80.25","846.0","Month-to-month","Fiber optic","Bank transfer (automatic)","No","No","Yes","Yes"
"0508-OOLTO","662816","HIGH","URGENT","2","71.65","135.75","Month-to-month","Fiber optic","Electronic check","No","No","Yes","No"
"7695-PKLCZ","2540","LOW","MONITOR","68","20.5","1424.9","Two year","No","Credit card (automatic)","No internet service","No internet service","No","No"
"2845-KDHVX","13083","LOW","MONITOR","64","68.3","4378.8","Two year","DSL","Mailed check","Yes","No","Yes","No"
"0594-UFTUL","123312","LOW","MONITOR","13","19.85","252.0","Month-to-month","No","Mailed check","No internet service","No internet service","Yes","No"
"7644-OMVMY","49966","LOW","MONITOR","0","19.85","0.0","Two year","No","Mailed check","No internet service","No internet service","No","No"
"2665-NPTGL","620308","HIGH","URGENT","26","98.1","2510.7","Month-to-month","Fiber optic","Bank transfer (automatic)","No","No","Yes","No"
"1104-FEJAM","246012","LOW","MONITOR","28","64.4","1802.15","Month-to-month","DSL","Electronic check","No","No","No","No"
"7868-TMWMZ","60207","LOW","MONITOR","60","110.0","6668.35","Two year","Fiber optic","Bank transfer (automatic)","Yes","Yes","Yes","No"
"6652-YFFJO","535218","MEDIUM","ENGAGE","11","64.9","716.1","Month-to-month","DSL","Electronic check","No","No","Yes","No"
"9661-MHUMO","357078","MEDIUM","ENGAGE","1","49.25","49.25","Month-to-month","DSL","Credit card (automatic)","Yes","No","Yes","Yes"
"5947-SGKCL","583248","MEDIUM","ENGAGE","15","105.35","1559.25","Month-to-month","Fiber optic","Bank transfer (automatic)","No","No","Yes","No"
"7049-GKVZY","101913","LOW","MONITOR","17","79.85","1387.35","One year","DSL","Credit card (automatic)","Yes","Yes","No","No"
"9987-LUTYD","84332","LOW","MONITOR","13","55.15","742.9","One year","DSL","Mailed check","Yes","Yes","No","No"
"3256-EZDBI","106104","LOW","MONITOR","51","29.45","1459.35","Month-to-month","DSL","Credit card (automatic)","No","No","Yes","No"
"7746-AWNQW","202448","LOW","MONITOR","28","35.75","961.4","Month-to-month","DSL","Mailed check","Yes","No","Yes","No"
"9251-AWQGT","5018","LOW","MONITOR","48","20.0","935.9","Two year","No","Mailed check","No internet service","No internet service","No","No"
"4627-MIHJH","55510","LOW","MONITOR","69","110.25","7467.55","Two year","Fiber optic","Credit card (automatic)","Yes","Yes","No","No"
"2320-YKQBO","157513","LOW","MONITOR","7","19.3","144.95","Month-to-month","No","Mailed check","No internet service","No internet service","No","No"
"9055-MOJJJ","12580","LOW","MONITOR","64","65.8","4068.0","One year","DSL","Mailed check","Yes","Yes","No","No"
"2452-KDRRH","352254","MEDIUM","ENGAGE","67","101.4","6841.05","Month-to-month","Fiber optic","Credit card (automatic)","No","No","Yes","No"
"3173-WSSUE","1719","LOW","MONITOR","71","19.7","1415.85","Two year","No","Credit card (automatic)","No internet service","No internet service","No","No"
"5928-QLDHB","705615","HIGH","URGENT","9","76.25","684.85","Month-to-month","Fiber optic","Electronic check","No","No","Yes","No"
"6305-YLBMM","98685","LOW","MONITOR","69","104.05","7262.0","One year","Fiber optic","Bank transfer (automatic)","Yes","No","Yes","Yes"
"0295-QVKPB","347868","MEDIUM","ENGAGE","5","63.95","318.1","Month-to-month","DSL","Credit card (automatic)","Yes","No","Yes","No"
"2578-JQPHZ","85510","LOW","MONITOR","44","100.1","4378.35","Two year","Fiber optic","Bank transfer (automatic)","Yes","No","No","No"
"6549-NNDYT","345563","MEDIUM","ENGAGE","13","30.85","394.1","Month-to-month","DSL","Bank transfer (automatic)","No","Yes","Yes","No"
"6896-SRVYQ","282595","LOW","MONITOR","44","73.85","3122.4","Month-to-month","Fiber optic","Electronic check","No","No","No","No"
"7952-OBOYL","541038","MEDIUM","ENGAGE","3","89.85","244.45","Month-to-month","Fiber optic","Mailed check","Yes","No","Yes","No"
"0023-HGHWL","684178","HIGH","URGENT","1","25.1","25.1","Month-to-month","DSL","Electronic check","No","No","Yes","Yes"
"3763-GCZHZ","191873","LOW","MONITOR","66","104.05","6890.0","One year","Fiber optic","Electronic check","Yes","No","Yes","Yes"
"2545-EBUPK","820708","HIGH","URGENT","2","84.05","186.05","Month-to-month","Fiber optic","Electronic check","No","No","Yes","No"
"5555-RNPGT","151314","LOW","MONITOR","10","24.8","223.9","Month-to-month","No","Credit card (automatic)","No internet service","No internet service","No","No"
"4948-WBBKL","441220","MEDIUM","ENGAGE","36","74.9","2659.45","Month-to-month","Fiber optic","Bank transfer (automatic)","No","No","Yes","No"
"1576-PFZIW","43029","LOW","MONITOR","70","105.35","7511.9","Two year","Fiber optic","Credit card (automatic)","No","Yes","No","No"
"9631-XEYKE","416273","MEDIUM","ENGAGE","3","50.4","137.25","Month-to-month","DSL","Bank transfer (automatic)","No","No","No","No"
"1469-LBJQJ","376912","MEDIUM","ENGAGE","66","105.2","6936.85","Month-to-month","Fiber optic","Electronic check","No","No","Yes","No"
"4753-PADAS","165180","LOW","MONITOR","67","105.7","6816.95","One year","Fiber optic","Bank transfer (automatic)","No","No","Yes","No"
"8845-LWKGE","110928","LOW","MONITOR","30","64.5","1985.15","One year","DSL","Electronic check","Yes","No","Yes","No"
"5076-YVXCM","276226","LOW","MONITOR","51","83.4","4149.45","Month-to-month","Fiber optic","Bank transfer (automatic)","No","No","No","No"
"5902-WBLSE","2411","LOW","MONITOR","70","20.15","1411.2","Two year","No","Credit card (automatic)","No internet service","No internet service","Yes","No"
"7629-WIXZF","271704","LOW","MONITOR","7","59.1","369.25","One year","DSL","Electronic check","No","Yes","Yes","No"
"5879-SESNB","640925","HIGH","URGENT","11","75.25","888.65","Month-to-month","Fiber optic","Electronic check","No","No","No","No"
"8387-UGUSU","91617","LOW","MONITOR","15","20.05","284.3","Month-to-month","No","Mailed check","No internet service","No internet service","No","No"
"3372-KWFBM","724599","HIGH","URGENT","16","86.6","1281.0","Month-to-month","Fiber optic","Electronic check","No","No","Yes","Yes"
"4727-MCYZG","407692","MEDIUM","ENGAGE","1","55.55","55.55","Month-to-month","DSL","Mailed check","No","No","No","No"
"1552-TKMXS","33518","LOW","MONITOR","42","20.35","869.9","Month-to-month","No","Credit card (automatic)","No internet service","No internet service","No","No"
"8180-AKMJV","453750","MEDIUM","ENGAGE","1","44.55","44.55","Month-to-month","DSL","Credit card (automatic)","No","No","Yes","No"
"1849-RJYIG","411859","MEDIUM","ENGAGE","8","60.0","487.75","Month-to-month","DSL","Electronic check","No","Yes","Yes","No"
"2778-OCLGR","249855","LOW","MONITOR","24","39.1","971.3","Month-to-month","DSL","Bank transfer (automatic)","No","Yes","No","Yes"
"1699-HPSBG","242119","LOW","MONITOR","12","59.8","727.8","One year","DSL","Electronic check","Yes","No","Yes","Yes"
"9845-PEEKO","75667","LOW","MONITOR","59","79.2","4590.35","Two year","Fiber optic","Credit card (automatic)","No","No","Yes","No"
"8063-GBATB","670531","HIGH","URGENT","27","85.25","2287.25","Month-to-month","Fiber optic","Electronic check","No","No","Yes","Yes"
"4891-NLUBA","22661","LOW","MONITOR","61","61.45","3751.15","Two year","DSL","Bank transfer (automatic)","Yes","No","Yes","No"
"3400-ESFUW","5766","LOW","MONITOR","55","57.55","3046.4","Two year","DSL","Bank transfer (automatic)","Yes","Yes","No","Yes"
"2789-CZANW","41949","LOW","MONITOR","64","110.3","6997.3","Two year","Fiber optic","Bank transfer (automatic)","Yes","Yes","No","No"
"7030-FZTFM","44428","LOW","MONITOR","72","110.9","7922.75","Two year","Fiber optic","Credit card (automatic)","Yes","No","No","No"
"5614-DNZCE","9469","LOW","MONITOR","58","64.9","3795.45","Two year","DSL","Credit card (automatic)","Yes","Yes","Yes","No"
"5791-KAJFD","40002","LOW","MONITOR","56","68.75","3808.0","One year","DSL","Bank transfer (automatic)","No","Yes","Yes","No"
"4778-IZARL","43239","LOW","MONITOR","63","110.1","6705.7","Two year","Fiber optic","Credit card (automatic)","Yes","Yes","Yes","No"
"1750-CSKKM","366790","MEDIUM","ENGAGE","9","55.35","449.75","Month-to-month","DSL","Electronic check","No","No","No","Yes"
"3538-WZPHD","585927","MEDIUM","ENGAGE","3","29.6","79.45","Month-to-month","DSL","Electronic check","No","No","Yes","Yes"
"0015-UOCOJ","411734","MEDIUM","ENGAGE","7","48.2","340.35","Month-to-month","DSL","Electronic check","No","Yes","Yes","No"
"4840-ORQXB","413688","MEDIUM","ENGAGE","56","104.75","5841.35","Month-to-month","Fiber optic","Electronic check","No","No","No","No"
"7133-VBDCG","309658","MEDIUM","ENGAGE","25","79.85","2015.35","Month-to-month","Fiber optic","Bank transfer (automatic)","No","Yes","Yes","Yes"
"7746-QYVCO","84614","LOW","MONITOR","16","55.85","857.8","One year","DSL","Mailed check","No","Yes","Yes","No"
"8809-RIHDD","89072","LOW","MONITOR","72","103.4","7372.65","Two year","Fiber optic","Electronic check","No","No","Yes","Yes"
"4195-PNGZS","2559","LOW","MONITOR","69","24.45","1718.2","Two year","No","Bank transfer (automatic)","No internet service","No internet service","No","No"
"5924-SNGKP","20108","LOW","MONITOR","41","20.25","865.0","One year","No","Credit card (automatic)","No internet service","No internet service","Yes","No"
"6865-JZNKO","122761","LOW","MONITOR","30","55.3","1530.6","Month-to-month","DSL","Bank transfer (automatic)","No","Yes","Yes","No"
"1952-DVVSW","73292","LOW","MONITOR","10","20.1","184.4","One year","No","Mailed check","No internet service","No internet service","No","No"
"0564-MUUQK","468882","MEDIUM","ENGAGE","20","95.5","1916.2","Month-to-month","Fiber optic","Bank transfer (automatic)","Yes","No","Yes","No"
"7470-MCQTK","509921","MEDIUM","ENGAGE","13","48.75","633.4","Month-to-month","DSL","Bank transfer (automatic)","No","No","Yes","Yes"
"0378-CJKPV","37790","LOW","MONITOR","72","112.1","7965.95","Two year","Fiber optic","Credit card (automatic)","Yes","Yes","No","No"
"4458-KVRBJ","4955","LOW","MONITOR","59","25.0","1510.5","Two year","No","Mailed check","No internet service","No internet service","No","No"
"1322-AGOQM","91156","LOW","MONITOR","46","30.3","1380.1","Month-to-month","DSL","Bank transfer (automatic)","No","No","No","Yes"
"1626-ERCMM","745916","HIGH","URGENT","20","94.55","1899.65","Month-to-month","Fiber optic","Electronic check","No","No","Yes","Yes"
"7157-SMCFK","2511","LOW","MONITOR","61","19.75","1124.2","Two year","No","Mailed check","No internet service","No internet service","No","No"
"0125-LZQXK","613885","HIGH","URGENT","15","101.35","1553.95","Month-to-month","Fiber optic","Electronic check","Yes","No","Yes","Yes"
"7711-YIJWC","18671","LOW","MONITOR","61","84.9","5264.5","One year","DSL","Bank transfer (automatic)","Yes","Yes","No","No"
"4176-RELJR","4169","LOW","MONITOR","67","25.1","1672.15","Two year","No","Credit card (automatic)","No internet service","No internet service","No","No"
"8639-NHQEI","38939","LOW","MONITOR","72","95.9","6954.15","Two year","Fiber optic","Bank transfer (automatic)","No","Yes","Yes","No"
"5537-UXXVS","91069","LOW","MONITOR","20","19.25","375.25","Month-to-month","No","Bank transfer (automatic)","No internet service","No internet service","No","No"
"9968-FFVVH","13945","LOW","MONITOR","63","68.8","4111.35","One year","DSL","Bank transfer (automatic)","Yes","Yes","No","No"
"8999-YPYBV","19974","LOW","MONITOR","45","84.35","3858.05","Two year","DSL","Mailed check","Yes","Yes","Yes","No"
"8949-JTMAY","579308","MEDIUM","ENGAGE","29","98.6","2933.2","Month-to-month","Fiber optic","Credit card (automatic)","No","No","Yes","Yes"
"9947-OTFQU","586498","MEDIUM","ENGAGE","15","74.4","1074.3","Month-to-month","Fiber optic","Electronic check","No","No","Yes","Yes"
"9600-NAXZN","554068","MEDIUM","ENGAGE","43","101.4","4528.0","Month-to-month","Fiber optic","Electronic check","No","No","Yes","Yes"
"5712-AHQNN","384536","MEDIUM","ENGAGE","43","91.65","3954.1","Month-to-month","Fiber optic","Electronic check","No","No","Yes","No"
"7801-CEDNV","62911","LOW","MONITOR","27","48.7","1421.75","One year","DSL","Credit card (automatic)","No","Yes","No","No"
"9851-QXEEQ","538749","MEDIUM","ENGAGE","41","104.7","4346.4","Month-to-month","Fiber optic","Electronic check","No","No","Yes","Yes"
"5780-INQIK","328669","MEDIUM","ENGAGE","8","49.4","408.25","Month-to-month","DSL","Electronic check","Yes","No","No","No"
"3572-UOLYZ","232018","LOW","MONITOR","46","84.8","3958.85","Month-to-month","Fiber optic","Bank transfer (automatic)","Yes","No","Yes","No"
"4402-FTBXC","134453","LOW","MONITOR","54","89.8","4667.0","Month-to-month","Fiber optic","Mailed check","No","Yes","No","No"
"1755-FZQEC","17955","LOW","MONITOR","39","19.9","791.15","One year","No","Mailed check","No internet service","No internet service","No","No"
"9647-ERGBE","603374","HIGH","URGENT","30","100.05","3046.15","Month-to-month","Fiber optic","Electronic check","No","No","Yes","Yes"
"0872-JCPIB","259759","LOW","MONITOR","17","65.75","1111.2","Month-to-month","DSL","Bank transfer (automatic)","No","Yes","No","No"
"7143-BQIBA","194745","LOW","MONITOR","10","62.25","612.95","Month-to-month","DSL","Bank transfer (automatic)","Yes","Yes","No","No"
"0048-LUMLS","194948","LOW","MONITOR","37","91.2","3247.55","One year","Fiber optic","Credit card (automatic)","No","No","No","No"
"9512-UIBFX","435282","MEDIUM","ENGAGE","18","95.15","1779.95","Month-to-month","Fiber optic","Mailed check","No","No","No","Yes"
"2157-MXBJS","289978","LOW","MONITOR","13","75.3","989.45","One year","DSL","Mailed check","No","No","Yes","Yes"
"2400-XIWIO","17420","LOW","MONITOR","71","90.1","6310.9","Two year","DSL","Electronic check","Yes","Yes","No","No"
"0458-HEUZG","89825","LOW","MONITOR","13","35.4","450.4","Two year","DSL","Mailed check","Yes","No","No","No"
"3858-VOBET","590790","MEDIUM","ENGAGE","23","74.95","1710.45","Month-to-month","Fiber optic","Electronic check","No","No","Yes","Yes"
"4667-QONEA","22267","LOW","MONITOR","60","74.85","4456.35","One year","DSL","Credit card (automatic)","Yes","Yes","Yes","No"
"4795-UXVCJ","35291","LOW","MONITOR","26","19.8","457.3","One year","No","Credit card (automatic)","No internet service","No internet service","No","No"
"2683-BPJSO","411103","MEDIUM","ENGAGE","29","84.45","2467.1","Month-to-month","Fiber optic","Electronic check","No","Yes","Yes","Yes"
"3791-LGQCY","425531","MEDIUM","ENGAGE","56","100.65","5688.05","Month-to-month","Fiber optic","Bank transfer (automatic)","No","No","Yes","Yes"
"6250-CGGUN","65854","LOW","MONITOR","54","84.4","4484.05","One year","Fiber optic","Electronic check","Yes","Yes","No","No"
"9227-UAQFT","28381","LOW","MONITOR","16","19.75","284.35","Two year","No","Mailed check","No internet service","No internet service","No","No"
"2446-PLQVO","705406","HIGH","URGENT","1","70.3","70.3","Month-to-month","Fiber optic","Electronic check","No","No","Yes","Yes"
"2475-MROZF","264679","LOW","MONITOR","30","95.0","2852.4","Month-to-month","Fiber optic","Credit card (automatic)","Yes","Yes","Yes","No"
"8734-FNWVH","189561","LOW","MONITOR","31","59.7","1825.5","Month-to-month","DSL","Bank transfer (automatic)","No","No","No","No"
"3427-GGZZI","649461","HIGH","URGENT","19","89.1","1620.8","Month-to-month","Fiber optic","Electronic check","No","No","Yes","No"
"7139-JZFVG","6329","LOW","MONITOR","60","60.5","3694.45","Two year","DSL","Bank transfer (automatic)","No","Yes","No","No"
"1430-SFQSA","62628","LOW","MONITOR","29","35.6","1072.6","One year","DSL","Mailed check","Yes","Yes","No","No"
"3969-JQABI","59677","LOW","MONITOR","58","65.25","3791.6","Month-to-month","DSL","Credit card (automatic)","No","Yes","Yes","No"
"4195-NZGTA","595097","MEDIUM","ENGAGE","1","25.25","25.25","Month-to-month","DSL","Electronic check","No","No","No","No"
"9432-VOFYX","573787","MEDIUM","ENGAGE","17","70.8","1207.0","Month-to-month","Fiber optic","Electronic check","No","No","Yes","No"
"5498-IBWPI","16132","LOW","MONITOR","66","49.4","3251.85","One year","DSL","Credit card (automatic)","Yes","No","Yes","No"
"8329-UTMVM","378465","MEDIUM","ENGAGE","27","104.65","2964.0","One year","Fiber optic","Bank transfer (automatic)","Yes","No","Yes","No"
"8473-VUVJN","784497","HIGH","URGENT","1","73.65","73.65","Month-to-month","Fiber optic","Electronic check","No","No","Yes","Yes"
"4701-MLJPN","181185","LOW","MONITOR","31","55.25","1715.65","Month-to-month","DSL","Electronic check","Yes","No","Yes","Yes"
"2801-NISEI","142722","LOW","MONITOR","24","54.95","1348.5","Month-to-month","DSL","Electronic check","Yes","Yes","No","No"
"7898-PDWQE","8742","LOW","MONITOR","71","80.4","5727.15","Two year","DSL","Credit card (automatic)","Yes","Yes","No","No"
"7173-TETGO","29238","LOW","MONITOR","72","78.5","5602.25","Two year","Fiber optic","Bank transfer (automatic)","No","Yes","No","No"
"7036-TYDEC","84619","LOW","MONITOR","69","104.0","7028.5","Two year","Fiber optic","Electronic check","Yes","No","No","No"
"7065-YUNRY","438491","MEDIUM","ENGAGE","1","45.3","45.3","Month-to-month","DSL","Mailed check","No","No","Yes","Yes"
"2234-XADUH","124583","LOW","MONITOR","72","103.2","7362.9","One year","Fiber optic","Credit card (automatic)","No","No","Yes","No"
"0181-RITDD","27463","LOW","MONITOR","62","108.15","6825.65","Two year","Fiber optic","Mailed check","Yes","Yes","No","No"
"4393-OBCRR","103615","LOW","MONITOR","3","20.25","71.2","One year","No","Mailed check","No internet service","No internet service","No","No"
"2153-MREFK","244551","LOW","MONITOR","37","99.2","3754.6","One year","Fiber optic","Electronic check","Yes","Yes","Yes","Yes"
"2853-CWQFQ","358425","MEDIUM","ENGAGE","1","59.55","59.55","Month-to-month","DSL","Mailed check","Yes","No","Yes","No"
"1478-VPOAD","465233","MEDIUM","ENGAGE","1","43.8","43.8","Month-to-month","DSL","Electronic check","No","No","No","No"
"8791-GFXLZ","292866","LOW","MONITOR","12","49.05","593.05","Month-to-month","DSL","Bank transfer (automatic)","No","No","Yes","No"
"8443-ZRDBZ","740966","HIGH","URGENT","4","76.05","318.9","Month-to-month","Fiber optic","Electronic check","No","No","Yes","Yes"
"2169-RRLFW","3125","LOW","MONITOR","71","25.6","1888.25","Two year","No","Credit card (automatic)","No internet service","No internet service","No","No"
"4391-LNRXK","388879","MEDIUM","ENGAGE","22","94.95","2142.8","Month-to-month","Fiber optic","Bank transfer (automatic)","Yes","No","Yes","No"
"6366-ZGQGL","496513","MEDIUM","ENGAGE","1","24.8","24.8","Month-to-month","DSL","Bank transfer (automatic)","No","No","No","Yes"
"4201-JMNGR","450755","MEDIUM","ENGAGE","1","55.8","55.8","Month-to-month","DSL","Electronic check","No","Yes","Yes","Yes"
"5281-BUZGT","491677","MEDIUM","ENGAGE","36","90.85","3186.7","Month-to-month","Fiber optic","Electronic check","No","Yes","Yes","Yes"
"9453-PATOS","8150","LOW","MONITOR","72","85.1","6155.4","Two year","DSL","Mailed check","Yes","Yes","No","No"
"9795-VOWON","330261","MEDIUM","ENGAGE","7","24.35","150.85","One year","DSL","Credit card (automatic)","No","No","Yes","No"
"8035-BUYVG","78552","LOW","MONITOR","40","42.35","1716.45","One year","DSL","Electronic check","No","Yes","Yes","Yes"
"7180-PISOG","715606","HIGH","URGENT","1","74.5","74.5","Month-to-month","Fiber optic","Electronic check","No","No","Yes","Yes"
"9591-YVTEB","123399","LOW","MONITOR","55","44.85","2479.05","Month-to-month","DSL","Electronic check","No","Yes","Yes","No"
"5406-KGRMX","4233","LOW","MONITOR","71","24.55","1719.15","Two year","No","Electronic check","No internet service","No internet service","No","No"
"1991-VOPLL","143651","LOW","MONITOR","9","19.05","157.65","Month-to-month","No","Mailed check","No internet service","No internet service","No","No"
"6161-UUUTA","755670","HIGH","URGENT","3","79.9","260.9","Month-to-month","Fiber optic","Electronic check","No","No","Yes","Yes"
"5751-USDBL","17079","LOW","MONITOR","46","81.0","3846.35","Two year","DSL","Mailed check","Yes","Yes","No","No"
"9140-CZQZZ","13318","LOW","MONITOR","68","79.6","5515.8","Two year","DSL","Bank transfer (automatic)","Yes","Yes","Yes","No"
"5442-BXVND","56414","LOW","MONITOR","33","24.25","838.5","Month-to-month","No","Bank transfer (automatic)","No internet service","No internet service","No","No"
"3654-ARMGP","25794","LOW","MONITOR","61","88.65","5321.25","Two year","DSL","Credit card (automatic)","Yes","No","No","No"
"5950-AAAGJ","531362","MEDIUM","ENGAGE","18","84.3","1537.9","Month-to-month","Fiber optic","Bank transfer (automatic)","No","No","No","No"
"7711-GQBZC","2474","LOW","MONITOR","71","24.7","1810.55","Two year","No","Bank transfer (automatic)","No internet service","No internet service","No","No"
"9897-KXHCM","699324","HIGH","URGENT","3","80.3","250.05","Month-to-month","Fiber optic","Electronic check","No","No","Yes","Yes"
"5172-RKOCB","51937","LOW","MONITOR","72","108.95","7875.0","Two year","Fiber optic","Credit card (automatic)","Yes","Yes","Yes","No"
"3489-VSFRD","21019","LOW","MONITOR","56","60.25","3282.75","One year","DSL","Credit card (automatic)","Yes","Yes","Yes","No"
"5696-QURRL","425811","MEDIUM","ENGAGE","1","45.05","45.05","Month-to-month","DSL","Mailed check","No","No","Yes","Yes"
"4895-TMWIR","142983","LOW","MONITOR","11","19.95","214.75","Month-to-month","No","Mailed check","No internet service","No internet service","No","Yes"
"2722-VOJQL","164596","LOW","MONITOR","64","105.65","6903.1","One year","Fiber optic","Credit card (automatic)","Yes","No","Yes","Yes"
"5449-FIBXJ","529182","MEDIUM","ENGAGE","19","103.3","2012.7","Month-to-month","Fiber optic","Electronic check","Yes","No","No","Yes"
"8838-GPHZP","4010","LOW","MONITOR","63","20.6","1298.7","Two year","No","Mailed check","No internet service","No internet service","Yes","No"
"1197-BVMVG","775688","HIGH","URGENT","4","74.45","294.45","Month-to-month","Fiber optic","Electronic check","No","No","Yes","No"
"0559-CKHUS","20266","LOW","MONITOR","29","19.55","521.8","Two year","No","Mailed check","No internet service","No internet service","Yes","No"
"1689-YQBYY","650473","HIGH","URGENT","12","76.6","893.0","Month-to-month","Fiber optic","Electronic check","No","No","Yes","No"
"5995-LFTLE","7349","LOW","MONITOR","58","25.3","1474.35","Two year","No","Credit card (automatic)","No internet service","No internet service","Yes","No"
"8966-OIQHG","36836","LOW","MONITOR","22","20.75","452.35","One year","No","Bank transfer (automatic)","No internet service","No internet service","No","No"
"7317-GGVPB","68352","LOW","MONITOR","71","108.6","7690.9","Two year","Fiber optic","Credit card (automatic)","Yes","No","Yes","Yes"
"0907-HQNTS","64379","LOW","MONITOR","70","113.0","7987.6","Two year","Fiber optic","Credit card (automatic)","Yes","Yes","Yes","No"
"2433-KMEAS","288997","LOW","MONITOR","22","54.45","1127.35","Month-to-month","DSL","Electronic check","No","Yes","Yes","Yes"
"6384-VMJHP","7835","LOW","MONITOR","72","73.0","5265.2","Two year","DSL","Credit card (automatic)","Yes","Yes","Yes","No"
"4821-WQOYN","2111","LOW","MONITOR","72","20.1","1326.25","Two year","No","Credit card (automatic)","No internet service","No internet service","Yes","No"
"6158-HDPXZ","483835","MEDIUM","ENGAGE","1","25.35","25.35","Month-to-month","DSL","Mailed check","No","No","No","No"
"0365-BZUWY","678716","HIGH","URGENT","17","102.55","1742.5","Month-to-month","Fiber optic","Electronic check","No","No","Yes","No"
"3874-EQOEP","656717","HIGH","URGENT","7","95.0","655.5","Month-to-month","Fiber optic","Mailed check","No","No","No","Yes"
"1423-BMPBQ","211176","LOW","MONITOR","1","19.0","19.0","Month-to-month","No","Mailed check","No internet service","No internet service","Yes","No"
"6064-PUPMC","50069","LOW","MONITOR","23","57.2","1423.35","One year","DSL","Credit card (automatic)","Yes","Yes","No","No"
"6158-DWPZT","248337","LOW","MONITOR","9","24.1","259.8","One year","DSL","Bank transfer (automatic)","No","No","No","Yes"
"9420-LOJKX","490769","MEDIUM","ENGAGE","15","99.1","1426.4","Month-to-month","Fiber optic","Credit card (automatic)","No","Yes","Yes","Yes"
"8035-PWSEV","634290","HIGH","URGENT","6","89.25","487.05","Month-to-month","Fiber optic","Electronic check","Yes","No","Yes","No"
"8143-ETQTI","22727","LOW","MONITOR","23","19.65","451.55","Two year","No","Mailed check","No internet service","No internet service","Yes","No"
"9648-BCHKM","41426","LOW","MONITOR","18","24.65","471.35","Two year","No","Credit card (automatic)","No internet service","No internet service","Yes","No"
"7340-KEFQE","10824","LOW","MONITOR","51","34.2","1782.0","Two year","DSL","Bank transfer (automatic)","Yes","Yes","No","No"
"1964-SVLEA","58754","LOW","MONITOR","20","19.7","415.9","One year","No","Mailed check","No internet service","No internet service","Yes","No"
"9572-WUKSB","552220","MEDIUM","ENGAGE","3","29.9","92.25","Month-to-month","DSL","Electronic check","Yes","No","Yes","No"
"0795-LAFGP","15054","LOW","MONITOR","71","90.4","6668.05","Two year","DSL","Electronic check","Yes","Yes","No","No"
"0411-EZJZE","624662","HIGH","URGENT","3","60.25","170.5","Month-to-month","DSL","Electronic check","No","No","Yes","No"
"9334-GWGOW","741893","HIGH","URGENT","7","74.85","485.25","Month-to-month","Fiber optic","Electronic check","No","No","Yes","No"
"4807-IZYOZ","5735","LOW","MONITOR","51","20.65","1020.75","Two year","No","Bank transfer (automatic)","No internet service","No internet service","No","No"
"2480-SQIOB","369827","MEDIUM","ENGAGE","4","44.8","169.65","Month-to-month","DSL","Electronic check","No","No","No","No"
"3540-RZJYU","488768","MEDIUM","ENGAGE","15","86.2","1270.2","Month-to-month","Fiber optic","Electronic check","No","Yes","No","Yes"
"9489-UTFKA","293605","LOW","MONITOR","8","60.9","551.95","Month-to-month","DSL","Bank transfer (automatic)","No","Yes","No","No"
"8348-JLBUG","49027","LOW","MONITOR","64","80.3","5017.7","One year","Fiber optic","Credit card (automatic)","No","Yes","No","No"
"7660-HDPJV","714165","HIGH","URGENT","1","69.2","69.2","Month-to-month","Fiber optic","Electronic check","No","No","Yes","Yes"
"8325-QRPZR","645646","HIGH","URGENT","7","75.15","525.0","Month-to-month","Fiber optic","Electronic check","No","No","Yes","No"
"3675-YDUPJ","168900","LOW","MONITOR","10","19.85","193.05","Month-to-month","No","Mailed check","No internet service","No internet service","Yes","No"
"6609-MXJHJ","22271","LOW","MONITOR","30","25.1","789.55","Two year","No","Mailed check","No internet service","No internet service","Yes","No"
"8727-XDPUD","56043","LOW","MONITOR","37","35.8","1316.9","Two year","DSL","Credit card (automatic)","No","No","No","No"
"9565-FLVCG","13121","LOW","MONITOR","65","69.55","4459.15","Two year","DSL","Mailed check","No","Yes","Yes","No"
"6825-UYPFK","451643","MEDIUM","ENGAGE","23","75.6","1758.6","Month-to-month","Fiber optic","Bank transfer (automatic)","No","No","No","Yes"
"2860-RANUS","649606","HIGH","URGENT","20","85.8","1727.5","Month-to-month","Fiber optic","Credit card (automatic)","No","No","Yes","Yes"
"9025-ZRPVR","175637","LOW","MONITOR","9","18.95","185.6","Month-to-month","No","Mailed check","No internet service","No internet service","Yes","Yes"
"6096-EGVTU","6296","LOW","MONITOR","64","24.9","1595.5","One year","No","Mailed check","No internet service","No internet service","No","No"
"6288-CHQJB","10453","LOW","MONITOR","54","69.95","3871.85","Two year","DSL","Bank transfer (automatic)","Yes","Yes","No","No"
"5562-BETPV","88387","LOW","MONITOR","1","19.65","19.65","One year","No","Mailed check","No internet service","No internet service","No","No"
"7310-EGVHZ","202760","LOW","MONITOR","1","20.2","20.2","Month-to-month","No","Bank transfer (automatic)","No internet service","No internet service","No","No"
"6743-HHQPF","152662","LOW","MONITOR","42","25.1","1097.15","Month-to-month","DSL","Credit card (automatic)","No","No","Yes","No"
"0454-OKRCT","66572","LOW","MONITOR","33","80.6","2651.1","Two year","Fiber optic","Bank transfer (automatic)","Yes","No","No","No"
"2178-PMGCJ","423021","MEDIUM","ENGAGE","22","69.7","1490.4","Month-to-month","Fiber optic","Mailed check","No","No","Yes","No"
"4255-DDUOU","212874","LOW","MONITOR","1","20.5","20.5","Month-to-month","No","Mailed check","No internet service","No internet service","Yes","Yes"
"1552-AAGRX","373823","MEDIUM","ENGAGE","30","106.4","3211.9","Month-to-month","Fiber optic","Bank transfer (automatic)","Yes","Yes","No","No"
"3143-ILDAL","309053","MEDIUM","ENGAGE","56","94.45","5124.6","Month-to-month","Fiber optic","Electronic check","Yes","No","Yes","Yes"
"8699-ASUFO","660110","HIGH","URGENT","7","74.4","527.9","Month-to-month","Fiber optic","Mailed check","No","No","Yes","Yes"
"2478-EEWWM","176320","LOW","MONITOR","59","44.3","2666.75","Month-to-month","DSL","Electronic check","No","No","Yes","No"
"5242-UOWHD","5630","LOW","MONITOR","45","20.35","929.2","Two year","No","Mailed check","No internet service","No internet service","No","No"
"4521-YEEHE","623156","HIGH","URGENT","18","88.85","1594.75","Month-to-month","Fiber optic","Electronic check","Yes","No","Yes","No"
"4813-HQMGZ","706199","HIGH","URGENT","8","90.25","743.75","Month-to-month","Fiber optic","Electronic check","Yes","No","Yes","No"
"7089-XXAYG","187996","LOW","MONITOR","25","38.1","970.4","One year","DSL","Credit card (automatic)","No","No","Yes","No"
"3318-NMQXL","766628","HIGH","URGENT","3","92.0","266.8","Month-to-month","Fiber optic","Electronic check","No","No","Yes","No"
"6103-BOCOU","567723","MEDIUM","ENGAGE","26","80.7","2193.0","Month-to-month","Fiber optic","Electronic check","No","No","Yes","No"
"4821-SJHJV","376548","MEDIUM","ENGAGE","32","89.6","2901.8","Month-to-month","Fiber optic","Electronic check","No","Yes","No","No"
"8242-JSVBO","376634","MEDIUM","ENGAGE","7","44.65","322.5","Month-to-month","DSL","Bank transfer (automatic)","No","No","Yes","No"
"3727-OVPRY","7879","LOW","MONITOR","66","25.7","1714.55","One year","No","Credit card (automatic)","No internet service","No internet service","Yes","No"
"8204-TIFGJ","106362","LOW","MONITOR","23","20.3","470.6","Month-to-month","No","Bank transfer (automatic)","No internet service","No internet service","Yes","No"
"9619-GSATL","49640","LOW","MONITOR","43","55.45","2444.25","One year","DSL","Electronic check","Yes","No","No","No"
"7754-IXRMC","370693","MEDIUM","ENGAGE","1","45.35","45.35","Month-to-month","DSL","Mailed check","No","No","No","No"
"6680-NENYN","241189","LOW","MONITOR","43","104.6","4759.85","Two year","Fiber optic","Electronic check","No","No","Yes","Yes"
"7611-YKYTC","243550","LOW","MONITOR","22","75.0","1573.95","Month-to-month","Fiber optic","Bank transfer (automatic)","No","Yes","No","No"
"0722-SVSFK","673715","HIGH","URGENT","7","100.4","715.0","Month-to-month","Fiber optic","Electronic check","Yes","No","Yes","No"
"1455-HFBXA","49525","LOW","MONITOR","52","91.6","4627.8","Two year","Fiber optic","Credit card (automatic)","Yes","Yes","Yes","No"
"4609-KNNWG","14259","LOW","MONITOR","27","19.9","550.1","Two year","No","Mailed check","No internet service","No internet service","No","No"
"1834-WULEG","29742","LOW","MONITOR","24","20.25","439.75","One year","No","Mailed check","No internet service","No internet service","No","No"
"1402-PTHGN","64995","LOW","MONITOR","18","61.5","1087.45","One year","DSL","Mailed check","Yes","Yes","Yes","No"
"8879-XUAHX","80926","LOW","MONITOR","71","116.25","8564.75","Two year","Fiber optic","Electronic check","Yes","Yes","Yes","No"
"6818-DJXAA","558121","MEDIUM","ENGAGE","10","91.1","964.35","Month-to-month","Fiber optic","Electronic check","Yes","No","Yes","No"
"6119-SPUDB","14042","LOW","MONITOR","46","38.25","1755.35","Two year","DSL","Mailed check","Yes","Yes","No","No"
"7599-FKVXZ","417032","MEDIUM","ENGAGE","42","106.15","4512.7","Month-to-month","Fiber optic","Bank transfer (automatic)","Yes","No","Yes","Yes"
"6729-FZWSY","5724","LOW","MONITOR","67","19.45","1195.95","One year","No","Mailed check","No internet service","No internet service","Yes","No"
"3638-WEABW","18617","LOW","MONITOR","58","59.9","3505.1","Two year","DSL","Credit card (automatic)","Yes","No","Yes","No"
"9124-LHCJQ","731350","HIGH","URGENT","1","85.45","85.45","Month-to-month","Fiber optic","Mailed check","No","No","Yes","Yes"
"3397-AVTKU","53864","LOW","MONITOR","43","60.0","2548.55","Two year","DSL","Electronic check","No","No","Yes","No"
"8089-UZWLX","94896","LOW","MONITOR","71","104.05","7413.55","Two year","Fiber optic","Bank transfer (automatic)","No","No","No","No"
"5583-EJXRD","21687","LOW","MONITOR","44","54.05","2375.2","Two year","DSL","Credit card (automatic)","Yes","Yes","Yes","No"
"9365-SRSZE","518606","MEDIUM","ENGAGE","27","70.55","1943.9","Month-to-month","Fiber optic","Electronic check","No","No","Yes","No"
"1472-TNCWL","463580","MEDIUM","ENGAGE","36","94.7","3512.5","Month-to-month","Fiber optic","Electronic check","No","No","Yes","No"
"9063-ZGTUY","13238","LOW","MONITOR","61","19.4","1182.55","Month-to-month","No","Mailed check","No internet service","No internet service","Yes","Yes"
"0952-KMEEH","514520","MEDIUM","ENGAGE","13","98.15","1230.25","Month-to-month","Fiber optic","Mailed check","No","Yes","No","Yes"
"2405-LBMUW","23383","LOW","MONITOR","61","50.7","3088.75","One year","DSL","Bank transfer (automatic)","Yes","Yes","Yes","No"
"3012-VFFMN","132075","LOW","MONITOR","7","20.65","158.95","Month-to-month","No","Mailed check","No internet service","No internet service","No","No"
"4712-UYOOI","105845","LOW","MONITOR","20","20.0","417.65","Month-to-month","No","Electronic check","No internet service","No internet service","No","No"
"1972-XMUWV","14614","LOW","MONITOR","65","59.8","3808.2","Two year","DSL","Credit card (automatic)","Yes","No","Yes","No"
"5014-WUQMG","130718","LOW","MONITOR","47","96.1","4391.45","One year","Fiber optic","Electronic check","No","Yes","Yes","No"
"4546-FOKWR","577707","MEDIUM","ENGAGE","16","74.75","1129.35","Month-to-month","Fiber optic","Credit card (automatic)","No","No","Yes","No"
"2300-RQGOI","10234","LOW","MONITOR","38","20.05","741.5","Two year","No","Mailed check","No internet service","No internet service","No","No"
"4983-CCWMC","597351","MEDIUM","ENGAGE","3","69.6","207.4","Month-to-month","Fiber optic","Mailed check","No","No","Yes","No"
"8663-UPDGF","223345","LOW","MONITOR","26","69.5","1800.05","Month-to-month","DSL","Bank transfer (automatic)","No","Yes","Yes","No"
"1078-TDCRN","631627","HIGH","URGENT","3","30.75","82.85","Month-to-month","DSL","Electronic check","No","No","Yes","No"
"8905-IAZPF","130434","LOW","MONITOR","69","95.65","6744.2","One year","Fiber optic","Credit card (automatic)","No","No","Yes","No"
"0207-MDKNV","457601","MEDIUM","ENGAGE","15","105.1","1582.75","Month-to-month","Fiber optic","Electronic check","Yes","Yes","No","Yes"
"4704-ERYFC","532718","MEDIUM","ENGAGE","22","69.25","1554.0","Month-to-month","Fiber optic","Electronic check","No","No","Yes","Yes"
"0732-OCQOC","8066","LOW","MONITOR","52","25.05","1270.25","Two year","No","Bank transfer (automatic)","No internet service","No internet service","Yes","No"
"2509-TFPJU","2799","LOW","MONITOR","72","25.75","1864.2","Two year","No","Credit card (automatic)","No internet service","No internet service","No","No"
"2832-KJCRD","537091","MEDIUM","ENGAGE","38","103.65","3988.5","Month-to-month","Fiber optic","Electronic check","Yes","No","Yes","No"
"3419-SNJJD","233339","LOW","MONITOR","65","105.25","6786.4","Month-to-month","Fiber optic","Bank transfer (automatic)","No","Yes","No","Yes"
"5329-KRDTM","12818","LOW","MONITOR","72","77.35","5396.25","Two year","DSL","Credit card (automatic)","Yes","No","No","No"
"2004-OCQXK","757440","HIGH","URGENT","1","81.95","81.95","Month-to-month","Fiber optic","Electronic check","No","No","Yes","Yes"
"2959-FENLU","605165","HIGH","URGENT","9","85.3","781.4","Month-to-month","Fiber optic","Credit card (automatic)","No","No","Yes","No"
"0815-MFZGM","118181","LOW","MONITOR","42","99.0","4135.0","Two year","Fiber optic","Credit card (automatic)","Yes","No","Yes","No"
"9798-OPFEM","13777","LOW","MONITOR","46","21.1","937.1","Two year","No","Electronic check","No internet service","No internet service","Yes","No"
"5438-QMDDL","279895","LOW","MONITOR","19","59.8","1130.85","Month-to-month","DSL","Mailed check","No","No","Yes","No"
"5099-BAILX","364693","MEDIUM","ENGAGE","43","110.75","4687.9","Month-to-month","Fiber optic","Bank transfer (automatic)","Yes","No","Yes","Yes"
"6897-RWMUB","6832","LOW","MONITOR","61","68.05","4158.25","Two year","DSL","Bank transfer (automatic)","Yes","Yes","Yes","No"
"5206-XZZQI","152829","LOW","MONITOR","53","80.6","4348.1","Month-to-month","Fiber optic","Mailed check","Yes","No","Yes","No"
"0921-OHLVP","587342","MEDIUM","ENGAGE","22","83.05","1799.3","Month-to-month","Fiber optic","Electronic check","No","No","No","No"
"7521-AFHAB","283936","LOW","MONITOR","5","44.8","220.45","Month-to-month","DSL","Mailed check","No","No","No","No"
"6349-JDHQP","5217","LOW","MONITOR","53","19.85","1049.6","Two year","No","Credit card (automatic)","No internet service","No internet service","No","No"
"6834-NXDCA","517683","MEDIUM","ENGAGE","13","23.9","300.8","Month-to-month","DSL","Electronic check","No","No","Yes","Yes"
"1971-DTCZB","16241","LOW","MONITOR","72","90.95","6468.6","Two year","DSL","Bank transfer (automatic)","Yes","Yes","Yes","No"
"4671-VJLCL","14643","LOW","MONITOR","63","79.85","4861.45","Two year","DSL","Credit card (automatic)","Yes","Yes","Yes","No"
"4976-LNFVV","328174","MEDIUM","ENGAGE","19","34.3","577.15","Month-to-month","DSL","Credit card (automatic)","No","No","Yes","No"
"6374-NTQLP","36604","LOW","MONITOR","72","104.1","7447.7","Two year","Fiber optic","Credit card (automatic)","Yes","Yes","Yes","No"
"1090-ESELR","23510","LOW","MONITOR","72","105.5","7611.55","Two year","Fiber optic","Bank transfer (automatic)","Yes","Yes","No","No"
"6035-RIIOM","129782","LOW","MONITOR","54","97.2","5129.45","Two year","Fiber optic","Bank transfer (automatic)","No","No","Yes","No"
"1875-QIVME","753521","HIGH","URGENT","2","104.4","242.8","Month-to-month","Fiber optic","Electronic check","Yes","No","Yes","Yes"
"6769-DCQLI","147125","LOW","MONITOR","52","105.0","5426.85","One year","Fiber optic","Bank transfer (automatic)","Yes","No","Yes","Yes"
"3346-BRMIS","577237","MEDIUM","ENGAGE","18","48.35","810.7","Month-to-month","DSL","Electronic check","No","No","Yes","Yes"
"1771-OADNZ","591612","MEDIUM","ENGAGE","29","95.9","2745.2","Month-to-month","Fiber optic","Electronic check","No","No","Yes","Yes"
"5201-USSQZ","351603","MEDIUM","ENGAGE","26","85.9","2196.45","Month-to-month","Fiber optic","Credit card (automatic)","Yes","No","No","No"
"3882-IYOIJ","44270","LOW","MONITOR","60","115.25","6758.45","Two year","Fiber optic","Credit card (automatic)","Yes","Yes","No","No"
"5803-NQJZO","6827","LOW","MONITOR","72","67.8","4804.65","Two year","DSL","Bank transfer (automatic)","Yes","Yes","Yes","No"
"8561-NMTBD","126689","LOW","MONITOR","67","112.35","7388.45","One year","Fiber optic","Credit card (automatic)","Yes","No","Yes","No"
"3130-ICDUP","490228","MEDIUM","ENGAGE","2","80.55","188.1","Month-to-month","Fiber optic","Credit card (automatic)","No","Yes","No","No"
"7108-DGVUU","175830","LOW","MONITOR","21","71.7","1497.05","One year","DSL","Bank transfer (automatic)","No","No","No","No"
"3853-LYGAM","534089","MEDIUM","ENGAGE","17","95.65","1640.0","Month-to-month","Fiber optic","Bank transfer (automatic)","Yes","No","Yes","No"
"0851-DFJKB","186819","LOW","MONITOR","15","58.95","955.15","Month-to-month","DSL","Electronic check","Yes","Yes","No","No"
"3317-VLGQT","657280","HIGH","URGENT","14","78.1","1122.4","Month-to-month","Fiber optic","Electronic check","No","No","Yes","No"
"4186-ZBUEW","100549","LOW","MONITOR","36","70.7","2511.95","One year","DSL","Mailed check","Yes","No","Yes","No"
"6890-PFRQX","215104","LOW","MONITOR","18","69.5","1199.4","Month-to-month","DSL","Mailed check","No","Yes","No","No"
"1376-HHBDV","134831","LOW","MONITOR","30","48.8","1536.75","Month-to-month","DSL","Mailed check","No","Yes","Yes","No"
"1904-WAJAA","48313","LOW","MONITOR","24","64.35","1558.65","Two year","DSL","Electronic check","No","Yes","No","No"
"2577-GVSIL","119901","LOW","MONITOR","35","73.45","2661.1","One year","DSL","Bank transfer (automatic)","Yes","No","Yes","No"
"3748-FVMZZ","598419","MEDIUM","ENGAGE","4","40.05","162.45","Month-to-month","DSL","Electronic check","Yes","No","Yes","No"
"6457-USBER","746668","HIGH","URGENT","1","80.8","80.8","Month-to-month","Fiber optic","Electronic check","No","No","Yes","Yes"
"3815-SLMEF","311582","MEDIUM","ENGAGE","3","34.25","139.35","Month-to-month","DSL","Mailed check","Yes","Yes","No","Yes"
"1564-NTYXF","759901","HIGH","URGENT","13","82.0","1127.2","Month-to-month","Fiber optic","Electronic check","No","No","Yes","Yes"
"9518-IMLHK","102924","LOW","MONITOR","31","72.45","2156.25","Month-to-month","DSL","Bank transfer (automatic)","Yes","Yes","Yes","No"
"6258-PVZWJ","18594","LOW","MONITOR","68","90.8","6302.85","Two year","DSL","Credit card (automatic)","Yes","Yes","Yes","No"
"6188-UXBBR","27599","LOW","MONITOR","38","20.25","814.75","One year","No","Credit card (automatic)","No internet service","No internet service","Yes","No"
"7363-QTBIW","699187","HIGH","URGENT","9","79.75","769.1","Month-to-month","Fiber optic","Electronic check","No","No","Yes","No"
"4423-JWZJN","92776","LOW","MONITOR","64","90.25","5629.15","One year","Fiber optic","Credit card (automatic)","No","No","No","No"
"5857-XRECV","95291","LOW","MONITOR","2","20.5","38.25","One year","No","Bank transfer (automatic)","No internet service","No internet service","No","No"
"2773-MADBQ","35603","LOW","MONITOR","36","53.1","1901.25","Two year","DSL","Mailed check","Yes","Yes","Yes","No"
"8100-HZZLJ","117291","LOW","MONITOR","43","63.95","2737.05","Month-to-month","DSL","Electronic check","No","Yes","Yes","No"
"9135-HSWOC","3029","LOW","MONITOR","64","19.7","1274.05","Two year","No","Bank transfer (automatic)","No internet service","No internet service","Yes","No"
"0655-YDGFJ","135984","LOW","MONITOR","29","48.95","1323.7","Month-to-month","DSL","Bank transfer (automatic)","No","No","No","No"
"6635-MYYYZ","62384","LOW","MONITOR","30","85.35","2530.4","One year","DSL","Bank transfer (automatic)","Yes","Yes","No","Yes"
"2750-BJLSB","180908","LOW","MONITOR","47","103.7","4730.6","One year","Fiber optic","Electronic check","Yes","Yes","Yes","No"
"7142-HVGBG","546313","MEDIUM","ENGAGE","43","103.0","4414.3","Month-to-month","Fiber optic","Electronic check","No","No","Yes","Yes"
"5649-RXQTV","380305","MEDIUM","ENGAGE","51","99.0","5038.15","Month-to-month","Fiber optic","Electronic check","No","No","Yes","No"
"7197-VOJMM","9228","LOW","MONITOR","67","69.2","4671.65","Two year","DSL","Credit card (automatic)","Yes","Yes","Yes","No"
"9070-BCKQP","58013","LOW","MONITOR","72","110.15","7881.2","Two year","Fiber optic","Credit card (automatic)","Yes","Yes","Yes","No"
"3597-YASZG","88214","LOW","MONITOR","70","104.45","7349.35","Two year","Fiber optic","Bank transfer (automatic)","Yes","No","Yes","No"
"3544-FBCAS","15557","LOW","MONITOR","72","83.6","5959.3","Two year","DSL","Credit card (automatic)","No","Yes","Yes","No"
"0328-GRPMV","715409","HIGH","URGENT","1","70.1","70.1","Month-to-month","Fiber optic","Electronic check","No","No","Yes","Yes"
"5762-TJXGK","33315","LOW","MONITOR","52","58.75","3038.55","Two year","DSL","Bank transfer (automatic)","No","Yes","Yes","No"
"5799-JRCZO","2585","LOW","MONITOR","63","19.5","1215.1","Two year","No","Credit card (automatic)","No internet service","No internet service","No","No"
"5397-NSKQG","12480","LOW","MONITOR","67","50.9","3281.65","Two year","DSL","Credit card (automatic)","No","Yes","No","No"
"4828-FAZPK","490727","MEDIUM","ENGAGE","16","79.95","1267.95","Month-to-month","Fiber optic","Credit card (automatic)","No","No","Yes","No"
"4023-RTIQM","125583","LOW","MONITOR","31","50.4","1580.1","One year","DSL","Credit card (automatic)","No","Yes","Yes","No"
"9871-ELEYA","20310","LOW","MONITOR","34","67.65","2339.3","Two year","DSL","Credit card (automatic)","Yes","Yes","No","No"
"4282-ACRXS","260675","LOW","MONITOR","38","24.85","955.75","Month-to-month","DSL","Electronic check","No","No","Yes","No"
"5709-LVOEQ","85281","LOW","MONITOR","0","80.85","0.0","Two year","DSL","Mailed check","No","Yes","No","No"
"9625-RZFUK","2288","LOW","MONITOR","63","19.7","1275.85","Two year","No","Mailed check","No internet service","No internet service","No","No"
"9526-BIHHD","384938","MEDIUM","ENGAGE","1","29.7","29.7","Month-to-month","DSL","Mailed check","No","Yes","No","Yes"
"2194-IIQOF","12734","LOW","MONITOR","71","89.3","6388.65","Two year","DSL","Credit card (automatic)","Yes","Yes","No","No"
"7595-EHCDL","224612","LOW","MONITOR","32","50.6","1653.45","Month-to-month","DSL","Credit card (automatic)","No","No","No","No"
"3043-SUDUA","53436","LOW","MONITOR","32","19.9","601.55","Month-to-month","No","Bank transfer (automatic)","No internet service","No internet service","No","No"
"9500-IWPXQ","35769","LOW","MONITOR","61","79.4","4820.55","One year","DSL","Electronic check","Yes","Yes","Yes","No"
"8073-IJDCM","251497","LOW","MONITOR","1","20.3","20.3","Month-to-month","No","Mailed check","No internet service","No internet service","Yes","Yes"
"1320-HTRDR","755163","HIGH","URGENT","3","75.5","220.6","Month-to-month","Fiber optic","Electronic check","No","No","Yes","Yes"
"3507-GASNP","2703","LOW","MONITOR","60","19.95","1189.9","Two year","No","Mailed check","No internet service","No internet service","No","No"
"2138-VFAPZ","35059","LOW","MONITOR","14","19.7","263.65","Two year","No","Mailed check","No internet service","No internet service","Yes","No"
"8305-VHZBZ","242082","LOW","MONITOR","1","20.2","20.2","Month-to-month","No","Mailed check","No internet service","No internet service","Yes","Yes"
"6402-SSEJG","176909","LOW","MONITOR","25","61.05","1540.2","One year","DSL","Electronic check","No","Yes","No","No"
"6738-ISCBM","123946","LOW","MONITOR","44","54.0","2440.25","One year","DSL","Electronic check","No","Yes","Yes","No"
"1877-HKBQX","116165","LOW","MONITOR","11","54.6","617.85","One year","DSL","Mailed check","Yes","Yes","Yes","No"
"6133-OZILE","373449","MEDIUM","ENGAGE","18","35.2","607.3","Month-to-month","DSL","Electronic check","Yes","No","Yes","No"
"6985-HAYWX","379284","MEDIUM","ENGAGE","26","79.3","2015.8","Month-to-month","Fiber optic","Bank transfer (automatic)","No","No","No","No"
"4830-FAXFM","131796","LOW","MONITOR","19","24.1","439.2","Month-to-month","No","Credit card (automatic)","No internet service","No internet service","Yes","No"
"3259-FDWOY","75466","LOW","MONITOR","71","106.0","7723.7","Two year","Fiber optic","Bank transfer (automatic)","No","No","Yes","Yes"
"2690-DVRVK","106565","LOW","MONITOR","5","20.55","99.45","One year","No","Electronic check","No internet service","No internet service","No","No"
"1987-AUELQ","3102","LOW","MONITOR","71","25.05","1873.7","Two year","No","Credit card (automatic)","No internet service","No internet service","No","No"
"6024-RUGGH","2952","LOW","MONITOR","72","25.2","1798.9","Two year","No","Bank transfer (automatic)","No internet service","No internet service","Yes","No"
"5989-AXPUC","45874","LOW","MONITOR","68","118.6","7990.05","Two year","Fiber optic","Mailed check","Yes","Yes","No","No"
"8601-QACRS","465260","MEDIUM","ENGAGE","5","50.6","249.95","Month-to-month","DSL","Mailed check","No","No","Yes","Yes"
"9269-CQOOL","414458","MEDIUM","ENGAGE","3","54.7","169.45","Month-to-month","DSL","Credit card (automatic)","No","No","Yes","Yes"
"6005-OBZPH","633060","HIGH","URGENT","26","89.15","2277.65","Month-to-month","Fiber optic","Electronic check","No","No","Yes","Yes"
"0303-UNCIP","79408","LOW","MONITOR","41","65.0","2531.8","One year","DSL","Mailed check","No","No","No","No"
"2202-OUTMO","126940","LOW","MONITOR","34","60.85","2003.6","Month-to-month","DSL","Bank transfer (automatic)","Yes","Yes","Yes","No"
"7851-FLGGQ","489881","MEDIUM","ENGAGE","1","44.65","44.65","Month-to-month","DSL","Mailed check","Yes","No","Yes","Yes"
"3807-BPOMJ","194779","LOW","MONITOR","55","94.75","5276.1","One year","Fiber optic","Electronic check","No","Yes","Yes","No"
"5568-DMXZS","402493","MEDIUM","ENGAGE","8","65.45","554.45","Month-to-month","DSL","Electronic check","Yes","No","Yes","No"
"4088-YLDSU","253753","LOW","MONITOR","55","104.15","5743.05","One year","Fiber optic","Electronic check","Yes","No","Yes","Yes"
"8148-WOCMK","36005","LOW","MONITOR","8","19.6","125.0","Two year","No","Credit card (automatic)","No internet service","No internet service","No","No"
"1699-UOTXU","10976","LOW","MONITOR","60","61.4","3638.25","Two year","DSL","Electronic check","No","Yes","No","No"
"3279-DYZQM","1512","LOW","MONITOR","71","19.45","1378.45","Two year","No","Mailed check","No internet service","No internet service","No","No"
"0506-YLVKJ","7028","LOW","MONITOR","46","20.2","917.45","Two year","No","Mailed check","No internet service","No internet service","Yes","No"
"1679-JRFBR","110098","LOW","MONITOR","70","108.15","7930.55","One year","Fiber optic","Credit card (automatic)","No","Yes","Yes","No"
"5628-FCGYG","663909","HIGH","URGENT","21","84.1","1737.45","Month-to-month","Fiber optic","Electronic check","No","No","Yes","No"
"0516-UXRMT","117831","LOW","MONITOR","62","92.05","5755.8","One year","Fiber optic","Electronic check","No","Yes","Yes","No"
"0330-BGYZE","146410","LOW","MONITOR","60","102.5","6157.6","One year","Fiber optic","Bank transfer (automatic)","No","No","No","No"
"4683-WYDOU","105311","LOW","MONITOR","62","107.6","6912.7","Two year","Fiber optic","Bank transfer (automatic)","Yes","No","Yes","No"
"8234-GSZYK","11391","LOW","MONITOR","43","26.45","1110.05","Two year","No","Bank transfer (automatic)","No internet service","No internet service","No","No"
"2137-DQMEV","13539","LOW","MONITOR","68","44.8","2983.65","One year","DSL","Mailed check","No","Yes","No","No"
"5294-CDGWY","54300","LOW","MONITOR","51","59.3","3014.65","One year","DSL","Electronic check","No","Yes","No","Yes"
"2378-YIZKA","10213","LOW","MONITOR","68","85.0","5607.75","Two year","DSL","Credit card (automatic)","Yes","Yes","Yes","No"
"2272-UOINI","366452","MEDIUM","ENGAGE","7","78.5","571.05","Month-to-month","DSL","Electronic check","Yes","Yes","Yes","No"
"4718-WXBGI","13501","LOW","MONITOR","72","91.95","6614.9","Two year","DSL","Credit card (automatic)","Yes","Yes","Yes","No"
"4578-PHJYZ","42288","LOW","MONITOR","52","68.75","3482.85","One year","DSL","Electronic check","Yes","No","Yes","No"
"9053-EJUNL","469186","MEDIUM","ENGAGE","41","89.2","3645.75","Month-to-month","Fiber optic","Electronic check","No","No","Yes","No"
"4361-BKAXE","313274","MEDIUM","ENGAGE","41","114.5","4527.45","Month-to-month","Fiber optic","Bank transfer (automatic)","Yes","Yes","Yes","Yes"
"6996-KNSML","691929","HIGH","URGENT","1","74.9","74.9","Month-to-month","Fiber optic","Electronic check","No","No","Yes","Yes"
"5566-SOEZD","142003","LOW","MONITOR","27","80.65","2209.75","One year","Fiber optic","Credit card (automatic)","No","Yes","Yes","No"
"9585-KKMFD","9133","LOW","MONITOR","41","20.0","879.8","Two year","No","Mailed check","No internet service","No internet service","Yes","No"
"6575-SUVOI","235481","LOW","MONITOR","25","69.5","1752.65","Month-to-month","DSL","Credit card (automatic)","Yes","Yes","Yes","No"
"8181-YHCMF","12970","LOW","MONITOR","68","60.3","4109.0","Two year","DSL","Credit card (automatic)","Yes","No","No","No"
"5550-VFRLC","745881","HIGH","URGENT","1","69.85","69.85","Month-to-month","Fiber optic","Electronic check","No","No","Yes","Yes"
"0840-DCNZE","48522","LOW","MONITOR","47","86.95","4138.9","One year","DSL","Bank transfer (automatic)","Yes","Yes","Yes","No"
"4433-JCGCG","569786","MEDIUM","ENGAGE","46","101.0","4680.05","Month-to-month","Fiber optic","Electronic check","No","No","Yes","Yes"
"7774-OJSXI","418201","MEDIUM","ENGAGE","31","103.45","3066.45","One year","Fiber optic","Electronic check","No","No","Yes","Yes"
"1468-DEFNC","4984","LOW","MONITOR","64","24.4","1548.65","Two year","No","Bank transfer (automatic)","No internet service","No internet service","Yes","No"
"7853-OETYL","524523","MEDIUM","ENGAGE","4","29.05","129.6","Month-to-month","DSL","Electronic check","No","Yes","Yes","No"
"2675-OTVVJ","456843","MEDIUM","ENGAGE","31","89.45","2807.65","Month-to-month","Fiber optic","Electronic check","No","Yes","No","No"
"8261-GWDBQ","83140","LOW","MONITOR","60","116.05","6925.9","Two year","Fiber optic","Bank transfer (automatic)","Yes","Yes","Yes","No"
"0564-JJHGS","780863","HIGH","URGENT","9","95.5","829.1","Month-to-month","Fiber optic","Electronic check","No","No","Yes","Yes"
"0432-CAJZV","620198","HIGH","URGENT","3","90.7","237.65","Month-to-month","Fiber optic","Mailed check","No","No","No","No"
"4950-BDEUX","299736","LOW","MONITOR","35","49.2","1701.65","Month-to-month","DSL","Electronic check","No","No","No","No"
"3850-OKINF","32772","LOW","MONITOR","71","66.2","4692.55","One year","DSL","Electronic check","No","Yes","Yes","No"
"7450-NWRTR","775796","HIGH","URGENT","12","99.45","1200.15","Month-to-month","Fiber optic","Electronic check","No","No","Yes","Yes"
"0774-IFUVM","309982","MEDIUM","ENGAGE","11","65.15","723.35","Month-to-month","DSL","Bank transfer (automatic)","No","Yes","Yes","No"
"5906-DVAPM","32846","LOW","MONITOR","55","75.0","4213.9","One year","DSL","Credit card (automatic)","Yes","Yes","Yes","No"
"4951-UKAAQ","755545","HIGH","URGENT","4","88.95","355.2","Month-to-month","Fiber optic","Electronic check","No","No","Yes","Yes"
"3402-XRIUO","180110","LOW","MONITOR","22","63.55","1381.8","Month-to-month","DSL","Mailed check","Yes","Yes","Yes","No"
"3523-QRQLL","156846","LOW","MONITOR","22","69.5","1498.2","One year","DSL","Bank transfer (automatic)","No","No","Yes","Yes"
"3373-YZZYM","161275","LOW","MONITOR","1","19.2","19.2","Month-to-month","No","Mailed check","No internet service","No internet service","No","No"
"9715-WZCLW","74553","LOW","MONITOR","71","97.2","6910.3","Two year","Fiber optic","Electronic check","No","Yes","Yes","No"
"5701-ZIKJE","250403","LOW","MONITOR","13","50.55","610.75","Month-to-month","DSL","Mailed check","Yes","No","Yes","No"
"8124-NZVGJ","361547","MEDIUM","ENGAGE","6","49.25","255.6","One year","DSL","Mailed check","Yes","No","Yes","No"
"3797-VTIDR","641575","HIGH","URGENT","1","23.45","23.45","Month-to-month","DSL","Electronic check","No","No","Yes","Yes"
"0742-LAFQK","64538","LOW","MONITOR","72","99.15","7422.1","Two year","Fiber optic","Electronic check","No","Yes","Yes","No"
"0872-NXJYS","701186","HIGH","URGENT","9","79.55","723.4","Month-to-month","Fiber optic","Electronic check","No","No","Yes","Yes"
"6907-CQGPN","195682","LOW","MONITOR","29","34.3","1004.75","Month-to-month","DSL","Electronic check","Yes","No","No","No"
"5804-HYIEZ","252187","LOW","MONITOR","70","106.05","7554.05","Month-to-month","Fiber optic","Electronic check","No","Yes","Yes","No"
"3301-VKTGC","53591","LOW","MONITOR","68","85.5","5696.6","One year","Fiber optic","Bank transfer (automatic)","No","Yes","Yes","No"
"3043-TYBNO","323973","MEDIUM","ENGAGE","3","60.65","196.9","Month-to-month","DSL","Mailed check","Yes","No","No","No"
"0730-KOAVE","385124","MEDIUM","ENGAGE","30","94.3","2679.7","Month-to-month","Fiber optic","Credit card (automatic)","No","Yes","Yes","No"
"3934-HXCFZ","485978","MEDIUM","ENGAGE","23","99.25","2186.4","Month-to-month","Fiber optic","Electronic check","No","Yes","Yes","Yes"
"9801-GDWGV","553224","MEDIUM","ENGAGE","39","103.45","3994.45","Month-to-month","Fiber optic","Electronic check","No","No","Yes","Yes"
"3070-BDOQC","115036","LOW","MONITOR","60","99.65","5941.05","Two year","Fiber optic","Electronic check","No","No","Yes","No"
"7799-LGRDP","16255","LOW","MONITOR","43","25.7","1188.2","Two year","No","Credit card (automatic)","No internet service","No internet service","Yes","No"
"8749-CLJXC","193940","LOW","MONITOR","1","20.05","20.05","Month-to-month","No","Mailed check","No internet service","No internet service","No","No"
"2896-TBNBE","150146","LOW","MONITOR","40","80.8","3132.75","One year","Fiber optic","Electronic check","No","No","No","No"
"2826-UWHIS","248344","LOW","MONITOR","45","81.4","3775.85","Month-to-month","Fiber optic","Bank transfer (automatic)","No","No","No","No"
"7524-VRLPL","11381","LOW","MONITOR","69","74.1","5031.0","Two year","DSL","Credit card (automatic)","Yes","Yes","No","No"
"8932-CZHRQ","23842","LOW","MONITOR","68","76.75","5233.25","One year","DSL","Credit card (automatic)","No","Yes","No","No"
"5732-IKGQH","136649","LOW","MONITOR","52","104.45","5481.25","One year","Fiber optic","Bank transfer (automatic)","Yes","Yes","Yes","No"
"2674-MIAHT","628737","HIGH","URGENT","4","80.3","324.2","Month-to-month","Fiber optic","Mailed check","No","No","Yes","No"
"9938-ZREHM","75617","LOW","MONITOR","37","72.1","2658.4","One year","DSL","Mailed check","Yes","No","No","No"
"2933-FILNV","497723","MEDIUM","ENGAGE","2","24.4","36.55","Month-to-month","DSL","Mailed check","No","No","Yes","Yes"
"7235-NXZCP","703984","HIGH","URGENT","2","74.85","156.4","Month-to-month","Fiber optic","Mailed check","No","No","Yes","Yes"
"5996-EBTKM","16084","LOW","MONITOR","67","69.9","4615.9","Two year","DSL","Bank transfer (automatic)","Yes","No","Yes","No"
"7219-TLZHO","149097","LOW","MONITOR","4","20.85","62.9","Month-to-month","No","Mailed check","No internet service","No internet service","No","No"
"5307-UVGNB","69333","LOW","MONITOR","53","48.7","2495.2","Month-to-month","DSL","Bank transfer (automatic)","No","Yes","Yes","No"
"9554-DFKIC","143973","LOW","MONITOR","30","54.45","1588.7","Month-to-month","DSL","Bank transfer (automatic)","No","Yes","Yes","No"
"5378-IKEEG","697361","HIGH","URGENT","1","35.75","35.75","Month-to-month","DSL","Electronic check","No","No","Yes","Yes"
"3753-TSEMP","633397","HIGH","URGENT","15","88.15","1390.6","Month-to-month","Fiber optic","Electronic check","No","No","No","Yes"
"2800-VEQXM","584420","MEDIUM","ENGAGE","3","74.75","238.1","Month-to-month","Fiber optic","Mailed check","No","No","Yes","No"
"2834-JKOOW","93949","LOW","MONITOR","15","45.9","693.45","One year","DSL","Mailed check","Yes","Yes","No","No"
"0347-UBKUZ","112345","LOW","MONITOR","15","19.9","320.45","Month-to-month","No","Mailed check","No internet service","No internet service","No","No"
"0487-VVUVK","71286","LOW","MONITOR","25","19.15","477.6","Month-to-month","No","Mailed check","No internet service","No internet service","Yes","No"
"1574-DYCWE","4361","LOW","MONITOR","51","19.95","1028.75","Two year","No","Mailed check","No internet service","No internet service","No","No"
"9481-WHGWY","8781","LOW","MONITOR","70","75.35","5437.75","Two year","DSL","Credit card (automatic)","Yes","Yes","No","No"
"2519-LBNQL","285435","LOW","MONITOR","60","104.35","6339.45","One year","Fiber optic","Electronic check","No","No","Yes","No"
"6988-CJEYV","423384","MEDIUM","ENGAGE","49","98.7","4920.55","Month-to-month","Fiber optic","Electronic check","No","No","No","No"
"8849-AYPTR","485982","MEDIUM","ENGAGE","33","91.25","2964.05","Month-to-month","Fiber optic","Electronic check","No","No","No","No"
"7459-RRWQZ","344579","MEDIUM","ENGAGE","15","64.65","994.55","Month-to-month","DSL","Bank transfer (automatic)","No","Yes","Yes","Yes"
"5222-JCXZT","170643","LOW","MONITOR","4","19.0","78.9","Month-to-month","No","Mailed check","No internet service","No internet service","No","No"
"2122-YWVYA","483717","MEDIUM","ENGAGE","18","75.4","1380.4","Month-to-month","Fiber optic","Electronic check","No","Yes","Yes","No"
"8083-YTZES","736078","HIGH","URGENT","4","74.35","265.35","Month-to-month","Fiber optic","Electronic check","No","No","Yes","Yes"
"3863-QSTYI","86572","LOW","MONITOR","59","64.65","3735.45","Month-to-month","DSL","Electronic check","Yes","No","Yes","No"
"1334-PDUKM","70194","LOW","MONITOR","68","86.45","5762.95","One year","Fiber optic","Credit card (automatic)","No","No","No","No"
"4003-OCTMP","98684","LOW","MONITOR","31","64.0","1910.75","One year","DSL","Electronic check","Yes","Yes","Yes","No"
"6728-VOIFY","197904","LOW","MONITOR","63","96.0","6109.75","One year","Fiber optic","Electronic check","No","No","Yes","No"
"9924-JPRMC","79152","LOW","MONITOR","72","118.2","8547.15","Two year","Fiber optic","Electronic check","Yes","Yes","Yes","No"
"3108-PCCGG","15704","LOW","MONITOR","72","84.45","5899.85","Two year","DSL","Credit card (automatic)","No","Yes","No","No"
"5502-RLUYV","323917","MEDIUM","ENGAGE","69","103.95","7446.9","Month-to-month","Fiber optic","Electronic check","No","No","Yes","Yes"
"2660-EMUBI","800547","HIGH","URGENT","10","95.35","898.35","Month-to-month","Fiber optic","Electronic check","No","No","Yes","Yes"
"2302-ANTDP","329277","MEDIUM","ENGAGE","48","117.45","5438.9","Month-to-month","Fiber optic","Electronic check","Yes","Yes","No","Yes"
"4957-TREIR","302348","MEDIUM","ENGAGE","3","64.4","195.65","Month-to-month","DSL","Credit card (automatic)","Yes","Yes","Yes","No"
"8896-BQTTI","295412","LOW","MONITOR","1","25.0","25.0","Month-to-month","No","Mailed check","No internet service","No internet service","Yes","No"
"0030-FNXPP","185996","LOW","MONITOR","3","19.85","57.2","Month-to-month","No","Mailed check","No internet service","No internet service","No","No"
"6507-DTJZV","312201","MEDIUM","ENGAGE","13","66.4","831.75","Month-to-month","DSL","Credit card (automatic)","No","No","No","No"
"8467-WYNSR","108368","LOW","MONITOR","22","55.1","1253.15","Month-to-month","DSL","Mailed check","Yes","Yes","No","No"
"9927-DSWDF","438272","MEDIUM","ENGAGE","22","104.6","2180.55","Month-to-month","Fiber optic","Electronic check","Yes","Yes","Yes","No"
"4800-CZMPC","177409","LOW","MONITOR","48","103.25","5037.55","One year","Fiber optic","Credit card (automatic)","No","Yes","Yes","Yes"
"2172-EJXVF","244888","LOW","MONITOR","71","105.9","7521.95","One year","Fiber optic","Electronic check","No","No","Yes","No"
"1928-BXYIV","384998","MEDIUM","ENGAGE","1","61.15","61.15","Month-to-month","DSL","Electronic check","No","Yes","No","No"
"6876-ADESB","378726","MEDIUM","ENGAGE","1","48.95","48.95","Month-to-month","DSL","Electronic check","No","No","No","Yes"
"8245-UMPYT","785434","HIGH","URGENT","16","96.4","1581.2","Month-to-month","Fiber optic","Electronic check","No","No","Yes","Yes"
"2037-SGXHH","427533","MEDIUM","ENGAGE","38","94.65","3624.3","Month-to-month","Fiber optic","Electronic check","No","No","Yes","Yes"
"9705-ZJBCG","71328","LOW","MONITOR","13","54.15","701.05","One year","DSL","Bank transfer (automatic)","Yes","Yes","No","No"
"1448-PWKYE","639871","HIGH","URGENT","1","80.0","80.0","Month-to-month","Fiber optic","Electronic check","No","No","No","Yes"
"7621-VPNET","300368","MEDIUM","ENGAGE","42","85.9","3729.75","Month-to-month","Fiber optic","Credit card (automatic)","Yes","No","Yes","No"
"1661-CZBAU","58437","LOW","MONITOR","48","70.95","3629.2","One year","DSL","Bank transfer (automatic)","Yes","Yes","Yes","No"
"6261-LHRTG","185124","LOW","MONITOR","26","54.75","1406.9","Month-to-month","DSL","Credit card (automatic)","No","No","Yes","No"
"9972-EWRJS","2764","LOW","MONITOR","67","19.25","1372.9","Two year","No","Bank transfer (automatic)","No internet service","No internet service","Yes","No"
"8390-FESFV","22752","LOW","MONITOR","62","84.5","5193.2","Two year","DSL","Bank transfer (automatic)","Yes","No","No","No"
"9361-YNQWJ","10900","LOW","MONITOR","64","24.4","1601.2","One year","No","Bank transfer (automatic)","No internet service","No internet service","Yes","No"
"6857-VWJDT","707762","HIGH","URGENT","1","95.65","95.65","Month-to-month","Fiber optic","Mailed check","No","No","No","Yes"
"5756-OZRIO","44647","LOW","MONITOR","61","64.05","3902.6","One year","DSL","Bank transfer (automatic)","No","No","No","No"
"6725-TPKJO","7212","LOW","MONITOR","44","20.05","845.25","Two year","No","Mailed check","No internet service","No internet service","No","No"
"0233-FTHAV","123472","LOW","MONITOR","60","79.2","4765.0","One year","Fiber optic","Bank transfer (automatic)","No","No","Yes","No"
"1042-HFUCW","74124","LOW","MONITOR","25","54.75","1266.35","One year","DSL","Credit card (automatic)","Yes","No","Yes","No"
"3207-OYBWH","308148","MEDIUM","ENGAGE","57","95.25","5427.05","Month-to-month","Fiber optic","Bank transfer (automatic)","No","No","Yes","Yes"
"0684-AOSIH","693590","HIGH","URGENT","1","95.0","95.0","Month-to-month","Fiber optic","Electronic check","No","Yes","Yes","Yes"
"1839-UMACK","30729","LOW","MONITOR","42","25.05","949.85","One year","No","Electronic check","No internet service","No internet service","No","No"
"6481-ESCNL","505867","MEDIUM","ENGAGE","29","100.55","2878.75","Month-to-month","Fiber optic","Bank transfer (automatic)","No","No","No","No"
"0877-SDMBN","192110","LOW","MONITOR","54","103.95","5639.05","One year","Fiber optic","Bank transfer (automatic)","No","Yes","Yes","Yes"
"6204-IEUXJ","458145","MEDIUM","ENGAGE","3","80.1","217.55","Month-to-month","Fiber optic","Credit card (automatic)","Yes","No","No","Yes"
"6732-FZUGP","143260","LOW","MONITOR","47","94.9","4615.25","One year","Fiber optic","Credit card (automatic)","No","Yes","No","No"
"8128-YVJRG","550147","MEDIUM","ENGAGE","7","79.65","604.7","Month-to-month","Fiber optic","Mailed check","No","Yes","Yes","Yes"
"3217-FZDMN","686619","HIGH","URGENT","8","94.45","742.95","Month-to-month","Fiber optic","Credit card (automatic)","No","No","Yes","Yes"
"1767-TGTKO","412795","MEDIUM","ENGAGE","8","45.45","411.75","Month-to-month","DSL","Electronic check","No","No","Yes","No"
"9928-BZVLZ","80439","LOW","MONITOR","12","49.85","552.1","Two year","DSL","Mailed check","Yes","Yes","No","No"
"4654-ULTTN","12913","LOW","MONITOR","70","74.8","5315.8","Two year","DSL","Credit card (automatic)","Yes","Yes","Yes","No"
"1053-MXTTK","29644","LOW","MONITOR","72","108.65","7726.35","Two year","Fiber optic","Bank transfer (automatic)","Yes","Yes","Yes","No"
"0420-BWTPW","355656","MEDIUM","ENGAGE","8","25.5","215.2","Month-to-month","DSL","Mailed check","No","No","No","Yes"
"3090-LETTY","259868","LOW","MONITOR","2","60.95","134.6","Month-to-month","DSL","Bank transfer (automatic)","No","Yes","No","No"
"9907-SWKKF","534924","MEDIUM","ENGAGE","1","25.05","25.05","Month-to-month","DSL","Mailed check","No","No","No","Yes"
"2250-IVBWA","89704","LOW","MONITOR","64","81.05","5135.35","Month-to-month","Fiber optic","Electronic check","No","Yes","No","No"
"1432-FPAXX","305315","MEDIUM","ENGAGE","29","30.6","856.35","Month-to-month","DSL","Electronic check","No","No","Yes","Yes"
"8868-GAGIO","222457","LOW","MONITOR","45","84.55","3713.95","Month-to-month","Fiber optic","Mailed check","No","Yes","Yes","No"
"3488-PGMQJ","648257","HIGH","URGENT","8","74.5","606.55","Month-to-month","Fiber optic","Electronic check","No","No","Yes","Yes"
"2000-MPKCA","213450","LOW","MONITOR","58","107.75","6332.75","One year","Fiber optic","Electronic check","No","Yes","Yes","No"
"9609-BENEA","132542","LOW","MONITOR","35","69.0","2441.7","One year","DSL","Electronic check","Yes","No","Yes","No"
"6664-FPDAC","293929","LOW","MONITOR","56","111.95","6418.9","One year","Fiber optic","Electronic check","Yes","No","Yes","Yes"
"1353-LJWEM","300333","MEDIUM","ENGAGE","11","60.9","688.5","Month-to-month","DSL","Electronic check","Yes","No","Yes","No"
"2845-AFFTX","607473","HIGH","URGENT","41","99.8","4259.3","Month-to-month","Fiber optic","Electronic check","No","No","Yes","Yes"
"1088-AUUZZ","16432","LOW","MONITOR","56","75.85","4261.2","Two year","DSL","Credit card (automatic)","Yes","Yes","Yes","No"
"3259-QMXUN","40495","LOW","MONITOR","58","86.1","4890.5","Two year","DSL","Electronic check","No","Yes","Yes","No"
"2322-VCZHZ","485794","MEDIUM","ENGAGE","23","90.0","2024.1","Month-to-month","Fiber optic","Electronic check","No","Yes","Yes","No"
"1915-OAKWD","65264","LOW","MONITOR","16","19.3","360.35","One year","No","Bank transfer (automatic)","No internet service","No internet service","Yes","No"
"2990-OGYTD","20552","LOW","MONITOR","67","86.15","5883.85","Two year","DSL","Bank transfer (automatic)","Yes","No","No","No"
"2972-YDYUW","156236","LOW","MONITOR","57","94.7","5468.95","One year","Fiber optic","Electronic check","Yes","No","No","No"
"5197-LQXXH","21764","LOW","MONITOR","71","83.3","5894.5","Two year","DSL","Credit card (automatic)","Yes","No","Yes","No"
"9507-HSMMZ","4519","LOW","MONITOR","54","20.0","1149.65","Two year","No","Mailed check","No internet service","No internet service","No","No"
"4359-INNWN","57731","LOW","MONITOR","17","20.05","337.9","One year","No","Credit card (automatic)","No internet service","No internet service","No","No"
"4712-AUQZO","199965","LOW","MONITOR","18","33.6","550.35","Month-to-month","DSL","Mailed check","No","Yes","No","No"
"6586-MYGKD","16495","LOW","MONITOR","70","76.95","5289.8","Two year","DSL","Credit card (automatic)","Yes","Yes","Yes","No"
"6813-GZQCG","11625","LOW","MONITOR","45","24.65","1171.3","Two year","No","Credit card (automatic)","No internet service","No internet service","Yes","No"
"1580-BMCMR","566809","MEDIUM","ENGAGE","19","87.3","1637.3","Month-to-month","Fiber optic","Electronic check","No","Yes","Yes","No"
"7024-OHCCK","842526","HIGH","URGENT","2","93.85","170.85","Month-to-month","Fiber optic","Electronic check","No","No","Yes","Yes"
"4194-FJARJ","10707","LOW","MONITOR","54","60.0","3273.95","Two year","DSL","Bank transfer (automatic)","Yes","Yes","No","No"
"6007-TCTST","47301","LOW","MONITOR","72","115.8","8476.5","Two year","Fiber optic","Bank transfer (automatic)","Yes","Yes","Yes","No"
"7549-MYGPK","209982","LOW","MONITOR","63","100.55","6215.35","Month-to-month","Fiber optic","Electronic check","No","Yes","Yes","Yes"
"2277-BKJKN","101833","LOW","MONITOR","71","99.2","7213.75","Two year","Fiber optic","Electronic check","No","No","Yes","No"
"2450-ZKEED","122919","LOW","MONITOR","11","53.8","651.55","One year","DSL","Bank transfer (automatic)","Yes","No","No","No"
"0311-QYWSS","387679","MEDIUM","ENGAGE","6","49.45","314.6","Month-to-month","DSL","Electronic check","No","Yes","Yes","No"
"0410-IPFTY","405175","MEDIUM","ENGAGE","31","83.85","2674.15","Month-to-month","Fiber optic","Bank transfer (automatic)","No","No","Yes","No"
"2186-QZEYA","190927","LOW","MONITOR","29","58.55","1718.95","Month-to-month","DSL","Bank transfer (automatic)","No","Yes","Yes","No"
"9793-WECQC","434333","MEDIUM","ENGAGE","23","95.3","2192.9","Month-to-month","Fiber optic","Mailed check","No","No","No","No"
"7018-WBJNK","521908","MEDIUM","ENGAGE","13","78.3","1033.95","Month-to-month","Fiber optic","Credit card (automatic)","No","No","Yes","No"
"9317-WZPGV","711060","HIGH","URGENT","2","79.75","159.4","Month-to-month","Fiber optic","Bank transfer (automatic)","No","No","Yes","Yes"
"5606-AMZBO","528159","MEDIUM","ENGAGE","10","78.15","765.15","Month-to-month","Fiber optic","Credit card (automatic)","No","Yes","Yes","No"
"1552-CZCLL","14519","LOW","MONITOR","55","20.0","1087.25","Month-to-month","No","Credit card (automatic)","No internet service","No internet service","No","No"
"1518-VOWAV","419508","MEDIUM","ENGAGE","9","74.65","703.55","Month-to-month","DSL","Electronic check","No","Yes","Yes","Yes"
"1325-USMEC","44646","LOW","MONITOR","70","99.35","6944.5","Two year","Fiber optic","Credit card (automatic)","No","Yes","Yes","No"
"4654-GGUII","115439","LOW","MONITOR","18","40.2","711.95","One year","DSL","Mailed check","Yes","Yes","Yes","No"
"2074-GKOWZ","655317","HIGH","URGENT","2","89.55","185.55","Month-to-month","Fiber optic","Bank transfer (automatic)","No","No","Yes","Yes"
"5716-EZXZN","37214","LOW","MONITOR","65","99.05","6416.7","Two year","Fiber optic","Credit card (automatic)","Yes","Yes","Yes","No"
"3744-ZRRDZ","589208","MEDIUM","ENGAGE","21","82.35","1852.85","Month-to-month","Fiber optic","Electronic check","No","No","Yes","Yes"
"4872-JCVCA","6858","LOW","MONITOR","71","47.6","3377.8","Two year","DSL","Bank transfer (automatic)","Yes","Yes","Yes","No"
"1766-GKNMI","611206","HIGH","URGENT","29","84.9","2516.2","Month-to-month","Fiber optic","Electronic check","No","No","Yes","No"
"3606-TWKGI","745665","HIGH","URGENT","13","106.9","1364.3","Month-to-month","Fiber optic","Electronic check","No","No","Yes","Yes"
"2359-KLTEK","356122","MEDIUM","ENGAGE","41","94.9","3848.0","Month-to-month","Fiber optic","Bank transfer (automatic)","No","No","Yes","No"
"0354-WYROK","478898","MEDIUM","ENGAGE","31","98.9","2911.3","Month-to-month","Fiber optic","Electronic check","Yes","No","Yes","Yes"
"5186-SAMNZ","663385","HIGH","URGENT","1","69.5","69.5","Month-to-month","Fiber optic","Bank transfer (automatic)","No","No","Yes","Yes"
"8314-DPQHL","157676","LOW","MONITOR","9","50.8","463.6","One year","DSL","Mailed check","Yes","Yes","No","No"
"9788-YTFGE","191603","LOW","MONITOR","7","19.95","147.5","Month-to-month","No","Mailed check","No internet service","No internet service","Yes","No"
"3519-ZKXGG","753099","HIGH","URGENT","3","75.85","256.6","Month-to-month","Fiber optic","Electronic check","No","No","Yes","Yes"
"1183-CANVH","101346","LOW","MONITOR","23","60.0","1347.15","One year","DSL","Bank transfer (automatic)","Yes","No","No","No"
"1248-DYXUB","5425","LOW","MONITOR","52","24.8","1229.1","Two year","No","Mailed check","No internet service","No internet service","No","No"
"8058-JMEQO","784392","HIGH","URGENT","9","84.45","762.5","Month-to-month","Fiber optic","Electronic check","No","No","Yes","Yes"
"8380-MQINP","3557","LOW","MONITOR","55","20.3","1079.05","Two year","No","Mailed check","No internet service","No internet service","No","No"
"7354-OIJLX","707271","HIGH","URGENT","9","75.85","724.65","Month-to-month","Fiber optic","Electronic check","No","No","Yes","No"
"7064-FRRSW","366435","MEDIUM","ENGAGE","48","99.0","4744.35","One year","Fiber optic","Electronic check","No","No","Yes","No"
"8739-WWKDU","629735","HIGH","URGENT","25","89.5","2196.15","Month-to-month","Fiber optic","Electronic check","No","No","Yes","Yes"
"4803-LBYPN","35833","LOW","MONITOR","34","20.8","635.9","Month-to-month","No","Mailed check","No internet service","No internet service","No","No"
"6284-AHOOQ","540171","MEDIUM","ENGAGE","22","90.5","1910.6","Month-to-month","Fiber optic","Bank transfer (automatic)","Yes","No","Yes","Yes"
"5505-OVWQW","54449","LOW","MONITOR","17","20.15","353.65","One year","No","Mailed check","No internet service","No internet service","No","No"
"5012-YSPJJ","80645","LOW","MONITOR","31","54.35","1647.0","Month-to-month","DSL","Mailed check","Yes","No","No","No"
"1216-JWVUX","413530","MEDIUM","ENGAGE","25","75.5","1901.05","Month-to-month","Fiber optic","Electronic check","No","No","Yes","No"
"5696-CEIQJ","33291","LOW","MONITOR","67","103.15","6895.5","Two year","Fiber optic","Bank transfer (automatic)","Yes","No","No","No"
"7402-PWYJJ","233534","LOW","MONITOR","53","91.15","4862.5","One year","Fiber optic","Electronic check","Yes","No","Yes","No"
"0336-KXKFK","14040","LOW","MONITOR","72","61.2","4390.25","Two year","DSL","Credit card (automatic)","Yes","Yes","Yes","No"
"4676-WLUHT","17907","LOW","MONITOR","54","46.2","2431.95","Two year","DSL","Bank transfer (automatic)","No","Yes","No","No"
"5287-QWLKY","209690","LOW","MONITOR","71","105.1","7548.1","Month-to-month","Fiber optic","Credit card (automatic)","No","Yes","Yes","Yes"
"7009-LGECI","330323","MEDIUM","ENGAGE","4","50.55","235.65","Month-to-month","DSL","Bank transfer (automatic)","No","Yes","Yes","No"
"2458-EOMRE","238157","LOW","MONITOR","11","64.05","733.95","Month-to-month","DSL","Bank transfer (automatic)","No","Yes","No","No"
"3841-CONLJ","637552","HIGH","URGENT","1","35.0","35.0","Month-to-month","DSL","Electronic check","No","No","No","No"
"6143-JQKEA","350004","MEDIUM","ENGAGE","10","45.8","436.2","Month-to-month","DSL","Credit card (automatic)","No","No","Yes","No"
"8384-FZBJK","391852","MEDIUM","ENGAGE","57","100.6","5611.7","Month-to-month","Fiber optic","Electronic check","No","No","Yes","No"
"6778-EICRF","114104","LOW","MONITOR","24","74.8","1821.2","One year","DSL","Mailed check","No","Yes","No","No"
"6532-YLWSI","9714","LOW","MONITOR","53","20.8","1021.8","One year","No","Bank transfer (automatic)","No internet service","No internet service","No","Yes"
"9560-ARGQJ","598109","MEDIUM","ENGAGE","16","81.0","1312.15","Month-to-month","Fiber optic","Electronic check","No","No","Yes","Yes"
"5842-POCOP","515126","MEDIUM","ENGAGE","5","88.9","454.15","Month-to-month","Fiber optic","Mailed check","No","Yes","Yes","Yes"
"7537-RBWEA","566169","MEDIUM","ENGAGE","1","25.15","25.15","Month-to-month","DSL","Mailed check","No","No","Yes","No"
"6946-LMSQS","406641","MEDIUM","ENGAGE","25","89.05","2177.45","One year","Fiber optic","Electronic check","No","Yes","Yes","Yes"
"1846-XWOQN","746267","HIGH","URGENT","1","70.15","70.15","Month-to-month","Fiber optic","Electronic check","No","No","Yes","Yes"
"2332-TODQS","17871","LOW","MONITOR","48","25.05","1171.5","One year","No","Credit card (automatic)","No internet service","No internet service","No","No"
"5394-MEITZ","19522","LOW","MONITOR","60","80.6","4946.7","Two year","DSL","Bank transfer (automatic)","Yes","No","Yes","No"
"0859-YGKFW","42038","LOW","MONITOR","18","20.05","345.9","One year","No","Bank transfer (automatic)","No internet service","No internet service","No","No"
"2580-ATZSQ","10296","LOW","MONITOR","65","61.35","3874.1","One year","DSL","Bank transfer (automatic)","No","Yes","No","No"
"4010-YLMVT","305988","MEDIUM","ENGAGE","56","106.6","5893.95","Month-to-month","Fiber optic","Credit card (automatic)","No","Yes","Yes","No"
"0354-VXMJC","17402","LOW","MONITOR","23","19.6","426.65","Two year","No","Credit card (automatic)","No internet service","No internet service","No","No"
"2321-OMBXY","42943","LOW","MONITOR","38","80.3","3058.65","One year","DSL","Credit card (automatic)","Yes","Yes","No","Yes"
"3961-SXAXY","437508","MEDIUM","ENGAGE","1","44.05","44.05","Month-to-month","DSL","Bank transfer (automatic)","No","No","Yes","No"
"9637-CDTKZ","49275","LOW","MONITOR","72","114.1","8086.4","Two year","Fiber optic","Credit card (automatic)","Yes","Yes","Yes","No"
"2351-RRBUE","70625","LOW","MONITOR","7","20.65","134.05","One year","No","Mailed check","No internet service","No internet service","No","No"
"3026-ATZYV","53211","LOW","MONITOR","37","75.1","2658.8","One year","DSL","Bank transfer (automatic)","No","Yes","No","No"
"2135-DQWAQ","595456","MEDIUM","ENGAGE","5","85.3","420.45","Month-to-month","Fiber optic","Mailed check","No","No","Yes","No"
"8676-TRMJS","595630","MEDIUM","ENGAGE","3","75.0","209.1","Month-to-month","Fiber optic","Mailed check","No","No","No","Yes"
"7576-JMYWV","368048","MEDIUM","ENGAGE","46","110.2","4972.1","Month-to-month","Fiber optic","Electronic check","Yes","Yes","Yes","No"
"0196-VULGZ","795204","HIGH","URGENT","6","84.35","474.9","Month-to-month","Fiber optic","Electronic check","No","No","Yes","Yes"
"5186-EJEGL","227270","LOW","MONITOR","9","69.5","653.25","Month-to-month","DSL","Mailed check","Yes","Yes","Yes","No"
"6670-MFRPK","39158","LOW","MONITOR","69","79.2","5420.65","Two year","Fiber optic","Credit card (automatic)","No","No","Yes","No"
"2265-CYWIV","767635","HIGH","URGENT","4","99.6","347.65","Month-to-month","Fiber optic","Electronic check","No","Yes","Yes","Yes"
"5331-RGMTT","415248","MEDIUM","ENGAGE","54","99.05","5295.7","Month-to-month","Fiber optic","Credit card (automatic)","No","No","Yes","No"
"6142-VSJQO","397075","MEDIUM","ENGAGE","1","44.35","44.35","Month-to-month","DSL","Bank transfer (automatic)","No","No","Yes","Yes"
"1122-JWTJW","563823","MEDIUM","ENGAGE","1","70.65","70.65","Month-to-month","Fiber optic","Mailed check","No","No","Yes","Yes"
"4077-CROMM","530282","MEDIUM","ENGAGE","31","104.2","3243.45","Month-to-month","Fiber optic","Electronic check","Yes","No","Yes","Yes"
"1371-WEPDS","110903","LOW","MONITOR","40","55.8","2283.3","One year","DSL","Electronic check","No","No","No","No"
"3378-AJRAO","22659","LOW","MONITOR","44","24.85","1013.6","One year","No","Electronic check","No internet service","No internet service","No","No"
"5686-CMAWK","322316","MEDIUM","ENGAGE","17","86.75","1410.25","One year","Fiber optic","Electronic check","Yes","No","No","No"
"4013-GUXND","194736","LOW","MONITOR","1","20.8","20.8","Month-to-month","No","Mailed check","No internet service","No internet service","No","No"
"1298-PHBTI","42049","LOW","MONITOR","71","84.8","6152.4","Two year","Fiber optic","Electronic check","Yes","No","Yes","No"
"9256-JTBNZ","140724","LOW","MONITOR","11","20.3","246.3","Month-to-month","No","Bank transfer (automatic)","No internet service","No internet service","No","No"
"9451-LPGOO","763594","HIGH","URGENT","7","86.8","620.35","Month-to-month","Fiber optic","Electronic check","No","No","Yes","Yes"
"8276-MQBYC","517418","MEDIUM","ENGAGE","51","97.8","4913.3","Month-to-month","Fiber optic","Electronic check","No","No","Yes","Yes"
"6483-OATDN","243902","LOW","MONITOR","8","51.3","411.6","Month-to-month","DSL","Credit card (automatic)","No","Yes","Yes","No"
"2424-WVHPL","611752","HIGH","URGENT","1","74.7","74.7","Month-to-month","Fiber optic","Electronic check","Yes","No","No","No"
"2712-SYWAY","397940","MEDIUM","ENGAGE","1","25.7","25.7","Month-to-month","No","Electronic check","No internet service","No internet service","Yes","No"
"9129-UXERG","607095","HIGH","URGENT","18","103.6","1806.35","Month-to-month","Fiber optic","Credit card (automatic)","Yes","No","Yes","No"
"6519-CFDBX","527026","MEDIUM","ENGAGE","2","45.4","80.95","Month-to-month","DSL","Electronic check","No","No","Yes","No"
"5529-GIBVH","6787","LOW","MONITOR","47","20.15","1046.2","Two year","No","Mailed check","No internet service","No internet service","No","No"
"8286-AFUYI","355583","MEDIUM","ENGAGE","1","47.95","47.95","Month-to-month","DSL","Electronic check","No","Yes","No","No"
"9435-JMLSX","11181","LOW","MONITOR","71","86.1","6045.9","Two year","DSL","Bank transfer (automatic)","Yes","Yes","Yes","No"
"0831-JNISG","1523","LOW","MONITOR","71","19.8","1396.25","Two year","No","Mailed check","No internet service","No internet service","No","No"
"6618-RYATB","663680","HIGH","URGENT","1","79.55","79.55","Month-to-month","Fiber optic","Mailed check","No","No","Yes","Yes"
"8229-BUJHX","1746","LOW","MONITOR","71","20.5","1500.95","Two year","No","Bank transfer (automatic)","No internet service","No internet service","No","No"
"2314-TNDJQ","5634","LOW","MONITOR","72","55.65","3880.05","Two year","DSL","Credit card (automatic)","Yes","Yes","No","No"
"0734-OXWBT","318283","MEDIUM","ENGAGE","3","70.7","225.65","Month-to-month","DSL","Mailed check","Yes","No","No","No"
"4672-FOTSD","295267","LOW","MONITOR","12","67.25","832.3","Month-to-month","DSL","Electronic check","Yes","Yes","Yes","No"
"4626-GYCZP","788960","HIGH","URGENT","7","93.85","635.6","Month-to-month","Fiber optic","Electronic check","No","No","Yes","Yes"
"3453-RTHJQ","665279","HIGH","URGENT","6","69.1","435.0","Month-to-month","Fiber optic","Electronic check","No","No","Yes","No"
"5027-XWQHA","401762","MEDIUM","ENGAGE","6","44.75","270.95","Month-to-month","DSL","Electronic check","No","No","No","Yes"
"2480-EJWYP","225266","LOW","MONITOR","58","97.8","5458.8","One year","Fiber optic","Bank transfer (automatic)","No","No","Yes","No"
"6479-OAUSD","37753","LOW","MONITOR","25","19.9","510.8","One year","No","Credit card (automatic)","No internet service","No internet service","No","No"
"3590-TCXTB","194258","LOW","MONITOR","1","20.35","20.35","Month-to-month","No","Mailed check","No internet service","No internet service","No","No"
"1371-OJCEK","17403","LOW","MONITOR","48","24.35","1133.7","One year","No","Bank transfer (automatic)","No internet service","No internet service","No","No"
"9894-QMIMJ","90021","LOW","MONITOR","23","55.8","1327.85","One year","DSL","Bank transfer (automatic)","No","No","No","No"
"6765-MBQNU","47074","LOW","MONITOR","26","26.0","684.05","One year","No","Mailed check","No internet service","No internet service","No","No"
"5448-VWNAM","181768","LOW","MONITOR","19","75.9","1375.6","Month-to-month","DSL","Mailed check","Yes","Yes","Yes","No"
"2969-WGHQO","144433","LOW","MONITOR","7","69.45","477.05","One year","DSL","Electronic check","No","Yes","No","No"
"1027-LKKQQ","10363","LOW","MONITOR","72","80.45","5886.85","Two year","DSL","Bank transfer (automatic)","Yes","Yes","Yes","No"
"0343-QLUZP","9361","LOW","MONITOR","60","39.6","2424.5","Two year","DSL","Bank transfer (automatic)","No","Yes","No","No"
"9867-NNXLC","106257","LOW","MONITOR","22","20.05","470.2","Month-to-month","No","Mailed check","No internet service","No internet service","Yes","No"
"2790-XUYMV","51509","LOW","MONITOR","71","85.45","6028.95","One year","Fiber optic","Credit card (automatic)","No","Yes","Yes","No"
"0027-KWYKW","596149","MEDIUM","ENGAGE","23","83.75","1849.95","Month-to-month","Fiber optic","Electronic check","No","No","Yes","No"
"2968-SSGAA","771199","HIGH","URGENT","10","100.6","1060.2","Month-to-month","Fiber optic","Electronic check","No","No","Yes","Yes"
"9661-ACXBS","484321","MEDIUM","ENGAGE","42","105.2","4400.75","Month-to-month","Fiber optic","Electronic check","No","Yes","Yes","Yes"
"7379-POKDZ","685003","HIGH","URGENT","3","70.3","208.85","Month-to-month","Fiber optic","Electronic check","No","No","Yes","Yes"
"1980-KXVPM","722308","HIGH","URGENT","3","75.05","256.25","Month-to-month","Fiber optic","Credit card (automatic)","No","No","Yes","Yes"
"9350-VLHMB","205531","LOW","MONITOR","67","89.55","6373.1","Month-to-month","Fiber optic","Bank transfer (automatic)","No","No","Yes","No"
"7517-LDMPS","644730","HIGH","URGENT","12","84.6","1017.35","Month-to-month","Fiber optic","Electronic check","No","No","Yes","No"
"2877-VDUER","71895","LOW","MONITOR","35","40.9","1383.6","One year","DSL","Mailed check","Yes","No","No","No"
"3884-UEBXB","6118","LOW","MONITOR","67","36.15","2434.45","Two year","DSL","Bank transfer (automatic)","No","Yes","No","No"
"6469-QJKZW","241805","LOW","MONITOR","4","20.15","91.4","Month-to-month","No","Electronic check","No internet service","No internet service","No","No"
"4726-DLWQN","117516","LOW","MONITOR","50","70.35","3454.6","Month-to-month","DSL","Bank transfer (automatic)","No","Yes","Yes","No"
"9974-JFBHQ","166781","LOW","MONITOR","64","99.15","6171.2","Month-to-month","Fiber optic","Credit card (automatic)","Yes","No","Yes","No"
"4628-WQCQQ","259618","LOW","MONITOR","35","85.15","3030.6","One year","Fiber optic","Electronic check","No","No","Yes","Yes"
"2207-OBZNX","280492","LOW","MONITOR","7","51.0","354.05","Month-to-month","DSL","Mailed check","No","Yes","Yes","Yes"
"7242-QZLXF","604038","HIGH","URGENT","1","25.3","25.3","Month-to-month","DSL","Electronic check","No","No","Yes","Yes"
"8816-VXNZD","767672","HIGH","URGENT","1","75.1","75.1","Month-to-month","Fiber optic","Electronic check","No","No","Yes","Yes"
"0939-YAPAF","620543","HIGH","URGENT","35","100.25","3527.6","Month-to-month","Fiber optic","Electronic check","No","No","Yes","Yes"
"2974-GGUXS","482086","MEDIUM","ENGAGE","36","91.95","3301.05","Month-to-month","Fiber optic","Credit card (automatic)","No","No","Yes","No"
"1866-ZSLJM","86679","LOW","MONITOR","21","20.5","402.85","Month-to-month","No","Credit card (automatic)","No internet service","No internet service","No","No"
"0325-XBFAC","713462","HIGH","URGENT","8","94.7","740.3","Month-to-month","Fiber optic","Electronic check","No","No","Yes","Yes"
"5149-QYTTU","43378","LOW","MONITOR","71","95.15","6770.85","One year","Fiber optic","Credit card (automatic)","Yes","Yes","Yes","No"
"7622-NXQZR","216554","LOW","MONITOR","28","30.1","810.85","Month-to-month","DSL","Credit card (automatic)","Yes","No","Yes","No"
"7750-EYXWZ","283929","LOW","MONITOR","12","60.65","743.3","One year","DSL","Electronic check","Yes","No","No","No"
"6317-YPKDH","467082","MEDIUM","ENGAGE","1","29.95","29.95","Month-to-month","DSL","Bank transfer (automatic)","No","No","No","Yes"
"4980-URKXC","21504","LOW","MONITOR","36","20.85","720.05","One year","No","Bank transfer (automatic)","No internet service","No internet service","No","No"
"2082-OJVTK","541222","MEDIUM","ENGAGE","29","89.2","2698.35","Month-to-month","Fiber optic","Electronic check","No","No","Yes","Yes"
"6894-LFHLY","786894","HIGH","URGENT","1","75.75","75.75","Month-to-month","Fiber optic","Electronic check","No","No","Yes","Yes"
"1221-GHZEP","11682","LOW","MONITOR","62","65.1","3846.75","Two year","DSL","Mailed check","Yes","Yes","Yes","No"
"1867-TJHTS","180983","LOW","MONITOR","58","79.8","4526.85","Month-to-month","Fiber optic","Bank transfer (automatic)","No","Yes","Yes","No"
"4833-QTJNO","109284","LOW","MONITOR","67","83.85","5588.8","Month-to-month","Fiber optic","Bank transfer (automatic)","No","Yes","No","No"
"2294-DMMUS","120098","LOW","MONITOR","62","70.45","4300.45","Month-to-month","DSL","Credit card (automatic)","No","No","Yes","No"
"7181-BQYBV","693464","HIGH","URGENT","1","102.45","102.45","Month-to-month","Fiber optic","Electronic check","No","Yes","Yes","Yes"
"4950-HKQTE","30875","LOW","MONITOR","22","26.25","605.9","Two year","No","Mailed check","No internet service","No internet service","No","No"
"3745-HRPHI","14131","LOW","MONITOR","66","54.65","3632.0","Two year","DSL","Bank transfer (automatic)","Yes","No","No","No"
"4747-LCAQL","163519","LOW","MONITOR","25","79.0","1902.0","Month-to-month","DSL","Mailed check","Yes","Yes","Yes","No"
"5968-HYJRZ","6994","LOW","MONITOR","47","24.55","1160.45","Two year","No","Mailed check","No internet service","No internet service","No","No"
"2239-CFOUJ","88797","LOW","MONITOR","1","20.4","20.4","One year","No","Mailed check","No internet service","No internet service","No","No"
"7905-TVXTA","372549","MEDIUM","ENGAGE","5","64.35","352.65","Month-to-month","DSL","Electronic check","Yes","Yes","Yes","No"
"1436-ZMJAN","424716","MEDIUM","ENGAGE","10","67.8","653.15","Month-to-month","DSL","Credit card (automatic)","No","No","Yes","No"
"2987-BJXIK","15482","LOW","MONITOR","70","84.7","5991.05","Two year","DSL","Mailed check","No","Yes","No","No"
"8738-JOKAR","42464","LOW","MONITOR","42","67.7","2882.25","One year","DSL","Mailed check","Yes","Yes","Yes","No"
"0402-OAMEN","2275","LOW","MONITOR","72","24.45","1709.1","Two year","No","Bank transfer (automatic)","No internet service","No internet service","No","No"
"1024-VRZHF","683523","HIGH","URGENT","11","74.95","825.7","Month-to-month","Fiber optic","Electronic check","No","No","Yes","Yes"
"4118-CEVPF","232658","LOW","MONITOR","35","110.8","3836.3","One year","Fiber optic","Bank transfer (automatic)","Yes","Yes","Yes","No"
"4884-TVUQF","58608","LOW","MONITOR","57","101.3","5779.6","Two year","Fiber optic","Credit card (automatic)","Yes","Yes","No","No"
"4177-JPDFU","263296","LOW","MONITOR","12","34.0","442.45","Month-to-month","DSL","Mailed check","Yes","No","No","No"
"7242-EDTYC","6208","LOW","MONITOR","44","19.55","819.95","Two year","No","Bank transfer (automatic)","No internet service","No internet service","No","No"
"2928-HLDBA","165039","LOW","MONITOR","6","20.7","112.75","Month-to-month","No","Mailed check","No internet service","No internet service","No","No"
"7072-MBHEV","582579","MEDIUM","ENGAGE","11","78.1","864.85","Month-to-month","Fiber optic","Credit card (automatic)","No","No","Yes","No"
"6288-LBEAR","331429","MEDIUM","ENGAGE","23","79.1","1783.75","Month-to-month","Fiber optic","Mailed check","Yes","No","Yes","No"
"8317-BVKSO","200401","LOW","MONITOR","14","20.05","299.3","Month-to-month","No","Electronic check","No internet service","No internet service","Yes","No"
"5561-NWEVX","710749","HIGH","URGENT","2","79.2","172.85","Month-to-month","Fiber optic","Electronic check","No","No","No","Yes"
"5095-AESKG","692887","HIGH","URGENT","3","91.5","242.95","Month-to-month","Fiber optic","Credit card (automatic)","No","No","Yes","Yes"
"6695-FRVEC","5425","LOW","MONITOR","67","60.4","3953.7","Two year","DSL","Bank transfer (automatic)","Yes","Yes","Yes","No"
"4163-KIUHY","108616","LOW","MONITOR","35","25.6","901.25","Month-to-month","No","Electronic check","No internet service","No internet service","Yes","No"
"7239-HZZCX","193622","LOW","MONITOR","1","19.75","19.75","Month-to-month","No","Mailed check","No internet service","No internet service","No","Yes"
"5897-ZYEKH","209506","LOW","MONITOR","67","105.6","7112.15","One year","Fiber optic","Electronic check","No","Yes","Yes","No"
"2616-UUTFK","160206","LOW","MONITOR","33","72.75","2447.45","Month-to-month","DSL","Bank transfer (automatic)","No","Yes","Yes","No"
"7110-BDTWG","20023","LOW","MONITOR","71","47.05","3263.6","Two year","DSL","Electronic check","Yes","No","Yes","No"
"6292-TOSSS","7872","LOW","MONITOR","50","24.9","1195.25","Two year","No","Bank transfer (automatic)","No internet service","No internet service","No","No"
"4588-YBNIB","250605","LOW","MONITOR","1","19.6","19.6","Month-to-month","No","Mailed check","No internet service","No internet service","Yes","Yes"
"4785-QRJHC","96951","LOW","MONITOR","46","59.9","2816.65","One year","DSL","Bank transfer (automatic)","Yes","No","Yes","Yes"
"5760-WRAHC","189379","LOW","MONITOR","22","69.75","1545.4","Month-to-month","DSL","Mailed check","Yes","Yes","Yes","No"
"5724-BIDBU","63453","LOW","MONITOR","49","55.35","2633.95","One year","DSL","Electronic check","No","Yes","Yes","No"
"5304-EFJLP","82041","LOW","MONITOR","72","111.65","8022.85","Two year","Fiber optic","Bank transfer (automatic)","Yes","No","Yes","No"
"2929-QNSRW","285039","LOW","MONITOR","56","98.25","5508.35","One year","Fiber optic","Electronic check","No","No","Yes","Yes"
"0959-WHOKV","237380","LOW","MONITOR","42","99.0","4298.45","One year","Fiber optic","Electronic check","No","Yes","Yes","No"
"6128-DAFVY","159715","LOW","MONITOR","56","44.85","2564.95","Month-to-month","DSL","Credit card (automatic)","No","No","Yes","No"
"0612-RTZZA","632217","HIGH","URGENT","1","25.25","25.25","Month-to-month","DSL","Electronic check","No","No","No","Yes"
"7950-XWOVN","308440","MEDIUM","ENGAGE","11","34.7","383.55","Month-to-month","DSL","Mailed check","No","No","No","No"
"7748-UMTRK","601272","HIGH","URGENT","30","101.3","2974.5","Month-to-month","Fiber optic","Electronic check","Yes","No","Yes","No"
"4091-TVOCN","67614","LOW","MONITOR","48","78.75","3682.45","One year","DSL","Credit card (automatic)","No","Yes","Yes","No"
"9975-GPKZU","5566","LOW","MONITOR","46","19.75","856.5","Two year","No","Credit card (automatic)","No internet service","No internet service","No","No"
"5214-NLTIT","54008","LOW","MONITOR","72","90.8","6511.8","Two year","Fiber optic","Credit card (automatic)","No","No","Yes","No"
"6917-IAYHD","325269","MEDIUM","ENGAGE","1","33.6","33.6","Month-to-month","DSL","Mailed check","Yes","No","No","No"
"4785-FCIFB","4433","LOW","MONITOR","61","24.4","1417.9","Two year","No","Mailed check","No internet service","No internet service","No","No"
"4822-YCXMX","633288","HIGH","URGENT","25","84.8","2043.45","Month-to-month","Fiber optic","Electronic check","No","No","Yes","Yes"
"8612-GXIDD","51633","LOW","MONITOR","12","25.4","313.0","Two year","No","Bank transfer (automatic)","No internet service","No internet service","Yes","No"
"1730-ZMAME","564302","MEDIUM","ENGAGE","32","79.5","2665.0","Month-to-month","Fiber optic","Electronic check","No","No","Yes","No"
"0620-XEFWH","141968","LOW","MONITOR","4","18.85","84.2","Month-to-month","No","Mailed check","No internet service","No internet service","No","No"
"5229-DTFYB","114075","LOW","MONITOR","41","98.8","3959.15","Two year","Fiber optic","Bank transfer (automatic)","Yes","No","Yes","No"
"0581-MDMPW","541675","MEDIUM","ENGAGE","24","88.95","2072.75","Month-to-month","Fiber optic","Credit card (automatic)","No","No","Yes","No"
"1814-WFGVS","5140","LOW","MONITOR","72","48.9","3527.0","Two year","DSL","Mailed check","Yes","Yes","No","No"
"9114-VEPUF","119737","LOW","MONITOR","62","96.1","6001.45","One year","Fiber optic","Electronic check","No","Yes","No","No"
"6060-DRTNL","644881","HIGH","URGENT","5","84.85","415.55","Month-to-month","Fiber optic","Mailed check","No","No","Yes","Yes"
"2454-RPBRZ","707430","HIGH","URGENT","12","98.1","1060.2","Month-to-month","Fiber optic","Electronic check","No","No","Yes","Yes"
"4607-CHPCA","393956","MEDIUM","ENGAGE","25","90.4","2178.6","One year","Fiber optic","Electronic check","No","No","Yes","Yes"
"1385-TQOZW","193143","LOW","MONITOR","9","20.45","147.55","Month-to-month","No","Credit card (automatic)","No internet service","No internet service","Yes","No"
"3249-ZPQRG","642101","HIGH","URGENT","4","78.45","330.05","Month-to-month","Fiber optic","Electronic check","No","No","No","Yes"
"9360-AHGNL","222270","LOW","MONITOR","43","109.55","4830.25","One year","Fiber optic","Mailed check","Yes","Yes","Yes","Yes"
"3806-YAZOV","184915","LOW","MONITOR","3","18.8","56.0","Month-to-month","No","Mailed check","No internet service","No internet service","No","No"
"4647-XXZAM","277213","LOW","MONITOR","6","45.5","285.2","Month-to-month","DSL","Mailed check","No","No","No","No"
"0484-JPBRU","59610","LOW","MONITOR","41","25.25","996.45","Month-to-month","No","Bank transfer (automatic)","No internet service","No internet service","Yes","No"
"2839-RFSQE","194527","LOW","MONITOR","2","20.65","38.7","Month-to-month","No","Mailed check","No internet service","No internet service","No","Yes"
"6331-EWIEB","668676","HIGH","URGENT","20","85.25","1734.5","Month-to-month","Fiber optic","Electronic check","No","No","Yes","Yes"
"3049-NDXFL","672950","HIGH","URGENT","1","85.8","85.8","Month-to-month","Fiber optic","Mailed check","No","No","No","Yes"
"3009-JWMPU","256325","LOW","MONITOR","62","96.75","6125.4","One year","Fiber optic","Electronic check","No","No","Yes","Yes"
"1142-IHLOO","165465","LOW","MONITOR","51","87.55","4475.9","One year","Fiber optic","Credit card (automatic)","No","No","No","No"
"7021-XSNYE","80962","LOW","MONITOR","7","49.65","305.55","Two year","DSL","Credit card (automatic)","Yes","Yes","No","No"
"6963-KQYQB","2435","LOW","MONITOR","70","24.05","1764.75","Two year","No","Mailed check","No internet service","No internet service","No","No"
"8095-WANWK","284192","LOW","MONITOR","10","45.25","428.7","Month-to-month","DSL","Mailed check","No","No","No","No"
"5115-GZDEL","8016","LOW","MONITOR","72","67.2","4671.7","Two year","DSL","Credit card (automatic)","Yes","Yes","No","No"
"6509-TSGWN","44872","LOW","MONITOR","37","26.45","911.6","Month-to-month","No","Mailed check","No internet service","No internet service","No","No"
"3090-HAWSU","78259","LOW","MONITOR","61","111.6","6876.05","Two year","Fiber optic","Credit card (automatic)","Yes","Yes","Yes","Yes"
"1017-FBQMM","150186","LOW","MONITOR","62","106.05","6703.5","One year","Fiber optic","Credit card (automatic)","Yes","No","Yes","No"
"5482-PLVPE","618975","HIGH","URGENT","2","24.35","41.85","Month-to-month","DSL","Electronic check","No","No","No","Yes"
"2511-MORQY","35893","LOW","MONITOR","50","54.9","2614.1","One year","DSL","Bank transfer (automatic)","No","No","No","No"
"6176-YJWAS","41588","LOW","MONITOR","72","97.95","7114.25","Two year","Fiber optic","Credit card (automatic)","No","Yes","Yes","No"
"0567-GGCAC","262782","LOW","MONITOR","7","61.4","438.9","Month-to-month","DSL","Electronic check","No","Yes","No","No"
"7994-UYIVZ","679467","HIGH","URGENT","8","85.65","659.45","Month-to-month","Fiber optic","Bank transfer (automatic)","No","No","Yes","No"
"9650-VBUOG","11635","LOW","MONITOR","38","25.05","963.95","Two year","No","Credit card (automatic)","No internet service","No internet service","No","No"
"5014-GSOUQ","33006","LOW","MONITOR","13","19.95","243.65","Two year","No","Mailed check","No internet service","No internet service","No","No"
"5590-ZSKRV","168996","LOW","MONITOR","8","54.65","482.25","Month-to-month","DSL","Mailed check","No","Yes","No","No"
"0654-PQKDW","18398","LOW","MONITOR","62","70.75","4263.45","One year","DSL","Bank transfer (automatic)","Yes","Yes","Yes","No"
"3486-KHMLI","88414","LOW","MONITOR","21","24.7","467.15","Month-to-month","No","Mailed check","No internet service","No internet service","No","No"
"2361-FJWNO","50726","LOW","MONITOR","40","36.0","1382.9","One year","DSL","Credit card (automatic)","Yes","No","No","No"
"9526-JAWYF","423431","MEDIUM","ENGAGE","26","89.8","2335.3","Month-to-month","Fiber optic","Electronic check","No","No","No","Yes"
"1226-IENZN","668278","HIGH","URGENT","16","78.75","1218.25","Month-to-month","Fiber optic","Electronic check","No","No","Yes","No"
"4353-HYOJD","118137","LOW","MONITOR","27","49.85","1336.15","Month-to-month","DSL","Mailed check","No","No","No","No"
"4456-RHSNB","218234","LOW","MONITOR","19","49.6","962.9","Month-to-month","DSL","Bank transfer (automatic)","No","No","Yes","No"
"5666-CYCYZ","602790","HIGH","URGENT","24","89.55","2259.35","Month-to-month","Fiber optic","Electronic check","Yes","No","Yes","No"
"5639-NTUPK","212527","LOW","MONITOR","13","52.1","670.65","Month-to-month","DSL","Credit card (automatic)","No","Yes","Yes","No"
"8107-RZLNV","82758","LOW","MONITOR","72","106.3","7565.35","Two year","Fiber optic","Bank transfer (automatic)","No","No","Yes","No"
"2876-VBBBL","251433","LOW","MONITOR","1","20.25","20.25","Month-to-month","No","Mailed check","No internet service","No internet service","Yes","Yes"
"2371-JQHZZ","686218","HIGH","URGENT","24","93.0","2248.05","Month-to-month","Fiber optic","Electronic check","No","No","Yes","No"
"0823-HSCDJ","235373","LOW","MONITOR","52","49.15","2550.9","Month-to-month","DSL","Electronic check","No","No","Yes","Yes"
"3978-YNKDD","22506","LOW","MONITOR","19","20.85","467.5","Two year","No","Credit card (automatic)","No internet service","No internet service","No","No"
"0822-GAVAP","694286","HIGH","URGENT","2","34.7","62.25","Month-to-month","DSL","Electronic check","No","No","Yes","Yes"
"4868-AADLV","152236","LOW","MONITOR","66","116.25","7862.25","One year","Fiber optic","Electronic check","Yes","Yes","Yes","No"
"1393-IMKZG","732324","HIGH","URGENT","1","95.85","95.85","Month-to-month","Fiber optic","Electronic check","Yes","No","Yes","No"
"6907-FLBER","479667","MEDIUM","ENGAGE","1","54.3","54.3","Month-to-month","DSL","Electronic check","No","No","No","No"
"8017-UVSZU","129744","LOW","MONITOR","40","56.6","2379.1","Month-to-month","DSL","Credit card (automatic)","No","No","No","No"
"2410-CIYFZ","158857","LOW","MONITOR","2","20.4","42.9","Month-to-month","No","Mailed check","No internet service","No internet service","No","No"
"8777-MBMTS","69828","LOW","MONITOR","65","105.85","6725.5","Two year","Fiber optic","Credit card (automatic)","Yes","No","Yes","No"
"5233-AOZUF","544964","MEDIUM","ENGAGE","29","74.95","2149.05","Month-to-month","Fiber optic","Electronic check","No","No","Yes","No"
"7164-BPTUT","14300","LOW","MONITOR","57","89.55","5012.35","Two year","DSL","Mailed check","Yes","Yes","No","No"
"1583-IHQZE","573403","MEDIUM","ENGAGE","12","112.95","1384.75","Month-to-month","Fiber optic","Mailed check","Yes","No","Yes","Yes"
"0363-QJVFX","374267","MEDIUM","ENGAGE","32","108.15","3432.9","Month-to-month","Fiber optic","Credit card (automatic)","Yes","Yes","Yes","Yes"
"5334-JLAXU","205686","LOW","MONITOR","60","94.1","5475.9","Month-to-month","Fiber optic","Credit card (automatic)","No","Yes","Yes","No"
"2642-MAWLJ","9656","LOW","MONITOR","36","20.25","717.95","Two year","No","Bank transfer (automatic)","No internet service","No internet service","No","No"
"6234-RAAPL","23990","LOW","MONITOR","72","99.9","7251.7","Two year","Fiber optic","Bank transfer (automatic)","Yes","Yes","No","No"
"1925-TIBLE","758981","HIGH","URGENT","7","86.5","582.5","Month-to-month","Fiber optic","Electronic check","No","No","Yes","Yes"
"8849-PRIQJ","132939","LOW","MONITOR","67","109.4","7281.6","One year","Fiber optic","Electronic check","Yes","Yes","Yes","No"
"8945-MUQUF","191229","LOW","MONITOR","51","94.8","4837.6","One year","Fiber optic","Electronic check","No","Yes","Yes","Yes"
"6101-IMRMM","524760","MEDIUM","ENGAGE","6","94.5","575.45","Month-to-month","Fiber optic","Mailed check","No","No","No","Yes"
"0455-ENTCR","19860","LOW","MONITOR","66","85.25","5538.35","Two year","DSL","Electronic check","Yes","Yes","No","No"
"2245-ADZFJ","53398","LOW","MONITOR","31","80.55","2471.6","Two year","DSL","Bank transfer (automatic)","Yes","No","No","No"
"0177-PXBAT","423336","MEDIUM","ENGAGE","33","109.9","3694.7","Month-to-month","Fiber optic","Bank transfer (automatic)","Yes","Yes","Yes","No"
"5173-WXOQV","350915","MEDIUM","ENGAGE","2","64.2","143.65","Month-to-month","DSL","Mailed check","Yes","No","Yes","No"
"1658-TJVOA","621730","HIGH","URGENT","6","74.1","450.9","Month-to-month","Fiber optic","Electronic check","No","Yes","Yes","No"
"6376-GAHQE","652914","HIGH","URGENT","4","77.85","299.2","Month-to-month","Fiber optic","Electronic check","No","No","No","Yes"
"6897-UUBNU","273643","LOW","MONITOR","29","89.65","2623.65","Month-to-month","Fiber optic","Mailed check","Yes","No","No","No"
"9944-AEXBM","496348","MEDIUM","ENGAGE","32","85.65","2664.3","Month-to-month","Fiber optic","Bank transfer (automatic)","No","No","Yes","No"
"4973-RLZVI","49130","LOW","MONITOR","30","74.65","2308.6","One year","DSL","Credit card (automatic)","Yes","Yes","No","No"
"1635-HDGFT","21696","LOW","MONITOR","19","20.5","398.55","Two year","No","Mailed check","No internet service","No internet service","No","No"
"1159-WFSGR","126030","LOW","MONITOR","16","20.4","321.4","Month-to-month","No","Electronic check","No internet service","No internet service","No","No"
"5419-KLXBN","375054","MEDIUM","ENGAGE","25","89.15","2257.75","Month-to-month","Fiber optic","Bank transfer (automatic)","No","No","Yes","Yes"
"1272-ILHFG","46462","LOW","MONITOR","15","19.65","332.65","One year","No","Mailed check","No internet service","No internet service","No","No"
"8062-YBDOE","736029","HIGH","URGENT","1","69.65","69.65","Month-to-month","Fiber optic","Electronic check","No","No","Yes","Yes"
"8873-GLDMH","645180","HIGH","URGENT","6","73.85","401.3","Month-to-month","Fiber optic","Mailed check","No","No","Yes","No"
"9975-SKRNR","192724","LOW","MONITOR","1","18.9","18.9","Month-to-month","No","Mailed check","No internet service","No internet service","No","No"
"7854-EKTJL","280676","LOW","MONITOR","2","19.6","35.85","Month-to-month","No","Electronic check","No internet service","No internet service","Yes","Yes"
"9114-AAFQH","82060","LOW","MONITOR","48","65.65","3094.65","One year","DSL","Electronic check","No","No","Yes","No"
"1589-AGTLK","504730","MEDIUM","ENGAGE","3","45.35","141.5","Month-to-month","DSL","Electronic check","No","No","Yes","Yes"
"3969-GYXEL","475175","MEDIUM","ENGAGE","11","76.4","838.7","Month-to-month","Fiber optic","Electronic check","No","Yes","No","No"
"7854-EDSSA","210511","LOW","MONITOR","22","59.0","1254.7","Month-to-month","DSL","Electronic check","No","Yes","No","Yes"
"9467-ROOLM","70044","LOW","MONITOR","25","19.05","461.3","Month-to-month","No","Mailed check","No internet service","No internet service","No","No"
"8992-CEUEN","272434","LOW","MONITOR","1","18.85","18.85","Month-to-month","No","Electronic check","No internet service","No internet service","No","No"
"9828-QHFBK","225832","LOW","MONITOR","24","51.15","1275.7","Month-to-month","DSL","Electronic check","No","Yes","Yes","No"
"9722-UJOJR","406542","MEDIUM","ENGAGE","29","70.75","1974.8","Month-to-month","Fiber optic","Electronic check","No","No","Yes","Yes"
"7538-GWHML","645987","HIGH","URGENT","2","69.65","145.15","Month-to-month","Fiber optic","Electronic check","No","No","No","Yes"
"3834-XUIFC","680674","HIGH","URGENT","7","85.2","602.55","Month-to-month","Fiber optic","Mailed check","No","No","Yes","Yes"
"4729-XKASR","534022","MEDIUM","ENGAGE","1","24.75","24.75","Month-to-month","DSL","Electronic check","No","No","No","Yes"
"1032-MAELW","27931","LOW","MONITOR","68","78.45","5333.35","One year","DSL","Electronic check","Yes","Yes","Yes","No"
"7279-BUYWN","518774","MEDIUM","ENGAGE","41","113.2","4689.5","Month-to-month","Fiber optic","Electronic check","No","Yes","Yes","Yes"
"3251-YMVWZ","13174","LOW","MONITOR","53","24.05","1301.9","One year","No","Bank transfer (automatic)","No internet service","No internet service","No","No"
"8270-RKSAP","639704","HIGH","URGENT","9","70.5","597.9","Month-to-month","Fiber optic","Electronic check","No","No","Yes","No"
"4208-UFFGW","384693","MEDIUM","ENGAGE","2","44.95","85.15","Month-to-month","DSL","Mailed check","No","No","No","Yes"
"9695-IDRZR","111400","LOW","MONITOR","34","116.15","3946.9","Two year","Fiber optic","Credit card (automatic)","Yes","Yes","Yes","No"
"2696-ECXKC","122179","LOW","MONITOR","55","100.9","5448.6","One year","Fiber optic","Mailed check","No","Yes","No","No"
"3957-HHLMR","19570","LOW","MONITOR","70","65.2","4543.15","One year","DSL","Bank transfer (automatic)","No","Yes","No","No"
"3006-XIMLN","728585","HIGH","URGENT","2","94.2","193.8","Month-to-month","Fiber optic","Bank transfer (automatic)","No","No","Yes","Yes"
"6064-ZATLR","30513","LOW","MONITOR","27","52.85","1498.65","Two year","DSL","Bank transfer (automatic)","No","Yes","No","No"
"1336-EZFZY","179007","LOW","MONITOR","4","20.05","83.3","Month-to-month","No","Mailed check","No internet service","No internet service","No","No"
"1226-UDFZR","387289","MEDIUM","ENGAGE","2","49.6","114.7","Month-to-month","DSL","Mailed check","No","No","Yes","Yes"
"6036-TTFYU","104459","LOW","MONITOR","16","19.6","314.45","Month-to-month","No","Mailed check","No internet service","No internet service","No","No"
"6023-GSSXW","15150","LOW","MONITOR","69","61.45","4131.2","Two year","DSL","Credit card (automatic)","No","No","Yes","No"
"5456-ITGIC","14302","LOW","MONITOR","72","64.45","4641.1","Two year","DSL","Credit card (automatic)","Yes","Yes","Yes","No"
"5982-PSMKW","61670","LOW","MONITOR","23","91.1","2198.3","Two year","DSL","Credit card (automatic)","Yes","Yes","Yes","No"
"3452-GWUIN","759062","HIGH","URGENT","19","94.95","1760.25","Month-to-month","Fiber optic","Electronic check","No","No","Yes","No"
"3642-BYHDO","1688","LOW","MONITOR","71","19.9","1389.35","Two year","No","Bank transfer (automatic)","No internet service","No internet service","No","No"
"0621-CXBKL","4789","LOW","MONITOR","53","18.7","1005.7","Two year","No","Mailed check","No internet service","No internet service","No","No"
"5650-YLIBA","502871","MEDIUM","ENGAGE","31","81.15","2640.55","Month-to-month","Fiber optic","Electronic check","No","No","Yes","No"
"3506-LCJDC","169493","LOW","MONITOR","1","19.95","19.95","Month-to-month","No","Bank transfer (automatic)","No internet service","No internet service","No","Yes"
"4993-JCRGJ","388518","MEDIUM","ENGAGE","26","84.3","2281.6","Month-to-month","Fiber optic","Mailed check","Yes","No","Yes","No"
"2043-WVTQJ","247744","LOW","MONITOR","1","55.7","55.7","Month-to-month","DSL","Mailed check","No","Yes","No","No"
"4016-BJKTZ","222629","LOW","MONITOR","25","108.9","2809.05","Two year","Fiber optic","Electronic check","Yes","No","No","No"
"6418-PIQSP","12302","LOW","MONITOR","62","81.0","4985.9","Two year","DSL","Mailed check","Yes","Yes","No","No"
"2141-RRYGO","470381","MEDIUM","ENGAGE","4","68.65","261.25","Month-to-month","DSL","Bank transfer (automatic)","No","No","Yes","Yes"
"0224-HJAPT","474872","MEDIUM","ENGAGE","5","47.15","223.15","Month-to-month","DSL","Electronic check","No","No","No","Yes"
"7137-RYLPP","570623","MEDIUM","ENGAGE","37","85.7","3171.15","Month-to-month","Fiber optic","Electronic check","No","No","Yes","Yes"
"4800-VHZKI","250987","LOW","MONITOR","1","19.9","19.9","Month-to-month","No","Mailed check","No internet service","No internet service","Yes","Yes"
"2209-XADXF","509769","MEDIUM","ENGAGE","1","25.25","25.25","Month-to-month","DSL","Bank transfer (automatic)","No","No","No","No"
"5855-EIBDE","54974","LOW","MONITOR","49","106.65","5174.35","Two year","Fiber optic","Credit card (automatic)","Yes","Yes","No","No"
"6980-CDGFC","6485","LOW","MONITOR","67","20.85","1327.4","One year","No","Bank transfer (automatic)","No internet service","No internet service","Yes","No"
"6892-EZDTG","747508","HIGH","URGENT","4","91.65","365.4","Month-to-month","Fiber optic","Electronic check","No","No","Yes","Yes"
"1431-AIDJQ","33488","LOW","MONITOR","33","82.1","2603.1","Two year","DSL","Credit card (automatic)","Yes","No","No","No"
"1073-XXCZD","6282","LOW","MONITOR","55","25.7","1443.65","Two year","No","Bank transfer (automatic)","No internet service","No internet service","No","No"
"0620-DLSLK","571589","MEDIUM","ENGAGE","13","81.9","1028.9","Month-to-month","Fiber optic","Mailed check","No","No","Yes","No"
"8044-BGWPI","184969","LOW","MONITOR","12","21.15","306.05","Month-to-month","No","Electronic check","No internet service","No internet service","Yes","No"
"6646-VRFOL","481345","MEDIUM","ENGAGE","53","103.85","5485.5","Month-to-month","Fiber optic","Electronic check","No","No","Yes","Yes"
"3243-ZHOHY","56517","LOW","MONITOR","16","20.1","296.15","One year","No","Mailed check","No internet service","No internet service","No","No"
"9867-JCZSP","45139","LOW","MONITOR","17","20.75","418.25","One year","No","Mailed check","No internet service","No internet service","No","No"
"4503-BDXBD","516410","MEDIUM","ENGAGE","11","74.95","815.5","Month-to-month","Fiber optic","Electronic check","No","No","No","Yes"
"8063-RJYNF","593380","MEDIUM","ENGAGE","16","94.25","1483.25","Month-to-month","Fiber optic","Electronic check","No","Yes","Yes","Yes"
"6137-MFAJN","144105","LOW","MONITOR","48","44.8","2104.55","Month-to-month","DSL","Electronic check","No","Yes","Yes","No"
"2144-ESWKO","54728","LOW","MONITOR","43","35.2","1463.7","One year","DSL","Credit card (automatic)","No","Yes","Yes","No"
"6419-ZTTLE","84733","LOW","MONITOR","23","20.75","485.2","One year","No","Electronic check","No internet service","No internet service","Yes","No"
"6682-QJDGB","65635","LOW","MONITOR","40","55.25","2139.2","Month-to-month","DSL","Mailed check","No","Yes","Yes","Yes"
"0839-JTCUD","12358","LOW","MONITOR","66","89.9","5958.85","Two year","DSL","Credit card (automatic)","Yes","Yes","No","No"
"8760-ZRHKE","27474","LOW","MONITOR","71","69.2","4982.5","One year","DSL","Electronic check","No","Yes","No","No"
"5976-JCJRH","629955","HIGH","URGENT","10","70.3","738.2","Month-to-month","Fiber optic","Electronic check","No","No","Yes","Yes"
"0946-CLJTI","476556","MEDIUM","ENGAGE","58","98.7","5812.6","Month-to-month","Fiber optic","Electronic check","No","No","Yes","Yes"
"4129-LYCOI","96309","LOW","MONITOR","67","104.0","7039.05","Two year","Fiber optic","Electronic check","Yes","No","Yes","No"
"9762-YAQAA","170960","LOW","MONITOR","39","81.4","3213.75","One year","Fiber optic","Credit card (automatic)","No","No","No","No"
"5572-ZDXHY","466453","MEDIUM","ENGAGE","22","84.3","1855.65","Month-to-month","Fiber optic","Mailed check","No","No","Yes","Yes"
"4248-QPAVC","489714","MEDIUM","ENGAGE","17","85.35","1463.45","Month-to-month","Fiber optic","Bank transfer (automatic)","No","Yes","Yes","Yes"
"1941-HOSAM","735318","HIGH","URGENT","1","90.1","90.1","Month-to-month","Fiber optic","Electronic check","No","No","Yes","No"
"3606-SBKRY","254351","LOW","MONITOR","31","50.05","1523.4","One year","DSL","Electronic check","No","No","Yes","No"
"4273-MBHYA","748317","HIGH","URGENT","1","89.35","89.35","Month-to-month","Fiber optic","Electronic check","No","No","Yes","No"
"8495-PRWFH","191952","LOW","MONITOR","42","55.65","2421.75","Month-to-month","DSL","Electronic check","No","No","No","No"
"9537-JALFH","1777","LOW","MONITOR","69","19.9","1356.7","Two year","No","Bank transfer (automatic)","No internet service","No internet service","No","No"
"4955-VCWBI","12336","LOW","MONITOR","43","20.0","817.95","One year","No","Mailed check","No internet service","No internet service","No","No"
"9127-QRZMH","29139","LOW","MONITOR","44","59.85","2603.95","One year","DSL","Bank transfer (automatic)","Yes","Yes","Yes","No"
"6173-GOLSU","324399","MEDIUM","ENGAGE","67","94.65","6079.0","Month-to-month","Fiber optic","Credit card (automatic)","No","No","Yes","No"
"3275-RHRNE","132302","LOW","MONITOR","28","60.0","1682.05","One year","DSL","Credit card (automatic)","Yes","No","Yes","No"
"1685-BQULA","388712","MEDIUM","ENGAGE","40","93.4","3756.4","Month-to-month","Fiber optic","Bank transfer (automatic)","No","No","Yes","No"
"5201-CBWYG","6833","LOW","MONITOR","62","24.8","1476.25","One year","No","Bank transfer (automatic)","No internet service","No internet service","No","No"
"0248-IPDFW","604734","HIGH","URGENT","1","50.1","50.1","Month-to-month","DSL","Electronic check","No","No","Yes","No"
"7730-CLDSV","41664","LOW","MONITOR","72","98.65","7129.45","Two year","Fiber optic","Bank transfer (automatic)","Yes","No","Yes","No"
"8819-ZBYNA","77544","LOW","MONITOR","58","109.1","6393.65","Two year","Fiber optic","Credit card (automatic)","Yes","Yes","Yes","No"
"3370-GQEAL","464600","MEDIUM","ENGAGE","30","85.45","2509.95","Month-to-month","Fiber optic","Electronic check","No","No","No","No"
"9747-DDZOS","542739","MEDIUM","ENGAGE","1","73.5","73.5","Month-to-month","Fiber optic","Bank transfer (automatic)","No","No","No","Yes"
"1527-SXDPN","78308","LOW","MONITOR","52","96.25","4990.25","Two year","Fiber optic","Bank transfer (automatic)","Yes","No","Yes","Yes"
"7542-CYDDM","93539","LOW","MONITOR","18","20.05","358.5","Month-to-month","No","Mailed check","No internet service","No internet service","No","No"
"4632-PAOYU","32977","LOW","MONITOR","22","19.95","433.5","One year","No","Mailed check","No internet service","No internet service","No","No"
"5451-YHYPW","66152","LOW","MONITOR","72","115.75","8443.7","Two year","Fiber optic","Credit card (automatic)","Yes","Yes","Yes","No"
"8718-PTMEZ","481728","MEDIUM","ENGAGE","13","31.05","347.25","Month-to-month","DSL","Electronic check","No","No","Yes","Yes"
"9058-CBREO","475566","MEDIUM","ENGAGE","1","50.55","50.55","Month-to-month","DSL","Mailed check","No","No","No","Yes"
"1867-BDVFH","639444","HIGH","URGENT","11","74.35","834.2","Month-to-month","Fiber optic","Electronic check","No","No","Yes","Yes"
"6139-ZZRBQ","4324","LOW","MONITOR","64","20.05","1198.05","Two year","No","Bank transfer (automatic)","No internet service","No internet service","Yes","No"
"4641-FROLU","12235","LOW","MONITOR","30","19.3","602.9","Two year","No","Mailed check","No internet service","No internet service","No","No"
"9972-NKTFD","115514","LOW","MONITOR","28","54.65","1517.5","Month-to-month","DSL","Bank transfer (automatic)","Yes","No","No","No"
"2869-ADAWR","370972","MEDIUM","ENGAGE","45","89.3","4016.85","Month-to-month","Fiber optic","Credit card (automatic)","No","No","Yes","Yes"
"1360-JYXKQ","236718","LOW","MONITOR","54","99.1","5437.1","One year","Fiber optic","Electronic check","Yes","No","Yes","No"
"0447-RXSGD","584605","MEDIUM","ENGAGE","24","99.65","2404.85","Month-to-month","Fiber optic","Bank transfer (automatic)","No","No","Yes","No"
"5882-CMAZQ","381360","MEDIUM","ENGAGE","5","34.25","163.55","Month-to-month","DSL","Electronic check","Yes","No","No","No"
"0103-CSITQ","179766","LOW","MONITOR","57","109.4","6252.7","One year","Fiber optic","Bank transfer (automatic)","Yes","No","Yes","No"
"5276-KQWHG","738171","HIGH","URGENT","2","69.6","131.65","Month-to-month","Fiber optic","Electronic check","No","No","Yes","Yes"
"9067-YGSCA","6497","LOW","MONITOR","70","26.05","1856.4","One year","No","Credit card (automatic)","No internet service","No internet service","No","No"
"1740-CSDJP","616744","HIGH","URGENT","1","35.25","35.25","Month-to-month","DSL","Bank transfer (automatic)","No","No","Yes","Yes"
"3563-SVYLG","3640","LOW","MONITOR","68","62.65","4375.8","Two year","DSL","Credit card (automatic)","Yes","Yes","No","No"
"5655-JSMZM","565316","MEDIUM","ENGAGE","49","96.2","4718.25","Month-to-month","Fiber optic","Electronic check","No","No","Yes","Yes"
"9397-TZSHA","3353","LOW","MONITOR","69","24.6","1678.05","Two year","No","Credit card (automatic)","No internet service","No internet service","No","No"
"2482-CZGBB","634955","HIGH","URGENT","10","70.0","740.0","Month-to-month","Fiber optic","Electronic check","No","No","Yes","Yes"
"8535-SFUTN","343875","MEDIUM","ENGAGE","61","106.45","6300.15","Month-to-month","Fiber optic","Electronic check","No","Yes","Yes","No"
"4860-YZGZM","185982","LOW","MONITOR","10","20.0","185.4","Month-to-month","No","Electronic check","No internet service","No internet service","No","No"
"3675-EQOZA","172636","LOW","MONITOR","5","20.65","93.55","Month-to-month","No","Bank transfer (automatic)","No internet service","No internet service","No","No"
"8085-MSNLK","46226","LOW","MONITOR","62","113.95","6891.4","Two year","Fiber optic","Mailed check","Yes","Yes","No","No"
"7649-PHJVR","68376","LOW","MONITOR","11","19.5","226.8","One year","No","Mailed check","No internet service","No internet service","No","No"
"9661-JALZV","7784","LOW","MONITOR","58","24.7","1519.0","Two year","No","Credit card (automatic)","No internet service","No internet service","Yes","No"
"9548-LIGTA","14502","LOW","MONITOR","61","81.05","4747.65","Two year","DSL","Mailed check","Yes","Yes","Yes","No"
"1830-IPXVJ","2898","LOW","MONITOR","61","19.75","1311.6","Two year","No","Credit card (automatic)","No internet service","No internet service","No","No"
"0520-FDVVT","270055","LOW","MONITOR","35","102.35","3626.1","One year","Fiber optic","Bank transfer (automatic)","No","No","Yes","Yes"
"3823-KYNQY","90226","LOW","MONITOR","12","24.95","280.4","One year","No","Credit card (automatic)","No internet service","No internet service","No","No"
"5047-LHVLY","389759","MEDIUM","ENGAGE","1","50.15","50.15","Month-to-month","DSL","Mailed check","No","No","Yes","Yes"
"5565-FILXA","782817","HIGH","URGENT","16","96.15","1529.2","Month-to-month","Fiber optic","Electronic check","No","No","Yes","Yes"
"7244-QWYHG","43174","LOW","MONITOR","50","44.45","2188.45","One year","DSL","Bank transfer (automatic)","Yes","Yes","Yes","No"
"9351-LZYGF","88615","LOW","MONITOR","42","66.4","2727.8","Month-to-month","DSL","Credit card (automatic)","Yes","Yes","Yes","No"
"5006-MXVRN","10454","LOW","MONITOR","39","20.7","762.45","Two year","No","Credit card (automatic)","No internet service","No internet service","No","No"
"9112-WSNPU","389543","MEDIUM","ENGAGE","35","70.55","2419.0","Month-to-month","Fiber optic","Electronic check","No","No","No","No"
"0689-NKYLF","624931","HIGH","URGENT","13","83.2","1060.6","Month-to-month","Fiber optic","Electronic check","No","No","Yes","Yes"
"2862-JVEOY","85806","LOW","MONITOR","6","19.15","124.4","One year","No","Mailed check","No internet service","No internet service","No","No"
"4817-QRJSX","598452","MEDIUM","ENGAGE","10","81.0","818.05","Month-to-month","Fiber optic","Credit card (automatic)","No","No","Yes","Yes"
"8874-EJNSR","10388","LOW","MONITOR","39","25.2","987.95","Two year","No","Mailed check","No internet service","No internet service","No","No"
"0257-ZESQC","347830","MEDIUM","ENGAGE","27","75.2","1929.35","Month-to-month","Fiber optic","Bank transfer (automatic)","No","Yes","Yes","Yes"
"7641-TQFHN","110564","LOW","MONITOR","39","100.55","3895.35","Two year","Fiber optic","Mailed check","Yes","No","No","No"
"6994-KERXL","548573","MEDIUM","ENGAGE","4","55.9","238.5","Month-to-month","DSL","Electronic check","No","No","Yes","No"
"8976-OQHGT","211598","LOW","MONITOR","4","56.5","235.1","Month-to-month","DSL","Mailed check","Yes","No","No","Yes"
"8646-JCOMS","83043","LOW","MONITOR","66","90.55","6130.95","One year","Fiber optic","Bank transfer (automatic)","Yes","No","Yes","No"
"4110-PFEUZ","558559","MEDIUM","ENGAGE","1","69.55","69.55","Month-to-month","Fiber optic","Mailed check","No","No","No","Yes"
"2926-JEJJC","111237","LOW","MONITOR","8","20.2","140.95","One year","No","Bank transfer (automatic)","No internet service","No internet service","Yes","No"
"6244-BESBM","49857","LOW","MONITOR","69","95.2","6671.7","Two year","Fiber optic","Credit card (automatic)","Yes","No","Yes","No"
"2856-HYAPG","652416","HIGH","URGENT","1","68.65","68.65","Month-to-month","Fiber optic","Electronic check","No","No","No","Yes"
"0602-DDUML","12658","LOW","MONITOR","57","69.75","3894.4","Two year","DSL","Mailed check","Yes","No","No","No"
"0428-AXXLJ","48826","LOW","MONITOR","25","19.5","516.3","One year","No","Bank transfer (automatic)","No internet service","No internet service","Yes","No"
"4646-QZXTF","245862","LOW","MONITOR","7","81.25","580.1","Month-to-month","DSL","Bank transfer (automatic)","Yes","Yes","No","No"
"6979-TNDEU","150660","LOW","MONITOR","8","19.2","156.85","Month-to-month","No","Mailed check","No internet service","No internet service","No","No"
"0550-DCXLH","246947","LOW","MONITOR","13","73.35","931.55","Month-to-month","DSL","Mailed check","Yes","No","No","No"
"6267-DCFFZ","598893","MEDIUM","ENGAGE","30","90.05","2627.2","Month-to-month","Fiber optic","Electronic check","No","No","Yes","No"
"5605-XNWEN","4192","LOW","MONITOR","72","25.0","1802.55","Two year","No","Bank transfer (automatic)","No internet service","No internet service","Yes","No"
"1796-JANOW","193791","LOW","MONITOR","2","19.95","38.15","Month-to-month","No","Mailed check","No internet service","No internet service","No","No"
"9681-OXGVC","793248","HIGH","URGENT","5","100.5","514.0","Month-to-month","Fiber optic","Electronic check","No","No","Yes","Yes"
"8486-AYEQH","530276","MEDIUM","ENGAGE","31","76.05","2227.8","Month-to-month","Fiber optic","Electronic check","No","No","Yes","No"
"6034-ZRYCV","29204","LOW","MONITOR","72","54.2","3937.45","Two year","DSL","Electronic check","No","No","Yes","Yes"
"4553-DVPZG","423120","MEDIUM","ENGAGE","62","101.35","6164.7","Month-to-month","Fiber optic","Electronic check","No","No","Yes","No"
"5092-STPKP","113178","LOW","MONITOR","24","56.35","1381.2","Month-to-month","DSL","Credit card (automatic)","Yes","Yes","No","No"
"0876-WDUUZ","592905","MEDIUM","ENGAGE","5","85.4","425.9","Month-to-month","Fiber optic","Credit card (automatic)","Yes","No","Yes","Yes"
"0266-CLZKZ","67548","LOW","MONITOR","67","105.65","6717.9","Two year","Fiber optic","Bank transfer (automatic)","Yes","No","Yes","No"
"7729-JTEEC","459189","MEDIUM","ENGAGE","2","44.5","90.05","Month-to-month","DSL","Electronic check","No","No","Yes","No"
"5650-VDUDS","528458","MEDIUM","ENGAGE","4","24.25","96.05","Month-to-month","DSL","Mailed check","No","No","Yes","Yes"
"0970-QXPXW","201436","LOW","MONITOR","1","19.65","19.65","Month-to-month","No","Mailed check","No internet service","No internet service","No","No"
"4992-LTJNE","6139","LOW","MONITOR","72","55.3","3983.6","Two year","DSL","Bank transfer (automatic)","No","Yes","No","No"
"1335-MXCSE","12622","LOW","MONITOR","55","55.25","3119.9","Two year","DSL","Credit card (automatic)","Yes","No","Yes","No"
"3174-RKMOW","457339","MEDIUM","ENGAGE","35","109.95","3782.4","Month-to-month","Fiber optic","Electronic check","Yes","No","Yes","No"
"6630-UJZMY","798165","HIGH","URGENT","4","83.25","308.05","Month-to-month","Fiber optic","Electronic check","No","No","Yes","No"
"1396-QWFBJ","371990","MEDIUM","ENGAGE","21","74.05","1565.7","Month-to-month","Fiber optic","Bank transfer (automatic)","No","No","Yes","Yes"
"3161-ONRWK","12909","LOW","MONITOR","60","65.85","3928.3","One year","DSL","Bank transfer (automatic)","Yes","Yes","Yes","No"
"7181-OQCUT","443061","MEDIUM","ENGAGE","21","103.85","2215.0","Month-to-month","Fiber optic","Mailed check","No","Yes","No","No"
"3312-ZWLGF","515819","MEDIUM","ENGAGE","29","79.3","2414.55","Month-to-month","Fiber optic","Electronic check","Yes","No","Yes","No"
"9092-GDZKO","137557","LOW","MONITOR","22","24.85","493.4","Month-to-month","No","Credit card (automatic)","No internet service","No internet service","Yes","No"
"7674-YTAFD","162365","LOW","MONITOR","33","79.95","2684.85","One year","Fiber optic","Bank transfer (automatic)","Yes","No","Yes","No"
"6463-MVYRY","12784","LOW","MONITOR","57","69.85","4003.0","Two year","DSL","Bank transfer (automatic)","Yes","Yes","No","No"
"4367-NUYAO","64936","LOW","MONITOR","0","25.75","0.0","Two year","No","Mailed check","No internet service","No internet service","No","No"
"5365-LLFYV","429777","MEDIUM","ENGAGE","2","45.85","105.6","Month-to-month","DSL","Mailed check","No","No","Yes","No"
"5666-MBJPT","5280","LOW","MONITOR","65","25.1","1725.0","Two year","No","Bank transfer (automatic)","No internet service","No internet service","Yes","No"
"8374-XGEJJ","577142","MEDIUM","ENGAGE","43","101.0","4388.4","Month-to-month","Fiber optic","Electronic check","No","No","Yes","Yes"
"8237-ULIXL","2931","LOW","MONITOR","72","24.85","1871.85","Two year","No","Credit card (automatic)","No internet service","No internet service","No","No"
"1767-CJKBA","3549","LOW","MONITOR","66","25.1","1697.7","Two year","No","Mailed check","No internet service","No internet service","No","No"
"7311-MQJCH","134189","LOW","MONITOR","5","19.55","99.6","One year","No","Electronic check","No internet service","No internet service","No","No"
"8028-PNXHQ","4600","LOW","MONITOR","62","24.25","1424.6","Two year","No","Bank transfer (automatic)","No internet service","No internet service","Yes","No"
"1707-HABPF","187066","LOW","MONITOR","46","91.3","4126.35","One year","Fiber optic","Bank transfer (automatic)","No","No","Yes","No"
"0430-IHCDJ","445903","MEDIUM","ENGAGE","15","49.0","749.25","Month-to-month","DSL","Electronic check","No","No","Yes","No"
"9474-PHLYD","423313","MEDIUM","ENGAGE","15","59.45","892.65","Month-to-month","DSL","Electronic check","No","No","Yes","Yes"
"6469-MRVET","161513","LOW","MONITOR","1","20.2","20.2","One year","No","Electronic check","No internet service","No internet service","Yes","No"
"1794-HBQTJ","356286","MEDIUM","ENGAGE","1","48.6","48.6","Month-to-month","DSL","Credit card (automatic)","No","Yes","Yes","Yes"
"5180-UCIIQ","221470","LOW","MONITOR","22","40.05","880.2","Month-to-month","DSL","Mailed check","No","Yes","No","Yes"
"2079-FBMZK","582487","MEDIUM","ENGAGE","6","69.25","418.4","Month-to-month","Fiber optic","Mailed check","No","No","Yes","Yes"
"3329-WDIOK","687158","HIGH","URGENT","3","50.6","155.35","Month-to-month","DSL","Electronic check","No","No","Yes","Yes"
"3334-CTHOL","519544","MEDIUM","ENGAGE","1","49.95","49.95","Month-to-month","DSL","Bank transfer (automatic)","No","No","Yes","Yes"
"0365-TRTPY","229128","LOW","MONITOR","37","91.2","3382.3","Month-to-month","Fiber optic","Bank transfer (automatic)","No","Yes","No","No"
"0327-WFZSY","291796","LOW","MONITOR","39","100.0","3835.55","One year","Fiber optic","Electronic check","No","No","No","No"
"0960-HUWBM","70462","LOW","MONITOR","65","104.1","6700.05","Two year","Fiber optic","Bank transfer (automatic)","Yes","No","Yes","No"
"5919-VCZYM","186384","LOW","MONITOR","2","20.05","42.7","Month-to-month","No","Mailed check","No internet service","No internet service","No","No"
"8992-VONJD","253772","LOW","MONITOR","13","56.0","764.55","Month-to-month","DSL","Electronic check","No","Yes","Yes","No"
"7398-HPYZQ","12119","LOW","MONITOR","71","90.55","6404.0","Two year","DSL","Bank transfer (automatic)","Yes","Yes","No","No"
"6873-UDNLD","128856","LOW","MONITOR","40","67.45","2731.0","Month-to-month","DSL","Electronic check","No","Yes","No","No"
"7272-QDCKA","395628","MEDIUM","ENGAGE","28","100.2","2688.45","One year","Fiber optic","Electronic check","No","No","No","No"
"9965-YOKZB","776419","HIGH","URGENT","9","83.85","790.15","Month-to-month","Fiber optic","Electronic check","No","No","Yes","Yes"
"4285-GYRQC","681786","HIGH","URGENT","7","86.25","587.1","Month-to-month","Fiber optic","Electronic check","No","No","Yes","Yes"
"9878-TNQGW","740936","HIGH","URGENT","2","80.95","171.15","Month-to-month","Fiber optic","Electronic check","No","No","Yes","Yes"
"3566-HJGPK","426640","MEDIUM","ENGAGE","1","45.55","45.55","Month-to-month","DSL","Mailed check","No","No","Yes","No"
"2685-SREOM","585937","MEDIUM","ENGAGE","25","89.1","2368.4","Month-to-month","Fiber optic","Electronic check","No","No","Yes","Yes"
"7688-AWMDX","4242","LOW","MONITOR","71","54.5","3778.2","Two year","DSL","Bank transfer (automatic)","Yes","Yes","No","No"
"5093-FEGLU","6754","LOW","MONITOR","47","19.65","921.55","Two year","No","Bank transfer (automatic)","No internet service","No internet service","No","No"
"3916-NRPAP","571595","MEDIUM","ENGAGE","3","85.7","256.75","Month-to-month","Fiber optic","Credit card (automatic)","No","No","No","No"
"5148-HKFIR","24810","LOW","MONITOR","20","19.7","406.95","Two year","No","Mailed check","No internet service","No internet service","No","No"
"0781-LKXBR","792252","HIGH","URGENT","9","100.5","918.6","Month-to-month","Fiber optic","Electronic check","No","No","Yes","Yes"
"2863-IMQDR","23473","LOW","MONITOR","61","89.65","5308.7","Two year","DSL","Electronic check","Yes","Yes","No","No"
"0078-XZMHT","21909","LOW","MONITOR","72","85.15","6316.2","Two year","DSL","Bank transfer (automatic)","Yes","No","Yes","No"
"9500-LTVBP","299454","LOW","MONITOR","35","80.05","2835.9","Month-to-month","Fiber optic","Credit card (automatic)","Yes","No","No","No"
"0221-WMXNQ","558662","MEDIUM","ENGAGE","4","75.35","273.4","Month-to-month","Fiber optic","Electronic check","No","Yes","No","No"
"4547-FZJWE","22513","LOW","MONITOR","55","59.45","3157.0","One year","DSL","Credit card (automatic)","No","Yes","No","No"
"6131-IUNXN","76746","LOW","MONITOR","19","20.2","382.2","Month-to-month","No","Mailed check","No internet service","No internet service","No","No"
"7228-PAQPD","145613","LOW","MONITOR","14","59.1","772.85","One year","DSL","Credit card (automatic)","Yes","No","No","No"
"2810-FTLEM","292273","LOW","MONITOR","16","50.15","762.25","Month-to-month","DSL","Electronic check","No","Yes","Yes","Yes"
"8457-XIGKN","115498","LOW","MONITOR","20","19.6","356.15","Month-to-month","No","Credit card (automatic)","No internet service","No internet service","Yes","No"
"0206-TBWLC","134654","LOW","MONITOR","54","114.65","6049.5","One year","Fiber optic","Mailed check","Yes","Yes","Yes","No"
"5204-HMGYF","37233","LOW","MONITOR","49","87.2","4345.0","One year","DSL","Mailed check","Yes","Yes","Yes","No"
"8818-DOPVL","555397","MEDIUM","ENGAGE","46","104.45","4863.85","Month-to-month","Fiber optic","Electronic check","No","No","Yes","No"
"7722-CVFXN","214539","LOW","MONITOR","54","105.2","5637.85","One year","Fiber optic","Electronic check","Yes","No","Yes","No"
"1064-FBXNK","94038","LOW","MONITOR","1","19.85","19.85","One year","No","Credit card (automatic)","No internet service","No internet service","No","No"
"1100-DDVRV","429983","MEDIUM","ENGAGE","17","49.8","836.35","Month-to-month","DSL","Mailed check","No","No","Yes","No"
"8610-ZIKJJ","88578","LOW","MONITOR","2","20.3","31.9","One year","No","Mailed check","No internet service","No internet service","No","No"
"1265-BCFEO","24236","LOW","MONITOR","71","80.45","5662.25","Two year","DSL","Bank transfer (automatic)","Yes","No","Yes","No"
"9933-QRGTX","70766","LOW","MONITOR","60","97.2","5611.75","Two year","Fiber optic","Electronic check","Yes","Yes","Yes","No"
"3746-EUBYR","684140","HIGH","URGENT","1","74.6","74.6","Month-to-month","Fiber optic","Bank transfer (automatic)","No","No","Yes","Yes"
"9419-IPPBE","234237","LOW","MONITOR","51","90.15","4554.85","One year","Fiber optic","Electronic check","No","No","Yes","No"
"5747-PMBSQ","477629","MEDIUM","ENGAGE","10","92.5","934.1","Month-to-month","Fiber optic","Mailed check","Yes","No","Yes","Yes"
"6603-YRDCJ","22636","LOW","MONITOR","33","61.05","2018.4","Two year","DSL","Mailed check","Yes","Yes","Yes","No"
"3841-NFECX","32376","LOW","MONITOR","71","96.35","6766.95","Two year","Fiber optic","Credit card (automatic)","Yes","Yes","Yes","No"
"9610-WCESF","12457","LOW","MONITOR","67","43.9","3097.2","Two year","DSL","Electronic check","Yes","Yes","No","No"
"6689-TCZHQ","700988","HIGH","URGENT","5","78.95","378.4","Month-to-month","Fiber optic","Electronic check","No","No","No","Yes"
"3737-XBQDD","443404","MEDIUM","ENGAGE","24","84.85","2048.8","Month-to-month","Fiber optic","Bank transfer (automatic)","No","No","Yes","No"
"2038-YSEZE","101535","LOW","MONITOR","29","67.45","1801.1","Month-to-month","DSL","Mailed check","Yes","Yes","No","No"
"8382-SHQEH","763232","HIGH","URGENT","8","84.9","764.95","Month-to-month","Fiber optic","Electronic check","No","No","Yes","Yes"
"2834-SPCJV","205688","LOW","MONITOR","52","84.1","4348.65","Month-to-month","Fiber optic","Electronic check","No","Yes","No","Yes"
"8049-WJCLQ","248265","LOW","MONITOR","10","60.2","563.5","Month-to-month","DSL","Mailed check","No","No","No","No"
"3900-AQPHZ","201709","LOW","MONITOR","1","19.9","19.9","Month-to-month","No","Mailed check","No internet service","No internet service","No","Yes"
"9992-RRAMN","655982","HIGH","URGENT","22","85.1","1873.7","Month-to-month","Fiber optic","Electronic check","No","No","Yes","Yes"
"5939-SXWHM","7229","LOW","MONITOR","48","26.3","1245.05","Two year","No","Bank transfer (automatic)","No internet service","No internet service","No","No"
"1240-KNSEZ","241957","LOW","MONITOR","1","20.1","20.1","Month-to-month","No","Mailed check","No internet service","No internet service","Yes","Yes"
"7399-QHBJS","5123","LOW","MONITOR","72","66.75","4760.3","Two year","DSL","Credit card (automatic)","Yes","Yes","No","No"
"1936-UAFEH","45506","LOW","MONITOR","68","110.25","7279.35","Two year","Fiber optic","Credit card (automatic)","Yes","Yes","No","No"
"7570-WELNY","35913","LOW","MONITOR","68","84.7","5711.05","Two year","Fiber optic","Bank transfer (automatic)","No","Yes","Yes","No"
"2842-JTCCU","362163","MEDIUM","ENGAGE","2","46.05","80.35","Month-to-month","DSL","Bank transfer (automatic)","No","No","No","Yes"
"4697-LUPSU","84634","LOW","MONITOR","2","20.2","34.75","One year","No","Mailed check","No internet service","No internet service","No","No"
"9251-WNSOD","22919","LOW","MONITOR","67","75.1","5064.45","One year","DSL","Mailed check","No","Yes","No","No"
"5569-IDSEY","152357","LOW","MONITOR","71","105.7","7472.15","One year","Fiber optic","Bank transfer (automatic)","No","No","Yes","No"
"2874-YXVVA","460592","MEDIUM","ENGAGE","34","105.1","3634.8","Month-to-month","Fiber optic","Electronic check","Yes","No","Yes","No"
"7831-QGOXH","692961","HIGH","URGENT","18","85.2","1553.9","Month-to-month","Fiber optic","Electronic check","No","No","Yes","Yes"
"5384-ZTTWP","91231","LOW","MONITOR","15","19.8","272.95","Month-to-month","No","Mailed check","No internet service","No internet service","No","No"
"5630-AHZIL","277318","LOW","MONITOR","3","64.5","177.4","Month-to-month","DSL","Bank transfer (automatic)","Yes","Yes","Yes","No"
"0691-IFBQW","297411","LOW","MONITOR","46","110.0","4874.8","One year","Fiber optic","Electronic check","No","Yes","Yes","Yes"
"1025-FALIX","417841","MEDIUM","ENGAGE","26","69.05","1815.65","Month-to-month","Fiber optic","Credit card (automatic)","No","No","Yes","No"
"3755-JBMNH","533992","MEDIUM","ENGAGE","16","71.8","1167.8","Month-to-month","Fiber optic","Bank transfer (automatic)","No","No","Yes","Yes"
"9506-UXUSK","608316","HIGH","URGENT","13","70.15","931.75","Month-to-month","Fiber optic","Electronic check","No","No","Yes","No"
"9674-EHPPG","15210","LOW","MONITOR","46","40.4","1842.7","Two year","DSL","Credit card (automatic)","Yes","Yes","No","No"
"2057-ZBLPD","677507","HIGH","URGENT","21","86.5","1808.7","Month-to-month","Fiber optic","Electronic check","No","No","Yes","Yes"
"1095-JUDTC","424711","MEDIUM","ENGAGE","47","95.05","4504.55","Month-to-month","Fiber optic","Electronic check","Yes","No","Yes","Yes"
"4378-MYPGO","40519","LOW","MONITOR","68","105.25","7173.15","Two year","Fiber optic","Bank transfer (automatic)","No","Yes","Yes","No"
"6994-ORCWG","203812","LOW","MONITOR","14","54.25","773.2","One year","DSL","Mailed check","No","No","Yes","No"
"0100-DUVFC","230097","LOW","MONITOR","70","104.8","7308.95","One year","Fiber optic","Electronic check","No","No","Yes","No"
"2831-EBWRN","495726","MEDIUM","ENGAGE","4","45.9","199.75","Month-to-month","DSL","Electronic check","No","No","Yes","No"
"6746-WAUWT","65392","LOW","MONITOR","19","19.7","386.5","One year","No","Credit card (automatic)","No internet service","No internet service","Yes","No"
"5022-JNQEQ","532707","MEDIUM","ENGAGE","9","75.85","647.5","Month-to-month","Fiber optic","Electronic check","Yes","No","Yes","No"
"9779-DPNEJ","551357","MEDIUM","ENGAGE","22","80.15","1790.65","Month-to-month","Fiber optic","Electronic check","No","No","Yes","No"
"3280-MRDOF","79129","LOW","MONITOR","30","69.1","2093.9","Two year","DSL","Credit card (automatic)","Yes","No","Yes","No"
"5913-INRQV","130245","LOW","MONITOR","34","90.15","3128.8","One year","Fiber optic","Mailed check","Yes","Yes","No","No"
"1098-KFQEC","3784","LOW","MONITOR","55","19.4","1083.0","Two year","No","Credit card (automatic)","No internet service","No internet service","No","No"
"1136-XGEQU","66870","LOW","MONITOR","50","84.15","4164.4","One year","DSL","Credit card (automatic)","Yes","No","Yes","No"
"7850-VWJUU","358168","MEDIUM","ENGAGE","23","75.0","1778.5","Month-to-month","Fiber optic","Bank transfer (automatic)","No","Yes","Yes","No"
"8544-JNBOX","2472","LOW","MONITOR","72","20.8","1521.2","Two year","No","Mailed check","No internet service","No internet service","Yes","No"
"0504-HHAPI","504344","MEDIUM","ENGAGE","27","88.3","2467.75","Month-to-month","Fiber optic","Credit card (automatic)","No","No","No","Yes"
"3878-AVSOQ","747676","HIGH","URGENT","1","71.25","71.25","Month-to-month","Fiber optic","Electronic check","No","No","Yes","No"
"2379-ENZGV","669613","HIGH","URGENT","6","84.85","523.5","Month-to-month","Fiber optic","Electronic check","No","No","Yes","Yes"
"0980-FEXWF","66275","LOW","MONITOR","26","50.35","1285.8","One year","DSL","Mailed check","No","No","No","No"
"7564-GHCVB","21522","LOW","MONITOR","72","79.05","5730.7","Two year","Fiber optic","Bank transfer (automatic)","No","Yes","No","No"
"6537-OTKMY","333153","MEDIUM","ENGAGE","15","50.75","688.2","One year","DSL","Electronic check","No","No","No","No"
"1960-UYCNN","694444","HIGH","URGENT","10","95.25","1021.55","Month-to-month","Fiber optic","Electronic check","No","No","Yes","No"
"9518-XXBXE","500196","MEDIUM","ENGAGE","10","75.3","720.45","Month-to-month","Fiber optic","Electronic check","No","Yes","No","No"
"1757-TCATG","18777","LOW","MONITOR","35","20.05","746.75","One year","No","Bank transfer (automatic)","No internet service","No internet service","No","No"
"3518-FSTWG","71323","LOW","MONITOR","72","109.55","7920.7","Two year","Fiber optic","Bank transfer (automatic)","No","Yes","Yes","No"
"0810-BDHAW","144869","LOW","MONITOR","24","78.4","1832.4","One year","DSL","Electronic check","No","Yes","No","No"
"5103-MHMHY","327263","MEDIUM","ENGAGE","1","45.95","45.95","Month-to-month","DSL","Mailed check","No","No","No","Yes"
"5766-FTRTS","7478","LOW","MONITOR","72","84.45","6033.1","Two year","DSL","Mailed check","Yes","Yes","No","No"
"5688-KZTSN","159682","LOW","MONITOR","15","20.0","288.05","Month-to-month","No","Electronic check","No internet service","No internet service","Yes","Yes"
"1442-BQPVU","409712","MEDIUM","ENGAGE","13","29.15","357.15","Month-to-month","DSL","Electronic check","No","No","No","No"
"1447-PJGGA","138524","LOW","MONITOR","57","95.25","5464.65","Two year","Fiber optic","Electronic check","No","No","Yes","Yes"
"4581-SSPWD","756784","HIGH","URGENT","3","75.8","246.3","Month-to-month","Fiber optic","Electronic check","No","No","Yes","Yes"
"9764-REAFF","3598","LOW","MONITOR","59","18.4","1057.85","Two year","No","Bank transfer (automatic)","No internet service","No internet service","No","No"
"3838-OZURD","302520","MEDIUM","ENGAGE","66","105.0","7133.25","Month-to-month","Fiber optic","Credit card (automatic)","No","No","Yes","Yes"
"8207-DMRVL","32656","LOW","MONITOR","72","114.55","8306.05","Two year","Fiber optic","Bank transfer (automatic)","Yes","Yes","No","No"
"3948-KXDUF","6709","LOW","MONITOR","66","68.75","4447.55","Two year","DSL","Bank transfer (automatic)","Yes","Yes","No","No"
"5345-BMKWB","142441","LOW","MONITOR","8","20.25","158.35","Month-to-month","No","Mailed check","No internet service","No internet service","No","No"
"0289-IVARM","102564","LOW","MONITOR","35","60.55","1982.6","Month-to-month","DSL","Electronic check","No","Yes","No","No"
"5692-ICXLW","594110","MEDIUM","ENGAGE","31","90.7","2845.15","Month-to-month","Fiber optic","Electronic check","No","No","Yes","No"
"0784-GTUUK","10946","LOW","MONITOR","62","23.75","1446.8","One year","No","Credit card (automatic)","No internet service","No internet service","Yes","No"
"1708-PBBOA","80421","LOW","MONITOR","42","54.75","2348.45","One year","DSL","Electronic check","Yes","Yes","Yes","No"
"6410-LEFEN","384115","MEDIUM","ENGAGE","9","45.15","416.45","Month-to-month","DSL","Electronic check","No","No","No","Yes"
"3258-SANFR","360331","MEDIUM","ENGAGE","6","44.7","276.5","Month-to-month","DSL","Credit card (automatic)","No","No","No","No"
"9970-QBCDA","174163","LOW","MONITOR","6","19.7","129.55","Month-to-month","No","Credit card (automatic)","No internet service","No internet service","No","No"
"6789-HJBWG","382653","MEDIUM","ENGAGE","12","49.4","611.65","Month-to-month","DSL","Electronic check","No","No","Yes","No"
"2058-DCJBE","671917","HIGH","URGENT","5","69.75","324.6","Month-to-month","Fiber optic","Electronic check","No","No","Yes","Yes"
"8197-BFWVU","14405","LOW","MONITOR","72","93.25","6688.95","Two year","DSL","Bank transfer (automatic)","Yes","Yes","Yes","No"
"2139-FQHLM","350669","MEDIUM","ENGAGE","19","89.95","1682.4","Month-to-month","Fiber optic","Mailed check","Yes","No","No","No"
"1047-NNCBF","399087","MEDIUM","ENGAGE","20","70.55","1493.55","Month-to-month","Fiber optic","Credit card (automatic)","No","No","No","No"
"4462-CYWMH","284814","LOW","MONITOR","62","89.8","5629.55","Month-to-month","Fiber optic","Bank transfer (automatic)","No","No","Yes","No"
"1866-NXPSP","50548","LOW","MONITOR","36","75.55","2680.15","One year","DSL","Mailed check","Yes","Yes","Yes","No"
"2650-GYRYL","26427","LOW","MONITOR","33","19.45","600.25","One year","No","Bank transfer (automatic)","No internet service","No internet service","Yes","No"
"3800-LYTRK","81473","LOW","MONITOR","14","55.7","795.15","One year","DSL","Mailed check","Yes","Yes","No","No"
"2208-MPXIO","8156","LOW","MONITOR","45","20.0","886.4","Two year","No","Bank transfer (automatic)","No internet service","No internet service","Yes","No"
"0619-OLYUR","58668","LOW","MONITOR","72","111.9","8071.05","Two year","Fiber optic","Credit card (automatic)","Yes","Yes","Yes","No"
"7781-EWARA","29668","LOW","MONITOR","70","60.35","4138.7","One year","DSL","Electronic check","Yes","No","No","No"
"4635-EJYPD","10450","LOW","MONITOR","32","18.95","613.95","Two year","No","Mailed check","No internet service","No internet service","No","No"
"5176-LDKUH","139118","LOW","MONITOR","48","75.15","3772.65","One year","Fiber optic","Electronic check","No","No","No","No"
"0644-OQMDK","716325","HIGH","URGENT","4","70.65","293.85","Month-to-month","Fiber optic","Electronic check","No","No","Yes","No"
"2002-MZHWP","202364","LOW","MONITOR","1","20.5","20.5","Month-to-month","No","Mailed check","No internet service","No internet service","No","Yes"
"2039-JONDJ","55492","LOW","MONITOR","27","55.45","1477.65","One year","DSL","Bank transfer (automatic)","No","Yes","No","No"
"7109-CQYUZ","27182","LOW","MONITOR","52","89.25","4652.4","Two year","DSL","Mailed check","Yes","Yes","Yes","No"
"3785-NRHYR","193516","LOW","MONITOR","1","19.65","19.65","Month-to-month","No","Mailed check","No internet service","No internet service","No","No"
"1625-JAIIY","146538","LOW","MONITOR","68","83.0","5685.8","One year","Fiber optic","Electronic check","No","No","Yes","Yes"
"0895-DQHEW","416140","MEDIUM","ENGAGE","54","104.3","5278.15","Month-to-month","Fiber optic","Electronic check","No","No","Yes","Yes"
"5429-LWCMV","705952","HIGH","URGENT","12","89.15","1057.55","Month-to-month","Fiber optic","Electronic check","No","No","Yes","No"
"3768-VHXQO","3399","LOW","MONITOR","67","24.85","1583.5","Two year","No","Credit card (automatic)","No internet service","No internet service","No","No"
"4824-GUCBY","387994","MEDIUM","ENGAGE","22","81.7","1820.9","Month-to-month","Fiber optic","Electronic check","No","Yes","No","No"
"8414-OOEEL","14738","LOW","MONITOR","66","79.5","5196.1","Two year","DSL","Credit card (automatic)","Yes","No","Yes","No"
"2961-VNFKL","4055","LOW","MONITOR","71","25.95","1801.9","Two year","No","Credit card (automatic)","No internet service","No internet service","Yes","No"
"8129-GMVGI","3371","LOW","MONITOR","56","20.05","1090.1","Two year","No","Mailed check","No internet service","No internet service","No","No"
"5726-CVNYA","46769","LOW","MONITOR","8","19.85","146.6","Two year","No","Mailed check","No internet service","No internet service","Yes","No"
"0872-CASZJ","33872","LOW","MONITOR","59","69.1","4096.9","One year","DSL","Mailed check","Yes","Yes","Yes","No"
"2612-RRIDN","720262","HIGH","URGENT","4","81.0","340.85","Month-to-month","Fiber optic","Electronic check","No","No","Yes","Yes"
"9589-ABEPT","47752","LOW","MONITOR","69","92.45","6460.55","Two year","Fiber optic","Mailed check","Yes","No","Yes","No"
"7055-HNEOJ","309841","MEDIUM","ENGAGE","3","55.8","154.55","Month-to-month","DSL","Mailed check","Yes","No","Yes","No"
"0939-EREMR","164938","LOW","MONITOR","13","53.45","718.1","Month-to-month","DSL","Mailed check","Yes","No","No","No"
"8580-AECUZ","765971","HIGH","URGENT","1","79.1","79.1","Month-to-month","Fiber optic","Electronic check","No","No","Yes","Yes"
"6899-PPEEA","662271","HIGH","URGENT","37","96.55","3580.3","Month-to-month","Fiber optic","Electronic check","No","No","Yes","Yes"
"3785-KTYSH","6458","LOW","MONITOR","53","24.6","1279.0","Two year","No","Mailed check","No internet service","No internet service","No","No"
"0902-RFHOF","18677","LOW","MONITOR","38","20.1","730.1","One year","No","Mailed check","No internet service","No internet service","No","No"
"9725-SCPZG","740745","HIGH","URGENT","1","90.85","90.85","Month-to-month","Fiber optic","Electronic check","No","No","Yes","Yes"
"3714-XPXBW","126364","LOW","MONITOR","37","78.9","2976.95","Month-to-month","DSL","Credit card (automatic)","Yes","Yes","Yes","No"
"1989-PRJHP","582473","MEDIUM","ENGAGE","27","75.5","1893.95","Month-to-month","Fiber optic","Electronic check","No","No","Yes","Yes"
"8329-GWVPJ","195181","LOW","MONITOR","50","69.75","3557.7","Month-to-month","Fiber optic","Bank transfer (automatic)","No","No","Yes","No"
"2408-WITXK","647329","HIGH","URGENT","10","34.7","329.8","Month-to-month","DSL","Electronic check","No","No","Yes","Yes"
"6942-LBFDP","242216","LOW","MONITOR","2","20.55","33.6","Month-to-month","No","Mailed check","No internet service","No internet service","Yes","No"
"0595-ITUDF","160961","LOW","MONITOR","64","91.8","5960.5","Month-to-month","Fiber optic","Electronic check","No","Yes","Yes","No"
"3717-LNXKW","295647","LOW","MONITOR","38","91.7","3479.05","Month-to-month","Fiber optic","Bank transfer (automatic)","No","Yes","No","No"
"9586-JGQKH","90868","LOW","MONITOR","64","105.4","6794.75","Two year","Fiber optic","Bank transfer (automatic)","Yes","No","Yes","No"
"9102-IAYHT","660488","HIGH","URGENT","17","85.45","1451.6","Month-to-month","Fiber optic","Electronic check","No","No","Yes","Yes"
"5294-IMHHT","121481","LOW","MONITOR","53","97.75","5043.2","One year","Fiber optic","Bank transfer (automatic)","Yes","No","No","No"
"8328-SKJNO","61834","LOW","MONITOR","23","40.65","947.4","One year","DSL","Bank transfer (automatic)","Yes","Yes","No","No"
"8512-WIWYV","27422","LOW","MONITOR","32","20.35","707.5","One year","No","Credit card (automatic)","No internet service","No internet service","No","No"
"5996-NRVXR","128614","LOW","MONITOR","40","98.15","4116.8","One year","Fiber optic","Credit card (automatic)","Yes","Yes","Yes","No"
"3923-CSIHK","322966","MEDIUM","ENGAGE","50","71.05","3444.85","Month-to-month","Fiber optic","Electronic check","No","No","Yes","Yes"
"9490-DFPMD","543275","MEDIUM","ENGAGE","42","84.65","3541.35","Month-to-month","Fiber optic","Electronic check","No","No","Yes","Yes"
"5133-VRSAB","308552","MEDIUM","ENGAGE","8","29.35","216.45","Month-to-month","DSL","Mailed check","No","Yes","No","No"
"4134-BSXLX","76956","LOW","MONITOR","28","60.9","1785.65","Month-to-month","DSL","Mailed check","Yes","Yes","No","No"
"5729-KLZAR","628151","HIGH","URGENT","4","80.85","302.75","Month-to-month","Fiber optic","Electronic check","No","No","No","Yes"
"4369-HTUIF","570310","MEDIUM","ENGAGE","6","85.15","503.6","Month-to-month","Fiber optic","Bank transfer (automatic)","No","Yes","Yes","Yes"
"1320-REHCS","454588","MEDIUM","ENGAGE","52","110.75","5832.0","Month-to-month","Fiber optic","Electronic check","Yes","No","Yes","No"
"1585-MQSSU","180071","LOW","MONITOR","17","51.5","900.5","Month-to-month","DSL","Mailed check","Yes","No","No","Yes"
"0268-QKIWO","254265","LOW","MONITOR","3","19.75","58.85","Month-to-month","No","Electronic check","No internet service","No internet service","No","Yes"
"0968-GSIKN","628570","HIGH","URGENT","1","70.8","70.8","Month-to-month","Fiber optic","Mailed check","No","No","Yes","Yes"
"7249-WBIYX","728598","HIGH","URGENT","10","85.6","813.85","Month-to-month","Fiber optic","Electronic check","No","No","Yes","Yes"
"3442-ZHHCC","29747","LOW","MONITOR","68","76.9","5023.0","One year","DSL","Credit card (automatic)","No","Yes","Yes","No"
"2876-GZYZC","739762","HIGH","URGENT","13","85.95","1215.65","Month-to-month","Fiber optic","Electronic check","No","No","Yes","No"
"5989-OMNJE","145656","LOW","MONITOR","24","57.6","1367.75","One year","DSL","Electronic check","No","Yes","No","No"
"5035-PGZXH","293572","LOW","MONITOR","56","106.8","5914.4","One year","Fiber optic","Electronic check","No","No","Yes","No"
"5651-WYIPH","285919","LOW","MONITOR","18","49.85","865.75","Month-to-month","DSL","Credit card (automatic)","No","No","Yes","No"
"1020-JPQOW","202761","LOW","MONITOR","56","90.55","5116.6","Month-to-month","Fiber optic","Electronic check","Yes","No","No","No"
"7233-PAHHL","16044","LOW","MONITOR","66","84.0","5714.25","Two year","DSL","Mailed check","Yes","Yes","Yes","No"
"5056-FIMPT","128504","LOW","MONITOR","43","106.0","4532.3","One year","Fiber optic","Credit card (automatic)","Yes","Yes","Yes","No"
"0147-ESWWR","585721","MEDIUM","ENGAGE","39","101.25","3949.15","Month-to-month","Fiber optic","Electronic check","Yes","No","Yes","No"
"6904-JLBGY","68120","LOW","MONITOR","72","117.35","8436.25","Two year","Fiber optic","Credit card (automatic)","Yes","Yes","Yes","No"
"8375-KVTHK","136096","LOW","MONITOR","68","100.3","6754.35","One year","Fiber optic","Electronic check","Yes","No","Yes","No"
"1035-IPQPU","422262","MEDIUM","ENGAGE","63","103.5","6479.4","Month-to-month","Fiber optic","Electronic check","No","No","Yes","No"
"5321-NTRKC","18978","LOW","MONITOR","66","79.85","5234.95","Two year","DSL","Bank transfer (automatic)","No","No","No","No"
"9026-RNUJS","424568","MEDIUM","ENGAGE","5","50.35","237.25","Month-to-month","DSL","Electronic check","No","No","No","Yes"
"3855-ONCAR","587169","MEDIUM","ENGAGE","4","78.9","299.75","Month-to-month","Fiber optic","Mailed check","No","No","Yes","No"
"5619-XZZKR","94020","LOW","MONITOR","4","19.95","68.2","One year","No","Mailed check","No internet service","No internet service","No","No"
"6212-ATMLK","525177","MEDIUM","ENGAGE","50","95.7","4729.75","Month-to-month","Fiber optic","Electronic check","No","No","Yes","No"
"0133-BMFZO","510655","MEDIUM","ENGAGE","2","86.25","181.65","Month-to-month","Fiber optic","Electronic check","Yes","Yes","Yes","Yes"
"1110-KYLGQ","200111","LOW","MONITOR","63","108.25","6780.1","Month-to-month","Fiber optic","Credit card (automatic)","No","Yes","No","No"
"2200-DSAAL","41956","LOW","MONITOR","68","80.65","5330.2","Two year","DSL","Electronic check","No","No","Yes","No"
"9961-JBNMK","589899","MEDIUM","ENGAGE","21","96.8","2030.3","Month-to-month","Fiber optic","Bank transfer (automatic)","No","No","Yes","Yes"
"2391-IPLOP","70930","LOW","MONITOR","50","69.65","3442.15","One year","DSL","Electronic check","Yes","No","Yes","No"
